sample	unit	lib	platform	fq1	fq2
L23.112	P36454_101.4	P36454P1	ILLUMINA	/cfs/klemming/projects/supr/snic2020-6-170/RawData/lcNGS_2025/files/P36454/P36454_101/02-FASTQ/20250916_LH00202_0275_B233JYLLT4/P36454_101_S111_L004_R1_001.fastq.gz	/cfs/klemming/projects/supr/snic2020-6-170/RawData/lcNGS_2025/files/P36454/P36454_101/02-FASTQ/20250916_LH00202_0275_B233JYLLT4/P36454_101_S111_L004_R2_001.fastq.gz
L23.112	P36454_101.2	P36454P1	ILLUMINA	/cfs/klemming/projects/supr/snic2020-6-170/RawData/lcNGS_2025/files/P36454/P36454_101/02-FASTQ/20250916_LH00202_0275_B233JYLLT4/P36454_101_S111_L002_R1_001.fastq.gz	/cfs/klemming/projects/supr/snic2020-6-170/RawData/lcNGS_2025/files/P36454/P36454_101/02-FASTQ/20250916_LH00202_0275_B233JYLLT4/P36454_101_S111_L002_R2_001.fastq.gz
L23.112	P36454_101.3	P36454P1	ILLUMINA	/cfs/klemming/projects/supr/snic2020-6-170/RawData/lcNGS_2025/files/P36454/P36454_101/02-FASTQ/20250916_LH00202_0275_B233JYLLT4/P36454_101_S111_L003_R1_001.fastq.gz	/cfs/klemming/projects/supr/snic2020-6-170/RawData/lcNGS_2025/files/P36454/P36454_101/02-FASTQ/20250916_LH00202_0275_B233JYLLT4/P36454_101_S111_L003_R2_001.fastq.gz
L23.115	P36454_102.3	P36454P1	ILLUMINA	/cfs/klemming/projects/supr/snic2020-6-170/RawData/lcNGS_2025/files/P36454/P36454_102/02-FASTQ/20250916_LH00202_0275_B233JYLLT4/P36454_102_S112_L003_R1_001.fastq.gz	/cfs/klemming/projects/supr/snic2020-6-170/RawData/lcNGS_2025/files/P36454/P36454_102/02-FASTQ/20250916_LH00202_0275_B233JYLLT4/P36454_102_S112_L003_R2_001.fastq.gz
L23.115	P36454_102.2	P36454P1	ILLUMINA	/cfs/klemming/projects/supr/snic2020-6-170/RawData/lcNGS_2025/files/P36454/P36454_102/02-FASTQ/20250916_LH00202_0275_B233JYLLT4/P36454_102_S112_L002_R1_001.fastq.gz	/cfs/klemming/projects/supr/snic2020-6-170/RawData/lcNGS_2025/files/P36454/P36454_102/02-FASTQ/20250916_LH00202_0275_B233JYLLT4/P36454_102_S112_L002_R2_001.fastq.gz
L23.115	P36454_102.4	P36454P1	ILLUMINA	/cfs/klemming/projects/supr/snic2020-6-170/RawData/lcNGS_2025/files/P36454/P36454_102/02-FASTQ/20250916_LH00202_0275_B233JYLLT4/P36454_102_S112_L004_R1_001.fastq.gz	/cfs/klemming/projects/supr/snic2020-6-170/RawData/lcNGS_2025/files/P36454/P36454_102/02-FASTQ/20250916_LH00202_0275_B233JYLLT4/P36454_102_S112_L004_R2_001.fastq.gz
L23.120	P36454_103.4	P36454P1	ILLUMINA	/cfs/klemming/projects/supr/snic2020-6-170/RawData/lcNGS_2025/files/P36454/P36454_103/02-FASTQ/20250916_LH00202_0275_B233JYLLT4/P36454_103_S113_L004_R1_001.fastq.gz	/cfs/klemming/projects/supr/snic2020-6-170/RawData/lcNGS_2025/files/P36454/P36454_103/02-FASTQ/20250916_LH00202_0275_B233JYLLT4/P36454_103_S113_L004_R2_001.fastq.gz
L23.120	P36454_103.2	P36454P1	ILLUMINA	/cfs/klemming/projects/supr/snic2020-6-170/RawData/lcNGS_2025/files/P36454/P36454_103/02-FASTQ/20250916_LH00202_0275_B233JYLLT4/P36454_103_S113_L002_R1_001.fastq.gz	/cfs/klemming/projects/supr/snic2020-6-170/RawData/lcNGS_2025/files/P36454/P36454_103/02-FASTQ/20250916_LH00202_0275_B233JYLLT4/P36454_103_S113_L002_R2_001.fastq.gz
L23.120	P36454_103.3	P36454P1	ILLUMINA	/cfs/klemming/projects/supr/snic2020-6-170/RawData/lcNGS_2025/files/P36454/P36454_103/02-FASTQ/20250916_LH00202_0275_B233JYLLT4/P36454_103_S113_L003_R1_001.fastq.gz	/cfs/klemming/projects/supr/snic2020-6-170/RawData/lcNGS_2025/files/P36454/P36454_103/02-FASTQ/20250916_LH00202_0275_B233JYLLT4/P36454_103_S113_L003_R2_001.fastq.gz
L23.129	P36454_104.4	P36454P1	ILLUMINA	/cfs/klemming/projects/supr/snic2020-6-170/RawData/lcNGS_2025/files/P36454/P36454_104/02-FASTQ/20250916_LH00202_0275_B233JYLLT4/P36454_104_S114_L004_R1_001.fastq.gz	/cfs/klemming/projects/supr/snic2020-6-170/RawData/lcNGS_2025/files/P36454/P36454_104/02-FASTQ/20250916_LH00202_0275_B233JYLLT4/P36454_104_S114_L004_R2_001.fastq.gz
L23.129	P36454_104.3	P36454P1	ILLUMINA	/cfs/klemming/projects/supr/snic2020-6-170/RawData/lcNGS_2025/files/P36454/P36454_104/02-FASTQ/20250916_LH00202_0275_B233JYLLT4/P36454_104_S114_L003_R1_001.fastq.gz	/cfs/klemming/projects/supr/snic2020-6-170/RawData/lcNGS_2025/files/P36454/P36454_104/02-FASTQ/20250916_LH00202_0275_B233JYLLT4/P36454_104_S114_L003_R2_001.fastq.gz
L23.129	P36454_104.2	P36454P1	ILLUMINA	/cfs/klemming/projects/supr/snic2020-6-170/RawData/lcNGS_2025/files/P36454/P36454_104/02-FASTQ/20250916_LH00202_0275_B233JYLLT4/P36454_104_S114_L002_R1_001.fastq.gz	/cfs/klemming/projects/supr/snic2020-6-170/RawData/lcNGS_2025/files/P36454/P36454_104/02-FASTQ/20250916_LH00202_0275_B233JYLLT4/P36454_104_S114_L002_R2_001.fastq.gz
L23.146	P36454_105.4	P36454P1	ILLUMINA	/cfs/klemming/projects/supr/snic2020-6-170/RawData/lcNGS_2025/files/P36454/P36454_105/02-FASTQ/20250916_LH00202_0275_B233JYLLT4/P36454_105_S115_L004_R1_001.fastq.gz	/cfs/klemming/projects/supr/snic2020-6-170/RawData/lcNGS_2025/files/P36454/P36454_105/02-FASTQ/20250916_LH00202_0275_B233JYLLT4/P36454_105_S115_L004_R2_001.fastq.gz
L23.146	P36454_105.2	P36454P1	ILLUMINA	/cfs/klemming/projects/supr/snic2020-6-170/RawData/lcNGS_2025/files/P36454/P36454_105/02-FASTQ/20250916_LH00202_0275_B233JYLLT4/P36454_105_S115_L002_R1_001.fastq.gz	/cfs/klemming/projects/supr/snic2020-6-170/RawData/lcNGS_2025/files/P36454/P36454_105/02-FASTQ/20250916_LH00202_0275_B233JYLLT4/P36454_105_S115_L002_R2_001.fastq.gz
L23.146	P36454_105.3	P36454P1	ILLUMINA	/cfs/klemming/projects/supr/snic2020-6-170/RawData/lcNGS_2025/files/P36454/P36454_105/02-FASTQ/20250916_LH00202_0275_B233JYLLT4/P36454_105_S115_L003_R1_001.fastq.gz	/cfs/klemming/projects/supr/snic2020-6-170/RawData/lcNGS_2025/files/P36454/P36454_105/02-FASTQ/20250916_LH00202_0275_B233JYLLT4/P36454_105_S115_L003_R2_001.fastq.gz
L23.163	P36454_106.4	P36454P1	ILLUMINA	/cfs/klemming/projects/supr/snic2020-6-170/RawData/lcNGS_2025/files/P36454/P36454_106/02-FASTQ/20250916_LH00202_0275_B233JYLLT4/P36454_106_S116_L004_R1_001.fastq.gz	/cfs/klemming/projects/supr/snic2020-6-170/RawData/lcNGS_2025/files/P36454/P36454_106/02-FASTQ/20250916_LH00202_0275_B233JYLLT4/P36454_106_S116_L004_R2_001.fastq.gz
L23.163	P36454_106.3	P36454P1	ILLUMINA	/cfs/klemming/projects/supr/snic2020-6-170/RawData/lcNGS_2025/files/P36454/P36454_106/02-FASTQ/20250916_LH00202_0275_B233JYLLT4/P36454_106_S116_L003_R1_001.fastq.gz	/cfs/klemming/projects/supr/snic2020-6-170/RawData/lcNGS_2025/files/P36454/P36454_106/02-FASTQ/20250916_LH00202_0275_B233JYLLT4/P36454_106_S116_L003_R2_001.fastq.gz
L23.163	P36454_106.2	P36454P1	ILLUMINA	/cfs/klemming/projects/supr/snic2020-6-170/RawData/lcNGS_2025/files/P36454/P36454_106/02-FASTQ/20250916_LH00202_0275_B233JYLLT4/P36454_106_S116_L002_R1_001.fastq.gz	/cfs/klemming/projects/supr/snic2020-6-170/RawData/lcNGS_2025/files/P36454/P36454_106/02-FASTQ/20250916_LH00202_0275_B233JYLLT4/P36454_106_S116_L002_R2_001.fastq.gz
L23.190	P36454_107.4	P36454P1	ILLUMINA	/cfs/klemming/projects/supr/snic2020-6-170/RawData/lcNGS_2025/files/P36454/P36454_107/02-FASTQ/20250916_LH00202_0275_B233JYLLT4/P36454_107_S117_L004_R1_001.fastq.gz	/cfs/klemming/projects/supr/snic2020-6-170/RawData/lcNGS_2025/files/P36454/P36454_107/02-FASTQ/20250916_LH00202_0275_B233JYLLT4/P36454_107_S117_L004_R2_001.fastq.gz
L23.190	P36454_107.2	P36454P1	ILLUMINA	/cfs/klemming/projects/supr/snic2020-6-170/RawData/lcNGS_2025/files/P36454/P36454_107/02-FASTQ/20250916_LH00202_0275_B233JYLLT4/P36454_107_S117_L002_R1_001.fastq.gz	/cfs/klemming/projects/supr/snic2020-6-170/RawData/lcNGS_2025/files/P36454/P36454_107/02-FASTQ/20250916_LH00202_0275_B233JYLLT4/P36454_107_S117_L002_R2_001.fastq.gz
L23.190	P36454_107.3	P36454P1	ILLUMINA	/cfs/klemming/projects/supr/snic2020-6-170/RawData/lcNGS_2025/files/P36454/P36454_107/02-FASTQ/20250916_LH00202_0275_B233JYLLT4/P36454_107_S117_L003_R1_001.fastq.gz	/cfs/klemming/projects/supr/snic2020-6-170/RawData/lcNGS_2025/files/P36454/P36454_107/02-FASTQ/20250916_LH00202_0275_B233JYLLT4/P36454_107_S117_L003_R2_001.fastq.gz
L23.349	P36454_108.4	P36454P1	ILLUMINA	/cfs/klemming/projects/supr/snic2020-6-170/RawData/lcNGS_2025/files/P36454/P36454_108/02-FASTQ/20250916_LH00202_0275_B233JYLLT4/P36454_108_S118_L004_R1_001.fastq.gz	/cfs/klemming/projects/supr/snic2020-6-170/RawData/lcNGS_2025/files/P36454/P36454_108/02-FASTQ/20250916_LH00202_0275_B233JYLLT4/P36454_108_S118_L004_R2_001.fastq.gz
L23.349	P36454_108.2	P36454P1	ILLUMINA	/cfs/klemming/projects/supr/snic2020-6-170/RawData/lcNGS_2025/files/P36454/P36454_108/02-FASTQ/20250916_LH00202_0275_B233JYLLT4/P36454_108_S118_L002_R1_001.fastq.gz	/cfs/klemming/projects/supr/snic2020-6-170/RawData/lcNGS_2025/files/P36454/P36454_108/02-FASTQ/20250916_LH00202_0275_B233JYLLT4/P36454_108_S118_L002_R2_001.fastq.gz
L23.349	P36454_108.3	P36454P1	ILLUMINA	/cfs/klemming/projects/supr/snic2020-6-170/RawData/lcNGS_2025/files/P36454/P36454_108/02-FASTQ/20250916_LH00202_0275_B233JYLLT4/P36454_108_S118_L003_R1_001.fastq.gz	/cfs/klemming/projects/supr/snic2020-6-170/RawData/lcNGS_2025/files/P36454/P36454_108/02-FASTQ/20250916_LH00202_0275_B233JYLLT4/P36454_108_S118_L003_R2_001.fastq.gz
L23.155	P36454_109.2	P36454P1	ILLUMINA	/cfs/klemming/projects/supr/snic2020-6-170/RawData/lcNGS_2025/files/P36454/P36454_109/02-FASTQ/20250916_LH00202_0275_B233JYLLT4/P36454_109_S119_L002_R1_001.fastq.gz	/cfs/klemming/projects/supr/snic2020-6-170/RawData/lcNGS_2025/files/P36454/P36454_109/02-FASTQ/20250916_LH00202_0275_B233JYLLT4/P36454_109_S119_L002_R2_001.fastq.gz
L23.155	P36454_109.3	P36454P1	ILLUMINA	/cfs/klemming/projects/supr/snic2020-6-170/RawData/lcNGS_2025/files/P36454/P36454_109/02-FASTQ/20250916_LH00202_0275_B233JYLLT4/P36454_109_S119_L003_R1_001.fastq.gz	/cfs/klemming/projects/supr/snic2020-6-170/RawData/lcNGS_2025/files/P36454/P36454_109/02-FASTQ/20250916_LH00202_0275_B233JYLLT4/P36454_109_S119_L003_R2_001.fastq.gz
L23.155	P36454_109.4	P36454P1	ILLUMINA	/cfs/klemming/projects/supr/snic2020-6-170/RawData/lcNGS_2025/files/P36454/P36454_109/02-FASTQ/20250916_LH00202_0275_B233JYLLT4/P36454_109_S119_L004_R1_001.fastq.gz	/cfs/klemming/projects/supr/snic2020-6-170/RawData/lcNGS_2025/files/P36454/P36454_109/02-FASTQ/20250916_LH00202_0275_B233JYLLT4/P36454_109_S119_L004_R2_001.fastq.gz
L23.178	P36454_110.3	P36454P1	ILLUMINA	/cfs/klemming/projects/supr/snic2020-6-170/RawData/lcNGS_2025/files/P36454/P36454_110/02-FASTQ/20250916_LH00202_0275_B233JYLLT4/P36454_110_S120_L003_R1_001.fastq.gz	/cfs/klemming/projects/supr/snic2020-6-170/RawData/lcNGS_2025/files/P36454/P36454_110/02-FASTQ/20250916_LH00202_0275_B233JYLLT4/P36454_110_S120_L003_R2_001.fastq.gz
L23.178	P36454_110.4	P36454P1	ILLUMINA	/cfs/klemming/projects/supr/snic2020-6-170/RawData/lcNGS_2025/files/P36454/P36454_110/02-FASTQ/20250916_LH00202_0275_B233JYLLT4/P36454_110_S120_L004_R1_001.fastq.gz	/cfs/klemming/projects/supr/snic2020-6-170/RawData/lcNGS_2025/files/P36454/P36454_110/02-FASTQ/20250916_LH00202_0275_B233JYLLT4/P36454_110_S120_L004_R2_001.fastq.gz
L23.178	P36454_110.2	P36454P1	ILLUMINA	/cfs/klemming/projects/supr/snic2020-6-170/RawData/lcNGS_2025/files/P36454/P36454_110/02-FASTQ/20250916_LH00202_0275_B233JYLLT4/P36454_110_S120_L002_R1_001.fastq.gz	/cfs/klemming/projects/supr/snic2020-6-170/RawData/lcNGS_2025/files/P36454/P36454_110/02-FASTQ/20250916_LH00202_0275_B233JYLLT4/P36454_110_S120_L002_R2_001.fastq.gz
L23.530	P36454_111.3	P36454P1	ILLUMINA	/cfs/klemming/projects/supr/snic2020-6-170/RawData/lcNGS_2025/files/P36454/P36454_111/02-FASTQ/20250916_LH00202_0275_B233JYLLT4/P36454_111_S121_L003_R1_001.fastq.gz	/cfs/klemming/projects/supr/snic2020-6-170/RawData/lcNGS_2025/files/P36454/P36454_111/02-FASTQ/20250916_LH00202_0275_B233JYLLT4/P36454_111_S121_L003_R2_001.fastq.gz
L23.530	P36454_111.2	P36454P1	ILLUMINA	/cfs/klemming/projects/supr/snic2020-6-170/RawData/lcNGS_2025/files/P36454/P36454_111/02-FASTQ/20250916_LH00202_0275_B233JYLLT4/P36454_111_S121_L002_R1_001.fastq.gz	/cfs/klemming/projects/supr/snic2020-6-170/RawData/lcNGS_2025/files/P36454/P36454_111/02-FASTQ/20250916_LH00202_0275_B233JYLLT4/P36454_111_S121_L002_R2_001.fastq.gz
L23.530	P36454_111.4	P36454P1	ILLUMINA	/cfs/klemming/projects/supr/snic2020-6-170/RawData/lcNGS_2025/files/P36454/P36454_111/02-FASTQ/20250916_LH00202_0275_B233JYLLT4/P36454_111_S121_L004_R1_001.fastq.gz	/cfs/klemming/projects/supr/snic2020-6-170/RawData/lcNGS_2025/files/P36454/P36454_111/02-FASTQ/20250916_LH00202_0275_B233JYLLT4/P36454_111_S121_L004_R2_001.fastq.gz
L23.121	P36454_112.4	P36454P1	ILLUMINA	/cfs/klemming/projects/supr/snic2020-6-170/RawData/lcNGS_2025/files/P36454/P36454_112/02-FASTQ/20250916_LH00202_0275_B233JYLLT4/P36454_112_S122_L004_R1_001.fastq.gz	/cfs/klemming/projects/supr/snic2020-6-170/RawData/lcNGS_2025/files/P36454/P36454_112/02-FASTQ/20250916_LH00202_0275_B233JYLLT4/P36454_112_S122_L004_R2_001.fastq.gz
L23.121	P36454_112.2	P36454P1	ILLUMINA	/cfs/klemming/projects/supr/snic2020-6-170/RawData/lcNGS_2025/files/P36454/P36454_112/02-FASTQ/20250916_LH00202_0275_B233JYLLT4/P36454_112_S122_L002_R1_001.fastq.gz	/cfs/klemming/projects/supr/snic2020-6-170/RawData/lcNGS_2025/files/P36454/P36454_112/02-FASTQ/20250916_LH00202_0275_B233JYLLT4/P36454_112_S122_L002_R2_001.fastq.gz
L23.121	P36454_112.3	P36454P1	ILLUMINA	/cfs/klemming/projects/supr/snic2020-6-170/RawData/lcNGS_2025/files/P36454/P36454_112/02-FASTQ/20250916_LH00202_0275_B233JYLLT4/P36454_112_S122_L003_R1_001.fastq.gz	/cfs/klemming/projects/supr/snic2020-6-170/RawData/lcNGS_2025/files/P36454/P36454_112/02-FASTQ/20250916_LH00202_0275_B233JYLLT4/P36454_112_S122_L003_R2_001.fastq.gz
L23.141	P36454_113.3	P36454P1	ILLUMINA	/cfs/klemming/projects/supr/snic2020-6-170/RawData/lcNGS_2025/files/P36454/P36454_113/02-FASTQ/20250916_LH00202_0275_B233JYLLT4/P36454_113_S123_L003_R1_001.fastq.gz	/cfs/klemming/projects/supr/snic2020-6-170/RawData/lcNGS_2025/files/P36454/P36454_113/02-FASTQ/20250916_LH00202_0275_B233JYLLT4/P36454_113_S123_L003_R2_001.fastq.gz
L23.141	P36454_113.2	P36454P1	ILLUMINA	/cfs/klemming/projects/supr/snic2020-6-170/RawData/lcNGS_2025/files/P36454/P36454_113/02-FASTQ/20250916_LH00202_0275_B233JYLLT4/P36454_113_S123_L002_R1_001.fastq.gz	/cfs/klemming/projects/supr/snic2020-6-170/RawData/lcNGS_2025/files/P36454/P36454_113/02-FASTQ/20250916_LH00202_0275_B233JYLLT4/P36454_113_S123_L002_R2_001.fastq.gz
L23.141	P36454_113.4	P36454P1	ILLUMINA	/cfs/klemming/projects/supr/snic2020-6-170/RawData/lcNGS_2025/files/P36454/P36454_113/02-FASTQ/20250916_LH00202_0275_B233JYLLT4/P36454_113_S123_L004_R1_001.fastq.gz	/cfs/klemming/projects/supr/snic2020-6-170/RawData/lcNGS_2025/files/P36454/P36454_113/02-FASTQ/20250916_LH00202_0275_B233JYLLT4/P36454_113_S123_L004_R2_001.fastq.gz
L23.345	P36454_114.2	P36454P1	ILLUMINA	/cfs/klemming/projects/supr/snic2020-6-170/RawData/lcNGS_2025/files/P36454/P36454_114/02-FASTQ/20250916_LH00202_0275_B233JYLLT4/P36454_114_S124_L002_R1_001.fastq.gz	/cfs/klemming/projects/supr/snic2020-6-170/RawData/lcNGS_2025/files/P36454/P36454_114/02-FASTQ/20250916_LH00202_0275_B233JYLLT4/P36454_114_S124_L002_R2_001.fastq.gz
L23.345	P36454_114.4	P36454P1	ILLUMINA	/cfs/klemming/projects/supr/snic2020-6-170/RawData/lcNGS_2025/files/P36454/P36454_114/02-FASTQ/20250916_LH00202_0275_B233JYLLT4/P36454_114_S124_L004_R1_001.fastq.gz	/cfs/klemming/projects/supr/snic2020-6-170/RawData/lcNGS_2025/files/P36454/P36454_114/02-FASTQ/20250916_LH00202_0275_B233JYLLT4/P36454_114_S124_L004_R2_001.fastq.gz
L23.345	P36454_114.3	P36454P1	ILLUMINA	/cfs/klemming/projects/supr/snic2020-6-170/RawData/lcNGS_2025/files/P36454/P36454_114/02-FASTQ/20250916_LH00202_0275_B233JYLLT4/P36454_114_S124_L003_R1_001.fastq.gz	/cfs/klemming/projects/supr/snic2020-6-170/RawData/lcNGS_2025/files/P36454/P36454_114/02-FASTQ/20250916_LH00202_0275_B233JYLLT4/P36454_114_S124_L003_R2_001.fastq.gz
L24.259	P36454_115.4	P36454P1	ILLUMINA	/cfs/klemming/projects/supr/snic2020-6-170/RawData/lcNGS_2025/files/P36454/P36454_115/02-FASTQ/20250916_LH00202_0275_B233JYLLT4/P36454_115_S125_L004_R1_001.fastq.gz	/cfs/klemming/projects/supr/snic2020-6-170/RawData/lcNGS_2025/files/P36454/P36454_115/02-FASTQ/20250916_LH00202_0275_B233JYLLT4/P36454_115_S125_L004_R2_001.fastq.gz
L24.259	P36454_115.2	P36454P1	ILLUMINA	/cfs/klemming/projects/supr/snic2020-6-170/RawData/lcNGS_2025/files/P36454/P36454_115/02-FASTQ/20250916_LH00202_0275_B233JYLLT4/P36454_115_S125_L002_R1_001.fastq.gz	/cfs/klemming/projects/supr/snic2020-6-170/RawData/lcNGS_2025/files/P36454/P36454_115/02-FASTQ/20250916_LH00202_0275_B233JYLLT4/P36454_115_S125_L002_R2_001.fastq.gz
L24.259	P36454_115.3	P36454P1	ILLUMINA	/cfs/klemming/projects/supr/snic2020-6-170/RawData/lcNGS_2025/files/P36454/P36454_115/02-FASTQ/20250916_LH00202_0275_B233JYLLT4/P36454_115_S125_L003_R1_001.fastq.gz	/cfs/klemming/projects/supr/snic2020-6-170/RawData/lcNGS_2025/files/P36454/P36454_115/02-FASTQ/20250916_LH00202_0275_B233JYLLT4/P36454_115_S125_L003_R2_001.fastq.gz
L23.134	P36454_116.2	P36454P1	ILLUMINA	/cfs/klemming/projects/supr/snic2020-6-170/RawData/lcNGS_2025/files/P36454/P36454_116/02-FASTQ/20250916_LH00202_0275_B233JYLLT4/P36454_116_S126_L002_R1_001.fastq.gz	/cfs/klemming/projects/supr/snic2020-6-170/RawData/lcNGS_2025/files/P36454/P36454_116/02-FASTQ/20250916_LH00202_0275_B233JYLLT4/P36454_116_S126_L002_R2_001.fastq.gz
L23.134	P36454_116.3	P36454P1	ILLUMINA	/cfs/klemming/projects/supr/snic2020-6-170/RawData/lcNGS_2025/files/P36454/P36454_116/02-FASTQ/20250916_LH00202_0275_B233JYLLT4/P36454_116_S126_L003_R1_001.fastq.gz	/cfs/klemming/projects/supr/snic2020-6-170/RawData/lcNGS_2025/files/P36454/P36454_116/02-FASTQ/20250916_LH00202_0275_B233JYLLT4/P36454_116_S126_L003_R2_001.fastq.gz
L23.134	P36454_116.4	P36454P1	ILLUMINA	/cfs/klemming/projects/supr/snic2020-6-170/RawData/lcNGS_2025/files/P36454/P36454_116/02-FASTQ/20250916_LH00202_0275_B233JYLLT4/P36454_116_S126_L004_R1_001.fastq.gz	/cfs/klemming/projects/supr/snic2020-6-170/RawData/lcNGS_2025/files/P36454/P36454_116/02-FASTQ/20250916_LH00202_0275_B233JYLLT4/P36454_116_S126_L004_R2_001.fastq.gz
L24.49	P36454_117.3	P36454P1	ILLUMINA	/cfs/klemming/projects/supr/snic2020-6-170/RawData/lcNGS_2025/files/P36454/P36454_117/02-FASTQ/20250916_LH00202_0275_B233JYLLT4/P36454_117_S127_L003_R1_001.fastq.gz	/cfs/klemming/projects/supr/snic2020-6-170/RawData/lcNGS_2025/files/P36454/P36454_117/02-FASTQ/20250916_LH00202_0275_B233JYLLT4/P36454_117_S127_L003_R2_001.fastq.gz
L24.49	P36454_117.2	P36454P1	ILLUMINA	/cfs/klemming/projects/supr/snic2020-6-170/RawData/lcNGS_2025/files/P36454/P36454_117/02-FASTQ/20250916_LH00202_0275_B233JYLLT4/P36454_117_S127_L002_R1_001.fastq.gz	/cfs/klemming/projects/supr/snic2020-6-170/RawData/lcNGS_2025/files/P36454/P36454_117/02-FASTQ/20250916_LH00202_0275_B233JYLLT4/P36454_117_S127_L002_R2_001.fastq.gz
L24.49	P36454_117.4	P36454P1	ILLUMINA	/cfs/klemming/projects/supr/snic2020-6-170/RawData/lcNGS_2025/files/P36454/P36454_117/02-FASTQ/20250916_LH00202_0275_B233JYLLT4/P36454_117_S127_L004_R1_001.fastq.gz	/cfs/klemming/projects/supr/snic2020-6-170/RawData/lcNGS_2025/files/P36454/P36454_117/02-FASTQ/20250916_LH00202_0275_B233JYLLT4/P36454_117_S127_L004_R2_001.fastq.gz
L24.179	P36454_118.4	P36454P1	ILLUMINA	/cfs/klemming/projects/supr/snic2020-6-170/RawData/lcNGS_2025/files/P36454/P36454_118/02-FASTQ/20250916_LH00202_0275_B233JYLLT4/P36454_118_S128_L004_R1_001.fastq.gz	/cfs/klemming/projects/supr/snic2020-6-170/RawData/lcNGS_2025/files/P36454/P36454_118/02-FASTQ/20250916_LH00202_0275_B233JYLLT4/P36454_118_S128_L004_R2_001.fastq.gz
L24.179	P36454_118.2	P36454P1	ILLUMINA	/cfs/klemming/projects/supr/snic2020-6-170/RawData/lcNGS_2025/files/P36454/P36454_118/02-FASTQ/20250916_LH00202_0275_B233JYLLT4/P36454_118_S128_L002_R1_001.fastq.gz	/cfs/klemming/projects/supr/snic2020-6-170/RawData/lcNGS_2025/files/P36454/P36454_118/02-FASTQ/20250916_LH00202_0275_B233JYLLT4/P36454_118_S128_L002_R2_001.fastq.gz
L24.179	P36454_118.3	P36454P1	ILLUMINA	/cfs/klemming/projects/supr/snic2020-6-170/RawData/lcNGS_2025/files/P36454/P36454_118/02-FASTQ/20250916_LH00202_0275_B233JYLLT4/P36454_118_S128_L003_R1_001.fastq.gz	/cfs/klemming/projects/supr/snic2020-6-170/RawData/lcNGS_2025/files/P36454/P36454_118/02-FASTQ/20250916_LH00202_0275_B233JYLLT4/P36454_118_S128_L003_R2_001.fastq.gz
L24.264	P36454_119.4	P36454P1	ILLUMINA	/cfs/klemming/projects/supr/snic2020-6-170/RawData/lcNGS_2025/files/P36454/P36454_119/02-FASTQ/20250916_LH00202_0275_B233JYLLT4/P36454_119_S129_L004_R1_001.fastq.gz	/cfs/klemming/projects/supr/snic2020-6-170/RawData/lcNGS_2025/files/P36454/P36454_119/02-FASTQ/20250916_LH00202_0275_B233JYLLT4/P36454_119_S129_L004_R2_001.fastq.gz
L24.264	P36454_119.3	P36454P1	ILLUMINA	/cfs/klemming/projects/supr/snic2020-6-170/RawData/lcNGS_2025/files/P36454/P36454_119/02-FASTQ/20250916_LH00202_0275_B233JYLLT4/P36454_119_S129_L003_R1_001.fastq.gz	/cfs/klemming/projects/supr/snic2020-6-170/RawData/lcNGS_2025/files/P36454/P36454_119/02-FASTQ/20250916_LH00202_0275_B233JYLLT4/P36454_119_S129_L003_R2_001.fastq.gz
L24.264	P36454_119.2	P36454P1	ILLUMINA	/cfs/klemming/projects/supr/snic2020-6-170/RawData/lcNGS_2025/files/P36454/P36454_119/02-FASTQ/20250916_LH00202_0275_B233JYLLT4/P36454_119_S129_L002_R1_001.fastq.gz	/cfs/klemming/projects/supr/snic2020-6-170/RawData/lcNGS_2025/files/P36454/P36454_119/02-FASTQ/20250916_LH00202_0275_B233JYLLT4/P36454_119_S129_L002_R2_001.fastq.gz
L24.327	P36454_120.4	P36454P1	ILLUMINA	/cfs/klemming/projects/supr/snic2020-6-170/RawData/lcNGS_2025/files/P36454/P36454_120/02-FASTQ/20250916_LH00202_0275_B233JYLLT4/P36454_120_S130_L004_R1_001.fastq.gz	/cfs/klemming/projects/supr/snic2020-6-170/RawData/lcNGS_2025/files/P36454/P36454_120/02-FASTQ/20250916_LH00202_0275_B233JYLLT4/P36454_120_S130_L004_R2_001.fastq.gz
L24.327	P36454_120.2	P36454P1	ILLUMINA	/cfs/klemming/projects/supr/snic2020-6-170/RawData/lcNGS_2025/files/P36454/P36454_120/02-FASTQ/20250916_LH00202_0275_B233JYLLT4/P36454_120_S130_L002_R1_001.fastq.gz	/cfs/klemming/projects/supr/snic2020-6-170/RawData/lcNGS_2025/files/P36454/P36454_120/02-FASTQ/20250916_LH00202_0275_B233JYLLT4/P36454_120_S130_L002_R2_001.fastq.gz
L24.327	P36454_120.3	P36454P1	ILLUMINA	/cfs/klemming/projects/supr/snic2020-6-170/RawData/lcNGS_2025/files/P36454/P36454_120/02-FASTQ/20250916_LH00202_0275_B233JYLLT4/P36454_120_S130_L003_R1_001.fastq.gz	/cfs/klemming/projects/supr/snic2020-6-170/RawData/lcNGS_2025/files/P36454/P36454_120/02-FASTQ/20250916_LH00202_0275_B233JYLLT4/P36454_120_S130_L003_R2_001.fastq.gz
L24.341	P36454_121.4	P36454P1	ILLUMINA	/cfs/klemming/projects/supr/snic2020-6-170/RawData/lcNGS_2025/files/P36454/P36454_121/02-FASTQ/20250916_LH00202_0275_B233JYLLT4/P36454_121_S131_L004_R1_001.fastq.gz	/cfs/klemming/projects/supr/snic2020-6-170/RawData/lcNGS_2025/files/P36454/P36454_121/02-FASTQ/20250916_LH00202_0275_B233JYLLT4/P36454_121_S131_L004_R2_001.fastq.gz
L24.341	P36454_121.2	P36454P1	ILLUMINA	/cfs/klemming/projects/supr/snic2020-6-170/RawData/lcNGS_2025/files/P36454/P36454_121/02-FASTQ/20250916_LH00202_0275_B233JYLLT4/P36454_121_S131_L002_R1_001.fastq.gz	/cfs/klemming/projects/supr/snic2020-6-170/RawData/lcNGS_2025/files/P36454/P36454_121/02-FASTQ/20250916_LH00202_0275_B233JYLLT4/P36454_121_S131_L002_R2_001.fastq.gz
L24.341	P36454_121.3	P36454P1	ILLUMINA	/cfs/klemming/projects/supr/snic2020-6-170/RawData/lcNGS_2025/files/P36454/P36454_121/02-FASTQ/20250916_LH00202_0275_B233JYLLT4/P36454_121_S131_L003_R1_001.fastq.gz	/cfs/klemming/projects/supr/snic2020-6-170/RawData/lcNGS_2025/files/P36454/P36454_121/02-FASTQ/20250916_LH00202_0275_B233JYLLT4/P36454_121_S131_L003_R2_001.fastq.gz
L24.350	P36454_122.4	P36454P1	ILLUMINA	/cfs/klemming/projects/supr/snic2020-6-170/RawData/lcNGS_2025/files/P36454/P36454_122/02-FASTQ/20250916_LH00202_0275_B233JYLLT4/P36454_122_S132_L004_R1_001.fastq.gz	/cfs/klemming/projects/supr/snic2020-6-170/RawData/lcNGS_2025/files/P36454/P36454_122/02-FASTQ/20250916_LH00202_0275_B233JYLLT4/P36454_122_S132_L004_R2_001.fastq.gz
L24.350	P36454_122.2	P36454P1	ILLUMINA	/cfs/klemming/projects/supr/snic2020-6-170/RawData/lcNGS_2025/files/P36454/P36454_122/02-FASTQ/20250916_LH00202_0275_B233JYLLT4/P36454_122_S132_L002_R1_001.fastq.gz	/cfs/klemming/projects/supr/snic2020-6-170/RawData/lcNGS_2025/files/P36454/P36454_122/02-FASTQ/20250916_LH00202_0275_B233JYLLT4/P36454_122_S132_L002_R2_001.fastq.gz
L24.350	P36454_122.3	P36454P1	ILLUMINA	/cfs/klemming/projects/supr/snic2020-6-170/RawData/lcNGS_2025/files/P36454/P36454_122/02-FASTQ/20250916_LH00202_0275_B233JYLLT4/P36454_122_S132_L003_R1_001.fastq.gz	/cfs/klemming/projects/supr/snic2020-6-170/RawData/lcNGS_2025/files/P36454/P36454_122/02-FASTQ/20250916_LH00202_0275_B233JYLLT4/P36454_122_S132_L003_R2_001.fastq.gz
L24.357	P36454_123.3	P36454P1	ILLUMINA	/cfs/klemming/projects/supr/snic2020-6-170/RawData/lcNGS_2025/files/P36454/P36454_123/02-FASTQ/20250916_LH00202_0275_B233JYLLT4/P36454_123_S133_L003_R1_001.fastq.gz	/cfs/klemming/projects/supr/snic2020-6-170/RawData/lcNGS_2025/files/P36454/P36454_123/02-FASTQ/20250916_LH00202_0275_B233JYLLT4/P36454_123_S133_L003_R2_001.fastq.gz
L24.357	P36454_123.4	P36454P1	ILLUMINA	/cfs/klemming/projects/supr/snic2020-6-170/RawData/lcNGS_2025/files/P36454/P36454_123/02-FASTQ/20250916_LH00202_0275_B233JYLLT4/P36454_123_S133_L004_R1_001.fastq.gz	/cfs/klemming/projects/supr/snic2020-6-170/RawData/lcNGS_2025/files/P36454/P36454_123/02-FASTQ/20250916_LH00202_0275_B233JYLLT4/P36454_123_S133_L004_R2_001.fastq.gz
L24.357	P36454_123.2	P36454P1	ILLUMINA	/cfs/klemming/projects/supr/snic2020-6-170/RawData/lcNGS_2025/files/P36454/P36454_123/02-FASTQ/20250916_LH00202_0275_B233JYLLT4/P36454_123_S133_L002_R1_001.fastq.gz	/cfs/klemming/projects/supr/snic2020-6-170/RawData/lcNGS_2025/files/P36454/P36454_123/02-FASTQ/20250916_LH00202_0275_B233JYLLT4/P36454_123_S133_L002_R2_001.fastq.gz
L24.45	P36454_124.3	P36454P1	ILLUMINA	/cfs/klemming/projects/supr/snic2020-6-170/RawData/lcNGS_2025/files/P36454/P36454_124/02-FASTQ/20250916_LH00202_0275_B233JYLLT4/P36454_124_S134_L003_R1_001.fastq.gz	/cfs/klemming/projects/supr/snic2020-6-170/RawData/lcNGS_2025/files/P36454/P36454_124/02-FASTQ/20250916_LH00202_0275_B233JYLLT4/P36454_124_S134_L003_R2_001.fastq.gz
L24.45	P36454_124.4	P36454P1	ILLUMINA	/cfs/klemming/projects/supr/snic2020-6-170/RawData/lcNGS_2025/files/P36454/P36454_124/02-FASTQ/20250916_LH00202_0275_B233JYLLT4/P36454_124_S134_L004_R1_001.fastq.gz	/cfs/klemming/projects/supr/snic2020-6-170/RawData/lcNGS_2025/files/P36454/P36454_124/02-FASTQ/20250916_LH00202_0275_B233JYLLT4/P36454_124_S134_L004_R2_001.fastq.gz
L24.45	P36454_124.2	P36454P1	ILLUMINA	/cfs/klemming/projects/supr/snic2020-6-170/RawData/lcNGS_2025/files/P36454/P36454_124/02-FASTQ/20250916_LH00202_0275_B233JYLLT4/P36454_124_S134_L002_R1_001.fastq.gz	/cfs/klemming/projects/supr/snic2020-6-170/RawData/lcNGS_2025/files/P36454/P36454_124/02-FASTQ/20250916_LH00202_0275_B233JYLLT4/P36454_124_S134_L002_R2_001.fastq.gz
L24.177	P36454_125.4	P36454P1	ILLUMINA	/cfs/klemming/projects/supr/snic2020-6-170/RawData/lcNGS_2025/files/P36454/P36454_125/02-FASTQ/20250916_LH00202_0275_B233JYLLT4/P36454_125_S135_L004_R1_001.fastq.gz	/cfs/klemming/projects/supr/snic2020-6-170/RawData/lcNGS_2025/files/P36454/P36454_125/02-FASTQ/20250916_LH00202_0275_B233JYLLT4/P36454_125_S135_L004_R2_001.fastq.gz
L24.177	P36454_125.3	P36454P1	ILLUMINA	/cfs/klemming/projects/supr/snic2020-6-170/RawData/lcNGS_2025/files/P36454/P36454_125/02-FASTQ/20250916_LH00202_0275_B233JYLLT4/P36454_125_S135_L003_R1_001.fastq.gz	/cfs/klemming/projects/supr/snic2020-6-170/RawData/lcNGS_2025/files/P36454/P36454_125/02-FASTQ/20250916_LH00202_0275_B233JYLLT4/P36454_125_S135_L003_R2_001.fastq.gz
L24.177	P36454_125.2	P36454P1	ILLUMINA	/cfs/klemming/projects/supr/snic2020-6-170/RawData/lcNGS_2025/files/P36454/P36454_125/02-FASTQ/20250916_LH00202_0275_B233JYLLT4/P36454_125_S135_L002_R1_001.fastq.gz	/cfs/klemming/projects/supr/snic2020-6-170/RawData/lcNGS_2025/files/P36454/P36454_125/02-FASTQ/20250916_LH00202_0275_B233JYLLT4/P36454_125_S135_L002_R2_001.fastq.gz
L24.275	P36454_126.3	P36454P1	ILLUMINA	/cfs/klemming/projects/supr/snic2020-6-170/RawData/lcNGS_2025/files/P36454/P36454_126/02-FASTQ/20250916_LH00202_0275_B233JYLLT4/P36454_126_S136_L003_R1_001.fastq.gz	/cfs/klemming/projects/supr/snic2020-6-170/RawData/lcNGS_2025/files/P36454/P36454_126/02-FASTQ/20250916_LH00202_0275_B233JYLLT4/P36454_126_S136_L003_R2_001.fastq.gz
L24.275	P36454_126.2	P36454P1	ILLUMINA	/cfs/klemming/projects/supr/snic2020-6-170/RawData/lcNGS_2025/files/P36454/P36454_126/02-FASTQ/20250916_LH00202_0275_B233JYLLT4/P36454_126_S136_L002_R1_001.fastq.gz	/cfs/klemming/projects/supr/snic2020-6-170/RawData/lcNGS_2025/files/P36454/P36454_126/02-FASTQ/20250916_LH00202_0275_B233JYLLT4/P36454_126_S136_L002_R2_001.fastq.gz
L24.275	P36454_126.4	P36454P1	ILLUMINA	/cfs/klemming/projects/supr/snic2020-6-170/RawData/lcNGS_2025/files/P36454/P36454_126/02-FASTQ/20250916_LH00202_0275_B233JYLLT4/P36454_126_S136_L004_R1_001.fastq.gz	/cfs/klemming/projects/supr/snic2020-6-170/RawData/lcNGS_2025/files/P36454/P36454_126/02-FASTQ/20250916_LH00202_0275_B233JYLLT4/P36454_126_S136_L004_R2_001.fastq.gz
L24.335	P36454_127.3	P36454P1	ILLUMINA	/cfs/klemming/projects/supr/snic2020-6-170/RawData/lcNGS_2025/files/P36454/P36454_127/02-FASTQ/20250916_LH00202_0275_B233JYLLT4/P36454_127_S137_L003_R1_001.fastq.gz	/cfs/klemming/projects/supr/snic2020-6-170/RawData/lcNGS_2025/files/P36454/P36454_127/02-FASTQ/20250916_LH00202_0275_B233JYLLT4/P36454_127_S137_L003_R2_001.fastq.gz
L24.335	P36454_127.2	P36454P1	ILLUMINA	/cfs/klemming/projects/supr/snic2020-6-170/RawData/lcNGS_2025/files/P36454/P36454_127/02-FASTQ/20250916_LH00202_0275_B233JYLLT4/P36454_127_S137_L002_R1_001.fastq.gz	/cfs/klemming/projects/supr/snic2020-6-170/RawData/lcNGS_2025/files/P36454/P36454_127/02-FASTQ/20250916_LH00202_0275_B233JYLLT4/P36454_127_S137_L002_R2_001.fastq.gz
L24.335	P36454_127.4	P36454P1	ILLUMINA	/cfs/klemming/projects/supr/snic2020-6-170/RawData/lcNGS_2025/files/P36454/P36454_127/02-FASTQ/20250916_LH00202_0275_B233JYLLT4/P36454_127_S137_L004_R1_001.fastq.gz	/cfs/klemming/projects/supr/snic2020-6-170/RawData/lcNGS_2025/files/P36454/P36454_127/02-FASTQ/20250916_LH00202_0275_B233JYLLT4/P36454_127_S137_L004_R2_001.fastq.gz
L24.352	P36454_128.2	P36454P1	ILLUMINA	/cfs/klemming/projects/supr/snic2020-6-170/RawData/lcNGS_2025/files/P36454/P36454_128/02-FASTQ/20250916_LH00202_0275_B233JYLLT4/P36454_128_S138_L002_R1_001.fastq.gz	/cfs/klemming/projects/supr/snic2020-6-170/RawData/lcNGS_2025/files/P36454/P36454_128/02-FASTQ/20250916_LH00202_0275_B233JYLLT4/P36454_128_S138_L002_R2_001.fastq.gz
L24.352	P36454_128.4	P36454P1	ILLUMINA	/cfs/klemming/projects/supr/snic2020-6-170/RawData/lcNGS_2025/files/P36454/P36454_128/02-FASTQ/20250916_LH00202_0275_B233JYLLT4/P36454_128_S138_L004_R1_001.fastq.gz	/cfs/klemming/projects/supr/snic2020-6-170/RawData/lcNGS_2025/files/P36454/P36454_128/02-FASTQ/20250916_LH00202_0275_B233JYLLT4/P36454_128_S138_L004_R2_001.fastq.gz
L24.352	P36454_128.3	P36454P1	ILLUMINA	/cfs/klemming/projects/supr/snic2020-6-170/RawData/lcNGS_2025/files/P36454/P36454_128/02-FASTQ/20250916_LH00202_0275_B233JYLLT4/P36454_128_S138_L003_R1_001.fastq.gz	/cfs/klemming/projects/supr/snic2020-6-170/RawData/lcNGS_2025/files/P36454/P36454_128/02-FASTQ/20250916_LH00202_0275_B233JYLLT4/P36454_128_S138_L003_R2_001.fastq.gz
L24.411	P36454_129.2	P36454P1	ILLUMINA	/cfs/klemming/projects/supr/snic2020-6-170/RawData/lcNGS_2025/files/P36454/P36454_129/02-FASTQ/20250916_LH00202_0275_B233JYLLT4/P36454_129_S139_L002_R1_001.fastq.gz	/cfs/klemming/projects/supr/snic2020-6-170/RawData/lcNGS_2025/files/P36454/P36454_129/02-FASTQ/20250916_LH00202_0275_B233JYLLT4/P36454_129_S139_L002_R2_001.fastq.gz
L24.411	P36454_129.3	P36454P1	ILLUMINA	/cfs/klemming/projects/supr/snic2020-6-170/RawData/lcNGS_2025/files/P36454/P36454_129/02-FASTQ/20250916_LH00202_0275_B233JYLLT4/P36454_129_S139_L003_R1_001.fastq.gz	/cfs/klemming/projects/supr/snic2020-6-170/RawData/lcNGS_2025/files/P36454/P36454_129/02-FASTQ/20250916_LH00202_0275_B233JYLLT4/P36454_129_S139_L003_R2_001.fastq.gz
L24.411	P36454_129.4	P36454P1	ILLUMINA	/cfs/klemming/projects/supr/snic2020-6-170/RawData/lcNGS_2025/files/P36454/P36454_129/02-FASTQ/20250916_LH00202_0275_B233JYLLT4/P36454_129_S139_L004_R1_001.fastq.gz	/cfs/klemming/projects/supr/snic2020-6-170/RawData/lcNGS_2025/files/P36454/P36454_129/02-FASTQ/20250916_LH00202_0275_B233JYLLT4/P36454_129_S139_L004_R2_001.fastq.gz
L24.420	P36454_130.2	P36454P1	ILLUMINA	/cfs/klemming/projects/supr/snic2020-6-170/RawData/lcNGS_2025/files/P36454/P36454_130/02-FASTQ/20250916_LH00202_0275_B233JYLLT4/P36454_130_S140_L002_R1_001.fastq.gz	/cfs/klemming/projects/supr/snic2020-6-170/RawData/lcNGS_2025/files/P36454/P36454_130/02-FASTQ/20250916_LH00202_0275_B233JYLLT4/P36454_130_S140_L002_R2_001.fastq.gz
L24.420	P36454_130.3	P36454P1	ILLUMINA	/cfs/klemming/projects/supr/snic2020-6-170/RawData/lcNGS_2025/files/P36454/P36454_130/02-FASTQ/20250916_LH00202_0275_B233JYLLT4/P36454_130_S140_L003_R1_001.fastq.gz	/cfs/klemming/projects/supr/snic2020-6-170/RawData/lcNGS_2025/files/P36454/P36454_130/02-FASTQ/20250916_LH00202_0275_B233JYLLT4/P36454_130_S140_L003_R2_001.fastq.gz
L24.420	P36454_130.4	P36454P1	ILLUMINA	/cfs/klemming/projects/supr/snic2020-6-170/RawData/lcNGS_2025/files/P36454/P36454_130/02-FASTQ/20250916_LH00202_0275_B233JYLLT4/P36454_130_S140_L004_R1_001.fastq.gz	/cfs/klemming/projects/supr/snic2020-6-170/RawData/lcNGS_2025/files/P36454/P36454_130/02-FASTQ/20250916_LH00202_0275_B233JYLLT4/P36454_130_S140_L004_R2_001.fastq.gz
L24.480	P36454_131.4	P36454P1	ILLUMINA	/cfs/klemming/projects/supr/snic2020-6-170/RawData/lcNGS_2025/files/P36454/P36454_131/02-FASTQ/20250916_LH00202_0275_B233JYLLT4/P36454_131_S141_L004_R1_001.fastq.gz	/cfs/klemming/projects/supr/snic2020-6-170/RawData/lcNGS_2025/files/P36454/P36454_131/02-FASTQ/20250916_LH00202_0275_B233JYLLT4/P36454_131_S141_L004_R2_001.fastq.gz
L24.480	P36454_131.2	P36454P1	ILLUMINA	/cfs/klemming/projects/supr/snic2020-6-170/RawData/lcNGS_2025/files/P36454/P36454_131/02-FASTQ/20250916_LH00202_0275_B233JYLLT4/P36454_131_S141_L002_R1_001.fastq.gz	/cfs/klemming/projects/supr/snic2020-6-170/RawData/lcNGS_2025/files/P36454/P36454_131/02-FASTQ/20250916_LH00202_0275_B233JYLLT4/P36454_131_S141_L002_R2_001.fastq.gz
L24.480	P36454_131.3	P36454P1	ILLUMINA	/cfs/klemming/projects/supr/snic2020-6-170/RawData/lcNGS_2025/files/P36454/P36454_131/02-FASTQ/20250916_LH00202_0275_B233JYLLT4/P36454_131_S141_L003_R1_001.fastq.gz	/cfs/klemming/projects/supr/snic2020-6-170/RawData/lcNGS_2025/files/P36454/P36454_131/02-FASTQ/20250916_LH00202_0275_B233JYLLT4/P36454_131_S141_L003_R2_001.fastq.gz
L24.345	P36454_132.3	P36454P1	ILLUMINA	/cfs/klemming/projects/supr/snic2020-6-170/RawData/lcNGS_2025/files/P36454/P36454_132/02-FASTQ/20250916_LH00202_0275_B233JYLLT4/P36454_132_S142_L003_R1_001.fastq.gz	/cfs/klemming/projects/supr/snic2020-6-170/RawData/lcNGS_2025/files/P36454/P36454_132/02-FASTQ/20250916_LH00202_0275_B233JYLLT4/P36454_132_S142_L003_R2_001.fastq.gz
L24.345	P36454_132.4	P36454P1	ILLUMINA	/cfs/klemming/projects/supr/snic2020-6-170/RawData/lcNGS_2025/files/P36454/P36454_132/02-FASTQ/20250916_LH00202_0275_B233JYLLT4/P36454_132_S142_L004_R1_001.fastq.gz	/cfs/klemming/projects/supr/snic2020-6-170/RawData/lcNGS_2025/files/P36454/P36454_132/02-FASTQ/20250916_LH00202_0275_B233JYLLT4/P36454_132_S142_L004_R2_001.fastq.gz
L24.345	P36454_132.2	P36454P1	ILLUMINA	/cfs/klemming/projects/supr/snic2020-6-170/RawData/lcNGS_2025/files/P36454/P36454_132/02-FASTQ/20250916_LH00202_0275_B233JYLLT4/P36454_132_S142_L002_R1_001.fastq.gz	/cfs/klemming/projects/supr/snic2020-6-170/RawData/lcNGS_2025/files/P36454/P36454_132/02-FASTQ/20250916_LH00202_0275_B233JYLLT4/P36454_132_S142_L002_R2_001.fastq.gz
22.159	P36454_133.3	P36454P1	ILLUMINA	/cfs/klemming/projects/supr/snic2020-6-170/RawData/lcNGS_2025/files/P36454/P36454_133/02-FASTQ/20250916_LH00202_0275_B233JYLLT4/P36454_133_S143_L003_R1_001.fastq.gz	/cfs/klemming/projects/supr/snic2020-6-170/RawData/lcNGS_2025/files/P36454/P36454_133/02-FASTQ/20250916_LH00202_0275_B233JYLLT4/P36454_133_S143_L003_R2_001.fastq.gz
22.159	P36454_133.4	P36454P1	ILLUMINA	/cfs/klemming/projects/supr/snic2020-6-170/RawData/lcNGS_2025/files/P36454/P36454_133/02-FASTQ/20250916_LH00202_0275_B233JYLLT4/P36454_133_S143_L004_R1_001.fastq.gz	/cfs/klemming/projects/supr/snic2020-6-170/RawData/lcNGS_2025/files/P36454/P36454_133/02-FASTQ/20250916_LH00202_0275_B233JYLLT4/P36454_133_S143_L004_R2_001.fastq.gz
22.159	P36454_133.2	P36454P1	ILLUMINA	/cfs/klemming/projects/supr/snic2020-6-170/RawData/lcNGS_2025/files/P36454/P36454_133/02-FASTQ/20250916_LH00202_0275_B233JYLLT4/P36454_133_S143_L002_R1_001.fastq.gz	/cfs/klemming/projects/supr/snic2020-6-170/RawData/lcNGS_2025/files/P36454/P36454_133/02-FASTQ/20250916_LH00202_0275_B233JYLLT4/P36454_133_S143_L002_R2_001.fastq.gz
22.160	P36454_134.3	P36454P1	ILLUMINA	/cfs/klemming/projects/supr/snic2020-6-170/RawData/lcNGS_2025/files/P36454/P36454_134/02-FASTQ/20250916_LH00202_0275_B233JYLLT4/P36454_134_S144_L003_R1_001.fastq.gz	/cfs/klemming/projects/supr/snic2020-6-170/RawData/lcNGS_2025/files/P36454/P36454_134/02-FASTQ/20250916_LH00202_0275_B233JYLLT4/P36454_134_S144_L003_R2_001.fastq.gz
22.160	P36454_134.4	P36454P1	ILLUMINA	/cfs/klemming/projects/supr/snic2020-6-170/RawData/lcNGS_2025/files/P36454/P36454_134/02-FASTQ/20250916_LH00202_0275_B233JYLLT4/P36454_134_S144_L004_R1_001.fastq.gz	/cfs/klemming/projects/supr/snic2020-6-170/RawData/lcNGS_2025/files/P36454/P36454_134/02-FASTQ/20250916_LH00202_0275_B233JYLLT4/P36454_134_S144_L004_R2_001.fastq.gz
22.160	P36454_134.2	P36454P1	ILLUMINA	/cfs/klemming/projects/supr/snic2020-6-170/RawData/lcNGS_2025/files/P36454/P36454_134/02-FASTQ/20250916_LH00202_0275_B233JYLLT4/P36454_134_S144_L002_R1_001.fastq.gz	/cfs/klemming/projects/supr/snic2020-6-170/RawData/lcNGS_2025/files/P36454/P36454_134/02-FASTQ/20250916_LH00202_0275_B233JYLLT4/P36454_134_S144_L002_R2_001.fastq.gz
22.176	P36454_135.4	P36454P1	ILLUMINA	/cfs/klemming/projects/supr/snic2020-6-170/RawData/lcNGS_2025/files/P36454/P36454_135/02-FASTQ/20250916_LH00202_0275_B233JYLLT4/P36454_135_S145_L004_R1_001.fastq.gz	/cfs/klemming/projects/supr/snic2020-6-170/RawData/lcNGS_2025/files/P36454/P36454_135/02-FASTQ/20250916_LH00202_0275_B233JYLLT4/P36454_135_S145_L004_R2_001.fastq.gz
22.176	P36454_135.2	P36454P1	ILLUMINA	/cfs/klemming/projects/supr/snic2020-6-170/RawData/lcNGS_2025/files/P36454/P36454_135/02-FASTQ/20250916_LH00202_0275_B233JYLLT4/P36454_135_S145_L002_R1_001.fastq.gz	/cfs/klemming/projects/supr/snic2020-6-170/RawData/lcNGS_2025/files/P36454/P36454_135/02-FASTQ/20250916_LH00202_0275_B233JYLLT4/P36454_135_S145_L002_R2_001.fastq.gz
22.176	P36454_135.3	P36454P1	ILLUMINA	/cfs/klemming/projects/supr/snic2020-6-170/RawData/lcNGS_2025/files/P36454/P36454_135/02-FASTQ/20250916_LH00202_0275_B233JYLLT4/P36454_135_S145_L003_R1_001.fastq.gz	/cfs/klemming/projects/supr/snic2020-6-170/RawData/lcNGS_2025/files/P36454/P36454_135/02-FASTQ/20250916_LH00202_0275_B233JYLLT4/P36454_135_S145_L003_R2_001.fastq.gz
22.182	P36454_136.4	P36454P1	ILLUMINA	/cfs/klemming/projects/supr/snic2020-6-170/RawData/lcNGS_2025/files/P36454/P36454_136/02-FASTQ/20250916_LH00202_0275_B233JYLLT4/P36454_136_S146_L004_R1_001.fastq.gz	/cfs/klemming/projects/supr/snic2020-6-170/RawData/lcNGS_2025/files/P36454/P36454_136/02-FASTQ/20250916_LH00202_0275_B233JYLLT4/P36454_136_S146_L004_R2_001.fastq.gz
22.182	P36454_136.3	P36454P1	ILLUMINA	/cfs/klemming/projects/supr/snic2020-6-170/RawData/lcNGS_2025/files/P36454/P36454_136/02-FASTQ/20250916_LH00202_0275_B233JYLLT4/P36454_136_S146_L003_R1_001.fastq.gz	/cfs/klemming/projects/supr/snic2020-6-170/RawData/lcNGS_2025/files/P36454/P36454_136/02-FASTQ/20250916_LH00202_0275_B233JYLLT4/P36454_136_S146_L003_R2_001.fastq.gz
22.182	P36454_136.2	P36454P1	ILLUMINA	/cfs/klemming/projects/supr/snic2020-6-170/RawData/lcNGS_2025/files/P36454/P36454_136/02-FASTQ/20250916_LH00202_0275_B233JYLLT4/P36454_136_S146_L002_R1_001.fastq.gz	/cfs/klemming/projects/supr/snic2020-6-170/RawData/lcNGS_2025/files/P36454/P36454_136/02-FASTQ/20250916_LH00202_0275_B233JYLLT4/P36454_136_S146_L002_R2_001.fastq.gz
22.187	P36454_137.4	P36454P1	ILLUMINA	/cfs/klemming/projects/supr/snic2020-6-170/RawData/lcNGS_2025/files/P36454/P36454_137/02-FASTQ/20250916_LH00202_0275_B233JYLLT4/P36454_137_S147_L004_R1_001.fastq.gz	/cfs/klemming/projects/supr/snic2020-6-170/RawData/lcNGS_2025/files/P36454/P36454_137/02-FASTQ/20250916_LH00202_0275_B233JYLLT4/P36454_137_S147_L004_R2_001.fastq.gz
22.187	P36454_137.3	P36454P1	ILLUMINA	/cfs/klemming/projects/supr/snic2020-6-170/RawData/lcNGS_2025/files/P36454/P36454_137/02-FASTQ/20250916_LH00202_0275_B233JYLLT4/P36454_137_S147_L003_R1_001.fastq.gz	/cfs/klemming/projects/supr/snic2020-6-170/RawData/lcNGS_2025/files/P36454/P36454_137/02-FASTQ/20250916_LH00202_0275_B233JYLLT4/P36454_137_S147_L003_R2_001.fastq.gz
22.187	P36454_137.2	P36454P1	ILLUMINA	/cfs/klemming/projects/supr/snic2020-6-170/RawData/lcNGS_2025/files/P36454/P36454_137/02-FASTQ/20250916_LH00202_0275_B233JYLLT4/P36454_137_S147_L002_R1_001.fastq.gz	/cfs/klemming/projects/supr/snic2020-6-170/RawData/lcNGS_2025/files/P36454/P36454_137/02-FASTQ/20250916_LH00202_0275_B233JYLLT4/P36454_137_S147_L002_R2_001.fastq.gz
22.188	P36454_138.4	P36454P1	ILLUMINA	/cfs/klemming/projects/supr/snic2020-6-170/RawData/lcNGS_2025/files/P36454/P36454_138/02-FASTQ/20250916_LH00202_0275_B233JYLLT4/P36454_138_S148_L004_R1_001.fastq.gz	/cfs/klemming/projects/supr/snic2020-6-170/RawData/lcNGS_2025/files/P36454/P36454_138/02-FASTQ/20250916_LH00202_0275_B233JYLLT4/P36454_138_S148_L004_R2_001.fastq.gz
22.188	P36454_138.2	P36454P1	ILLUMINA	/cfs/klemming/projects/supr/snic2020-6-170/RawData/lcNGS_2025/files/P36454/P36454_138/02-FASTQ/20250916_LH00202_0275_B233JYLLT4/P36454_138_S148_L002_R1_001.fastq.gz	/cfs/klemming/projects/supr/snic2020-6-170/RawData/lcNGS_2025/files/P36454/P36454_138/02-FASTQ/20250916_LH00202_0275_B233JYLLT4/P36454_138_S148_L002_R2_001.fastq.gz
22.188	P36454_138.3	P36454P1	ILLUMINA	/cfs/klemming/projects/supr/snic2020-6-170/RawData/lcNGS_2025/files/P36454/P36454_138/02-FASTQ/20250916_LH00202_0275_B233JYLLT4/P36454_138_S148_L003_R1_001.fastq.gz	/cfs/klemming/projects/supr/snic2020-6-170/RawData/lcNGS_2025/files/P36454/P36454_138/02-FASTQ/20250916_LH00202_0275_B233JYLLT4/P36454_138_S148_L003_R2_001.fastq.gz
22.195	P36454_139.4	P36454P1	ILLUMINA	/cfs/klemming/projects/supr/snic2020-6-170/RawData/lcNGS_2025/files/P36454/P36454_139/02-FASTQ/20250916_LH00202_0275_B233JYLLT4/P36454_139_S149_L004_R1_001.fastq.gz	/cfs/klemming/projects/supr/snic2020-6-170/RawData/lcNGS_2025/files/P36454/P36454_139/02-FASTQ/20250916_LH00202_0275_B233JYLLT4/P36454_139_S149_L004_R2_001.fastq.gz
22.195	P36454_139.2	P36454P1	ILLUMINA	/cfs/klemming/projects/supr/snic2020-6-170/RawData/lcNGS_2025/files/P36454/P36454_139/02-FASTQ/20250916_LH00202_0275_B233JYLLT4/P36454_139_S149_L002_R1_001.fastq.gz	/cfs/klemming/projects/supr/snic2020-6-170/RawData/lcNGS_2025/files/P36454/P36454_139/02-FASTQ/20250916_LH00202_0275_B233JYLLT4/P36454_139_S149_L002_R2_001.fastq.gz
22.195	P36454_139.3	P36454P1	ILLUMINA	/cfs/klemming/projects/supr/snic2020-6-170/RawData/lcNGS_2025/files/P36454/P36454_139/02-FASTQ/20250916_LH00202_0275_B233JYLLT4/P36454_139_S149_L003_R1_001.fastq.gz	/cfs/klemming/projects/supr/snic2020-6-170/RawData/lcNGS_2025/files/P36454/P36454_139/02-FASTQ/20250916_LH00202_0275_B233JYLLT4/P36454_139_S149_L003_R2_001.fastq.gz
22.196	P36454_140.4	P36454P1	ILLUMINA	/cfs/klemming/projects/supr/snic2020-6-170/RawData/lcNGS_2025/files/P36454/P36454_140/02-FASTQ/20250916_LH00202_0275_B233JYLLT4/P36454_140_S150_L004_R1_001.fastq.gz	/cfs/klemming/projects/supr/snic2020-6-170/RawData/lcNGS_2025/files/P36454/P36454_140/02-FASTQ/20250916_LH00202_0275_B233JYLLT4/P36454_140_S150_L004_R2_001.fastq.gz
22.196	P36454_140.2	P36454P1	ILLUMINA	/cfs/klemming/projects/supr/snic2020-6-170/RawData/lcNGS_2025/files/P36454/P36454_140/02-FASTQ/20250916_LH00202_0275_B233JYLLT4/P36454_140_S150_L002_R1_001.fastq.gz	/cfs/klemming/projects/supr/snic2020-6-170/RawData/lcNGS_2025/files/P36454/P36454_140/02-FASTQ/20250916_LH00202_0275_B233JYLLT4/P36454_140_S150_L002_R2_001.fastq.gz
22.196	P36454_140.3	P36454P1	ILLUMINA	/cfs/klemming/projects/supr/snic2020-6-170/RawData/lcNGS_2025/files/P36454/P36454_140/02-FASTQ/20250916_LH00202_0275_B233JYLLT4/P36454_140_S150_L003_R1_001.fastq.gz	/cfs/klemming/projects/supr/snic2020-6-170/RawData/lcNGS_2025/files/P36454/P36454_140/02-FASTQ/20250916_LH00202_0275_B233JYLLT4/P36454_140_S150_L003_R2_001.fastq.gz
22.203	P36454_141.4	P36454P1	ILLUMINA	/cfs/klemming/projects/supr/snic2020-6-170/RawData/lcNGS_2025/files/P36454/P36454_141/02-FASTQ/20250916_LH00202_0275_B233JYLLT4/P36454_141_S151_L004_R1_001.fastq.gz	/cfs/klemming/projects/supr/snic2020-6-170/RawData/lcNGS_2025/files/P36454/P36454_141/02-FASTQ/20250916_LH00202_0275_B233JYLLT4/P36454_141_S151_L004_R2_001.fastq.gz
22.203	P36454_141.2	P36454P1	ILLUMINA	/cfs/klemming/projects/supr/snic2020-6-170/RawData/lcNGS_2025/files/P36454/P36454_141/02-FASTQ/20250916_LH00202_0275_B233JYLLT4/P36454_141_S151_L002_R1_001.fastq.gz	/cfs/klemming/projects/supr/snic2020-6-170/RawData/lcNGS_2025/files/P36454/P36454_141/02-FASTQ/20250916_LH00202_0275_B233JYLLT4/P36454_141_S151_L002_R2_001.fastq.gz
22.203	P36454_141.3	P36454P1	ILLUMINA	/cfs/klemming/projects/supr/snic2020-6-170/RawData/lcNGS_2025/files/P36454/P36454_141/02-FASTQ/20250916_LH00202_0275_B233JYLLT4/P36454_141_S151_L003_R1_001.fastq.gz	/cfs/klemming/projects/supr/snic2020-6-170/RawData/lcNGS_2025/files/P36454/P36454_141/02-FASTQ/20250916_LH00202_0275_B233JYLLT4/P36454_141_S151_L003_R2_001.fastq.gz
22.205	P36454_142.3	P36454P1	ILLUMINA	/cfs/klemming/projects/supr/snic2020-6-170/RawData/lcNGS_2025/files/P36454/P36454_142/02-FASTQ/20250916_LH00202_0275_B233JYLLT4/P36454_142_S152_L003_R1_001.fastq.gz	/cfs/klemming/projects/supr/snic2020-6-170/RawData/lcNGS_2025/files/P36454/P36454_142/02-FASTQ/20250916_LH00202_0275_B233JYLLT4/P36454_142_S152_L003_R2_001.fastq.gz
22.205	P36454_142.2	P36454P1	ILLUMINA	/cfs/klemming/projects/supr/snic2020-6-170/RawData/lcNGS_2025/files/P36454/P36454_142/02-FASTQ/20250916_LH00202_0275_B233JYLLT4/P36454_142_S152_L002_R1_001.fastq.gz	/cfs/klemming/projects/supr/snic2020-6-170/RawData/lcNGS_2025/files/P36454/P36454_142/02-FASTQ/20250916_LH00202_0275_B233JYLLT4/P36454_142_S152_L002_R2_001.fastq.gz
22.205	P36454_142.4	P36454P1	ILLUMINA	/cfs/klemming/projects/supr/snic2020-6-170/RawData/lcNGS_2025/files/P36454/P36454_142/02-FASTQ/20250916_LH00202_0275_B233JYLLT4/P36454_142_S152_L004_R1_001.fastq.gz	/cfs/klemming/projects/supr/snic2020-6-170/RawData/lcNGS_2025/files/P36454/P36454_142/02-FASTQ/20250916_LH00202_0275_B233JYLLT4/P36454_142_S152_L004_R2_001.fastq.gz
22.206	P36454_143.4	P36454P1	ILLUMINA	/cfs/klemming/projects/supr/snic2020-6-170/RawData/lcNGS_2025/files/P36454/P36454_143/02-FASTQ/20250916_LH00202_0275_B233JYLLT4/P36454_143_S153_L004_R1_001.fastq.gz	/cfs/klemming/projects/supr/snic2020-6-170/RawData/lcNGS_2025/files/P36454/P36454_143/02-FASTQ/20250916_LH00202_0275_B233JYLLT4/P36454_143_S153_L004_R2_001.fastq.gz
22.206	P36454_143.3	P36454P1	ILLUMINA	/cfs/klemming/projects/supr/snic2020-6-170/RawData/lcNGS_2025/files/P36454/P36454_143/02-FASTQ/20250916_LH00202_0275_B233JYLLT4/P36454_143_S153_L003_R1_001.fastq.gz	/cfs/klemming/projects/supr/snic2020-6-170/RawData/lcNGS_2025/files/P36454/P36454_143/02-FASTQ/20250916_LH00202_0275_B233JYLLT4/P36454_143_S153_L003_R2_001.fastq.gz
22.206	P36454_143.2	P36454P1	ILLUMINA	/cfs/klemming/projects/supr/snic2020-6-170/RawData/lcNGS_2025/files/P36454/P36454_143/02-FASTQ/20250916_LH00202_0275_B233JYLLT4/P36454_143_S153_L002_R1_001.fastq.gz	/cfs/klemming/projects/supr/snic2020-6-170/RawData/lcNGS_2025/files/P36454/P36454_143/02-FASTQ/20250916_LH00202_0275_B233JYLLT4/P36454_143_S153_L002_R2_001.fastq.gz
22.307	P36454_144.3	P36454P1	ILLUMINA	/cfs/klemming/projects/supr/snic2020-6-170/RawData/lcNGS_2025/files/P36454/P36454_144/02-FASTQ/20250916_LH00202_0275_B233JYLLT4/P36454_144_S154_L003_R1_001.fastq.gz	/cfs/klemming/projects/supr/snic2020-6-170/RawData/lcNGS_2025/files/P36454/P36454_144/02-FASTQ/20250916_LH00202_0275_B233JYLLT4/P36454_144_S154_L003_R2_001.fastq.gz
22.307	P36454_144.4	P36454P1	ILLUMINA	/cfs/klemming/projects/supr/snic2020-6-170/RawData/lcNGS_2025/files/P36454/P36454_144/02-FASTQ/20250916_LH00202_0275_B233JYLLT4/P36454_144_S154_L004_R1_001.fastq.gz	/cfs/klemming/projects/supr/snic2020-6-170/RawData/lcNGS_2025/files/P36454/P36454_144/02-FASTQ/20250916_LH00202_0275_B233JYLLT4/P36454_144_S154_L004_R2_001.fastq.gz
22.307	P36454_144.2	P36454P1	ILLUMINA	/cfs/klemming/projects/supr/snic2020-6-170/RawData/lcNGS_2025/files/P36454/P36454_144/02-FASTQ/20250916_LH00202_0275_B233JYLLT4/P36454_144_S154_L002_R1_001.fastq.gz	/cfs/klemming/projects/supr/snic2020-6-170/RawData/lcNGS_2025/files/P36454/P36454_144/02-FASTQ/20250916_LH00202_0275_B233JYLLT4/P36454_144_S154_L002_R2_001.fastq.gz
22.308	P36454_145.4	P36454P1	ILLUMINA	/cfs/klemming/projects/supr/snic2020-6-170/RawData/lcNGS_2025/files/P36454/P36454_145/02-FASTQ/20250916_LH00202_0275_B233JYLLT4/P36454_145_S155_L004_R1_001.fastq.gz	/cfs/klemming/projects/supr/snic2020-6-170/RawData/lcNGS_2025/files/P36454/P36454_145/02-FASTQ/20250916_LH00202_0275_B233JYLLT4/P36454_145_S155_L004_R2_001.fastq.gz
22.308	P36454_145.2	P36454P1	ILLUMINA	/cfs/klemming/projects/supr/snic2020-6-170/RawData/lcNGS_2025/files/P36454/P36454_145/02-FASTQ/20250916_LH00202_0275_B233JYLLT4/P36454_145_S155_L002_R1_001.fastq.gz	/cfs/klemming/projects/supr/snic2020-6-170/RawData/lcNGS_2025/files/P36454/P36454_145/02-FASTQ/20250916_LH00202_0275_B233JYLLT4/P36454_145_S155_L002_R2_001.fastq.gz
22.308	P36454_145.3	P36454P1	ILLUMINA	/cfs/klemming/projects/supr/snic2020-6-170/RawData/lcNGS_2025/files/P36454/P36454_145/02-FASTQ/20250916_LH00202_0275_B233JYLLT4/P36454_145_S155_L003_R1_001.fastq.gz	/cfs/klemming/projects/supr/snic2020-6-170/RawData/lcNGS_2025/files/P36454/P36454_145/02-FASTQ/20250916_LH00202_0275_B233JYLLT4/P36454_145_S155_L003_R2_001.fastq.gz
22.309	P36454_146.3	P36454P1	ILLUMINA	/cfs/klemming/projects/supr/snic2020-6-170/RawData/lcNGS_2025/files/P36454/P36454_146/02-FASTQ/20250916_LH00202_0275_B233JYLLT4/P36454_146_S156_L003_R1_001.fastq.gz	/cfs/klemming/projects/supr/snic2020-6-170/RawData/lcNGS_2025/files/P36454/P36454_146/02-FASTQ/20250916_LH00202_0275_B233JYLLT4/P36454_146_S156_L003_R2_001.fastq.gz
22.309	P36454_146.4	P36454P1	ILLUMINA	/cfs/klemming/projects/supr/snic2020-6-170/RawData/lcNGS_2025/files/P36454/P36454_146/02-FASTQ/20250916_LH00202_0275_B233JYLLT4/P36454_146_S156_L004_R1_001.fastq.gz	/cfs/klemming/projects/supr/snic2020-6-170/RawData/lcNGS_2025/files/P36454/P36454_146/02-FASTQ/20250916_LH00202_0275_B233JYLLT4/P36454_146_S156_L004_R2_001.fastq.gz
22.309	P36454_146.2	P36454P1	ILLUMINA	/cfs/klemming/projects/supr/snic2020-6-170/RawData/lcNGS_2025/files/P36454/P36454_146/02-FASTQ/20250916_LH00202_0275_B233JYLLT4/P36454_146_S156_L002_R1_001.fastq.gz	/cfs/klemming/projects/supr/snic2020-6-170/RawData/lcNGS_2025/files/P36454/P36454_146/02-FASTQ/20250916_LH00202_0275_B233JYLLT4/P36454_146_S156_L002_R2_001.fastq.gz
22.310	P36454_147.4	P36454P1	ILLUMINA	/cfs/klemming/projects/supr/snic2020-6-170/RawData/lcNGS_2025/files/P36454/P36454_147/02-FASTQ/20250916_LH00202_0275_B233JYLLT4/P36454_147_S157_L004_R1_001.fastq.gz	/cfs/klemming/projects/supr/snic2020-6-170/RawData/lcNGS_2025/files/P36454/P36454_147/02-FASTQ/20250916_LH00202_0275_B233JYLLT4/P36454_147_S157_L004_R2_001.fastq.gz
22.310	P36454_147.2	P36454P1	ILLUMINA	/cfs/klemming/projects/supr/snic2020-6-170/RawData/lcNGS_2025/files/P36454/P36454_147/02-FASTQ/20250916_LH00202_0275_B233JYLLT4/P36454_147_S157_L002_R1_001.fastq.gz	/cfs/klemming/projects/supr/snic2020-6-170/RawData/lcNGS_2025/files/P36454/P36454_147/02-FASTQ/20250916_LH00202_0275_B233JYLLT4/P36454_147_S157_L002_R2_001.fastq.gz
22.310	P36454_147.3	P36454P1	ILLUMINA	/cfs/klemming/projects/supr/snic2020-6-170/RawData/lcNGS_2025/files/P36454/P36454_147/02-FASTQ/20250916_LH00202_0275_B233JYLLT4/P36454_147_S157_L003_R1_001.fastq.gz	/cfs/klemming/projects/supr/snic2020-6-170/RawData/lcNGS_2025/files/P36454/P36454_147/02-FASTQ/20250916_LH00202_0275_B233JYLLT4/P36454_147_S157_L003_R2_001.fastq.gz
22.317	P36454_148.4	P36454P1	ILLUMINA	/cfs/klemming/projects/supr/snic2020-6-170/RawData/lcNGS_2025/files/P36454/P36454_148/02-FASTQ/20250916_LH00202_0275_B233JYLLT4/P36454_148_S158_L004_R1_001.fastq.gz	/cfs/klemming/projects/supr/snic2020-6-170/RawData/lcNGS_2025/files/P36454/P36454_148/02-FASTQ/20250916_LH00202_0275_B233JYLLT4/P36454_148_S158_L004_R2_001.fastq.gz
22.317	P36454_148.3	P36454P1	ILLUMINA	/cfs/klemming/projects/supr/snic2020-6-170/RawData/lcNGS_2025/files/P36454/P36454_148/02-FASTQ/20250916_LH00202_0275_B233JYLLT4/P36454_148_S158_L003_R1_001.fastq.gz	/cfs/klemming/projects/supr/snic2020-6-170/RawData/lcNGS_2025/files/P36454/P36454_148/02-FASTQ/20250916_LH00202_0275_B233JYLLT4/P36454_148_S158_L003_R2_001.fastq.gz
22.317	P36454_148.2	P36454P1	ILLUMINA	/cfs/klemming/projects/supr/snic2020-6-170/RawData/lcNGS_2025/files/P36454/P36454_148/02-FASTQ/20250916_LH00202_0275_B233JYLLT4/P36454_148_S158_L002_R1_001.fastq.gz	/cfs/klemming/projects/supr/snic2020-6-170/RawData/lcNGS_2025/files/P36454/P36454_148/02-FASTQ/20250916_LH00202_0275_B233JYLLT4/P36454_148_S158_L002_R2_001.fastq.gz
23.31	P36454_149.4	P36454P1	ILLUMINA	/cfs/klemming/projects/supr/snic2020-6-170/RawData/lcNGS_2025/files/P36454/P36454_149/02-FASTQ/20250916_LH00202_0275_B233JYLLT4/P36454_149_S159_L004_R1_001.fastq.gz	/cfs/klemming/projects/supr/snic2020-6-170/RawData/lcNGS_2025/files/P36454/P36454_149/02-FASTQ/20250916_LH00202_0275_B233JYLLT4/P36454_149_S159_L004_R2_001.fastq.gz
23.31	P36454_149.2	P36454P1	ILLUMINA	/cfs/klemming/projects/supr/snic2020-6-170/RawData/lcNGS_2025/files/P36454/P36454_149/02-FASTQ/20250916_LH00202_0275_B233JYLLT4/P36454_149_S159_L002_R1_001.fastq.gz	/cfs/klemming/projects/supr/snic2020-6-170/RawData/lcNGS_2025/files/P36454/P36454_149/02-FASTQ/20250916_LH00202_0275_B233JYLLT4/P36454_149_S159_L002_R2_001.fastq.gz
23.31	P36454_149.3	P36454P1	ILLUMINA	/cfs/klemming/projects/supr/snic2020-6-170/RawData/lcNGS_2025/files/P36454/P36454_149/02-FASTQ/20250916_LH00202_0275_B233JYLLT4/P36454_149_S159_L003_R1_001.fastq.gz	/cfs/klemming/projects/supr/snic2020-6-170/RawData/lcNGS_2025/files/P36454/P36454_149/02-FASTQ/20250916_LH00202_0275_B233JYLLT4/P36454_149_S159_L003_R2_001.fastq.gz
23.32	P36454_150.4	P36454P1	ILLUMINA	/cfs/klemming/projects/supr/snic2020-6-170/RawData/lcNGS_2025/files/P36454/P36454_150/02-FASTQ/20250916_LH00202_0275_B233JYLLT4/P36454_150_S160_L004_R1_001.fastq.gz	/cfs/klemming/projects/supr/snic2020-6-170/RawData/lcNGS_2025/files/P36454/P36454_150/02-FASTQ/20250916_LH00202_0275_B233JYLLT4/P36454_150_S160_L004_R2_001.fastq.gz
23.32	P36454_150.2	P36454P1	ILLUMINA	/cfs/klemming/projects/supr/snic2020-6-170/RawData/lcNGS_2025/files/P36454/P36454_150/02-FASTQ/20250916_LH00202_0275_B233JYLLT4/P36454_150_S160_L002_R1_001.fastq.gz	/cfs/klemming/projects/supr/snic2020-6-170/RawData/lcNGS_2025/files/P36454/P36454_150/02-FASTQ/20250916_LH00202_0275_B233JYLLT4/P36454_150_S160_L002_R2_001.fastq.gz
23.32	P36454_150.3	P36454P1	ILLUMINA	/cfs/klemming/projects/supr/snic2020-6-170/RawData/lcNGS_2025/files/P36454/P36454_150/02-FASTQ/20250916_LH00202_0275_B233JYLLT4/P36454_150_S160_L003_R1_001.fastq.gz	/cfs/klemming/projects/supr/snic2020-6-170/RawData/lcNGS_2025/files/P36454/P36454_150/02-FASTQ/20250916_LH00202_0275_B233JYLLT4/P36454_150_S160_L003_R2_001.fastq.gz
23.33	P36454_151.4	P36454P1	ILLUMINA	/cfs/klemming/projects/supr/snic2020-6-170/RawData/lcNGS_2025/files/P36454/P36454_151/02-FASTQ/20250916_LH00202_0275_B233JYLLT4/P36454_151_S161_L004_R1_001.fastq.gz	/cfs/klemming/projects/supr/snic2020-6-170/RawData/lcNGS_2025/files/P36454/P36454_151/02-FASTQ/20250916_LH00202_0275_B233JYLLT4/P36454_151_S161_L004_R2_001.fastq.gz
23.33	P36454_151.2	P36454P1	ILLUMINA	/cfs/klemming/projects/supr/snic2020-6-170/RawData/lcNGS_2025/files/P36454/P36454_151/02-FASTQ/20250916_LH00202_0275_B233JYLLT4/P36454_151_S161_L002_R1_001.fastq.gz	/cfs/klemming/projects/supr/snic2020-6-170/RawData/lcNGS_2025/files/P36454/P36454_151/02-FASTQ/20250916_LH00202_0275_B233JYLLT4/P36454_151_S161_L002_R2_001.fastq.gz
23.33	P36454_151.3	P36454P1	ILLUMINA	/cfs/klemming/projects/supr/snic2020-6-170/RawData/lcNGS_2025/files/P36454/P36454_151/02-FASTQ/20250916_LH00202_0275_B233JYLLT4/P36454_151_S161_L003_R1_001.fastq.gz	/cfs/klemming/projects/supr/snic2020-6-170/RawData/lcNGS_2025/files/P36454/P36454_151/02-FASTQ/20250916_LH00202_0275_B233JYLLT4/P36454_151_S161_L003_R2_001.fastq.gz
23.116	P36454_152.4	P36454P1	ILLUMINA	/cfs/klemming/projects/supr/snic2020-6-170/RawData/lcNGS_2025/files/P36454/P36454_152/02-FASTQ/20250916_LH00202_0275_B233JYLLT4/P36454_152_S162_L004_R1_001.fastq.gz	/cfs/klemming/projects/supr/snic2020-6-170/RawData/lcNGS_2025/files/P36454/P36454_152/02-FASTQ/20250916_LH00202_0275_B233JYLLT4/P36454_152_S162_L004_R2_001.fastq.gz
23.116	P36454_152.3	P36454P1	ILLUMINA	/cfs/klemming/projects/supr/snic2020-6-170/RawData/lcNGS_2025/files/P36454/P36454_152/02-FASTQ/20250916_LH00202_0275_B233JYLLT4/P36454_152_S162_L003_R1_001.fastq.gz	/cfs/klemming/projects/supr/snic2020-6-170/RawData/lcNGS_2025/files/P36454/P36454_152/02-FASTQ/20250916_LH00202_0275_B233JYLLT4/P36454_152_S162_L003_R2_001.fastq.gz
23.116	P36454_152.2	P36454P1	ILLUMINA	/cfs/klemming/projects/supr/snic2020-6-170/RawData/lcNGS_2025/files/P36454/P36454_152/02-FASTQ/20250916_LH00202_0275_B233JYLLT4/P36454_152_S162_L002_R1_001.fastq.gz	/cfs/klemming/projects/supr/snic2020-6-170/RawData/lcNGS_2025/files/P36454/P36454_152/02-FASTQ/20250916_LH00202_0275_B233JYLLT4/P36454_152_S162_L002_R2_001.fastq.gz
23.117	P36454_153.4	P36454P1	ILLUMINA	/cfs/klemming/projects/supr/snic2020-6-170/RawData/lcNGS_2025/files/P36454/P36454_153/02-FASTQ/20250916_LH00202_0275_B233JYLLT4/P36454_153_S163_L004_R1_001.fastq.gz	/cfs/klemming/projects/supr/snic2020-6-170/RawData/lcNGS_2025/files/P36454/P36454_153/02-FASTQ/20250916_LH00202_0275_B233JYLLT4/P36454_153_S163_L004_R2_001.fastq.gz
23.117	P36454_153.2	P36454P1	ILLUMINA	/cfs/klemming/projects/supr/snic2020-6-170/RawData/lcNGS_2025/files/P36454/P36454_153/02-FASTQ/20250916_LH00202_0275_B233JYLLT4/P36454_153_S163_L002_R1_001.fastq.gz	/cfs/klemming/projects/supr/snic2020-6-170/RawData/lcNGS_2025/files/P36454/P36454_153/02-FASTQ/20250916_LH00202_0275_B233JYLLT4/P36454_153_S163_L002_R2_001.fastq.gz
23.117	P36454_153.3	P36454P1	ILLUMINA	/cfs/klemming/projects/supr/snic2020-6-170/RawData/lcNGS_2025/files/P36454/P36454_153/02-FASTQ/20250916_LH00202_0275_B233JYLLT4/P36454_153_S163_L003_R1_001.fastq.gz	/cfs/klemming/projects/supr/snic2020-6-170/RawData/lcNGS_2025/files/P36454/P36454_153/02-FASTQ/20250916_LH00202_0275_B233JYLLT4/P36454_153_S163_L003_R2_001.fastq.gz
23.122	P36454_154.3	P36454P1	ILLUMINA	/cfs/klemming/projects/supr/snic2020-6-170/RawData/lcNGS_2025/files/P36454/P36454_154/02-FASTQ/20250916_LH00202_0275_B233JYLLT4/P36454_154_S164_L003_R1_001.fastq.gz	/cfs/klemming/projects/supr/snic2020-6-170/RawData/lcNGS_2025/files/P36454/P36454_154/02-FASTQ/20250916_LH00202_0275_B233JYLLT4/P36454_154_S164_L003_R2_001.fastq.gz
23.122	P36454_154.2	P36454P1	ILLUMINA	/cfs/klemming/projects/supr/snic2020-6-170/RawData/lcNGS_2025/files/P36454/P36454_154/02-FASTQ/20250916_LH00202_0275_B233JYLLT4/P36454_154_S164_L002_R1_001.fastq.gz	/cfs/klemming/projects/supr/snic2020-6-170/RawData/lcNGS_2025/files/P36454/P36454_154/02-FASTQ/20250916_LH00202_0275_B233JYLLT4/P36454_154_S164_L002_R2_001.fastq.gz
23.122	P36454_154.4	P36454P1	ILLUMINA	/cfs/klemming/projects/supr/snic2020-6-170/RawData/lcNGS_2025/files/P36454/P36454_154/02-FASTQ/20250916_LH00202_0275_B233JYLLT4/P36454_154_S164_L004_R1_001.fastq.gz	/cfs/klemming/projects/supr/snic2020-6-170/RawData/lcNGS_2025/files/P36454/P36454_154/02-FASTQ/20250916_LH00202_0275_B233JYLLT4/P36454_154_S164_L004_R2_001.fastq.gz
23.123	P36454_155.2	P36454P1	ILLUMINA	/cfs/klemming/projects/supr/snic2020-6-170/RawData/lcNGS_2025/files/P36454/P36454_155/02-FASTQ/20250916_LH00202_0275_B233JYLLT4/P36454_155_S165_L002_R1_001.fastq.gz	/cfs/klemming/projects/supr/snic2020-6-170/RawData/lcNGS_2025/files/P36454/P36454_155/02-FASTQ/20250916_LH00202_0275_B233JYLLT4/P36454_155_S165_L002_R2_001.fastq.gz
23.123	P36454_155.4	P36454P1	ILLUMINA	/cfs/klemming/projects/supr/snic2020-6-170/RawData/lcNGS_2025/files/P36454/P36454_155/02-FASTQ/20250916_LH00202_0275_B233JYLLT4/P36454_155_S165_L004_R1_001.fastq.gz	/cfs/klemming/projects/supr/snic2020-6-170/RawData/lcNGS_2025/files/P36454/P36454_155/02-FASTQ/20250916_LH00202_0275_B233JYLLT4/P36454_155_S165_L004_R2_001.fastq.gz
23.123	P36454_155.3	P36454P1	ILLUMINA	/cfs/klemming/projects/supr/snic2020-6-170/RawData/lcNGS_2025/files/P36454/P36454_155/02-FASTQ/20250916_LH00202_0275_B233JYLLT4/P36454_155_S165_L003_R1_001.fastq.gz	/cfs/klemming/projects/supr/snic2020-6-170/RawData/lcNGS_2025/files/P36454/P36454_155/02-FASTQ/20250916_LH00202_0275_B233JYLLT4/P36454_155_S165_L003_R2_001.fastq.gz
23.272	P36454_156.3	P36454P1	ILLUMINA	/cfs/klemming/projects/supr/snic2020-6-170/RawData/lcNGS_2025/files/P36454/P36454_156/02-FASTQ/20250916_LH00202_0275_B233JYLLT4/P36454_156_S166_L003_R1_001.fastq.gz	/cfs/klemming/projects/supr/snic2020-6-170/RawData/lcNGS_2025/files/P36454/P36454_156/02-FASTQ/20250916_LH00202_0275_B233JYLLT4/P36454_156_S166_L003_R2_001.fastq.gz
23.272	P36454_156.4	P36454P1	ILLUMINA	/cfs/klemming/projects/supr/snic2020-6-170/RawData/lcNGS_2025/files/P36454/P36454_156/02-FASTQ/20250916_LH00202_0275_B233JYLLT4/P36454_156_S166_L004_R1_001.fastq.gz	/cfs/klemming/projects/supr/snic2020-6-170/RawData/lcNGS_2025/files/P36454/P36454_156/02-FASTQ/20250916_LH00202_0275_B233JYLLT4/P36454_156_S166_L004_R2_001.fastq.gz
23.272	P36454_156.2	P36454P1	ILLUMINA	/cfs/klemming/projects/supr/snic2020-6-170/RawData/lcNGS_2025/files/P36454/P36454_156/02-FASTQ/20250916_LH00202_0275_B233JYLLT4/P36454_156_S166_L002_R1_001.fastq.gz	/cfs/klemming/projects/supr/snic2020-6-170/RawData/lcNGS_2025/files/P36454/P36454_156/02-FASTQ/20250916_LH00202_0275_B233JYLLT4/P36454_156_S166_L002_R2_001.fastq.gz
23.273	P36454_157.4	P36454P1	ILLUMINA	/cfs/klemming/projects/supr/snic2020-6-170/RawData/lcNGS_2025/files/P36454/P36454_157/02-FASTQ/20250916_LH00202_0275_B233JYLLT4/P36454_157_S167_L004_R1_001.fastq.gz	/cfs/klemming/projects/supr/snic2020-6-170/RawData/lcNGS_2025/files/P36454/P36454_157/02-FASTQ/20250916_LH00202_0275_B233JYLLT4/P36454_157_S167_L004_R2_001.fastq.gz
23.273	P36454_157.2	P36454P1	ILLUMINA	/cfs/klemming/projects/supr/snic2020-6-170/RawData/lcNGS_2025/files/P36454/P36454_157/02-FASTQ/20250916_LH00202_0275_B233JYLLT4/P36454_157_S167_L002_R1_001.fastq.gz	/cfs/klemming/projects/supr/snic2020-6-170/RawData/lcNGS_2025/files/P36454/P36454_157/02-FASTQ/20250916_LH00202_0275_B233JYLLT4/P36454_157_S167_L002_R2_001.fastq.gz
23.273	P36454_157.3	P36454P1	ILLUMINA	/cfs/klemming/projects/supr/snic2020-6-170/RawData/lcNGS_2025/files/P36454/P36454_157/02-FASTQ/20250916_LH00202_0275_B233JYLLT4/P36454_157_S167_L003_R1_001.fastq.gz	/cfs/klemming/projects/supr/snic2020-6-170/RawData/lcNGS_2025/files/P36454/P36454_157/02-FASTQ/20250916_LH00202_0275_B233JYLLT4/P36454_157_S167_L003_R2_001.fastq.gz
23.274	P36454_158.2	P36454P1	ILLUMINA	/cfs/klemming/projects/supr/snic2020-6-170/RawData/lcNGS_2025/files/P36454/P36454_158/02-FASTQ/20250916_LH00202_0275_B233JYLLT4/P36454_158_S168_L002_R1_001.fastq.gz	/cfs/klemming/projects/supr/snic2020-6-170/RawData/lcNGS_2025/files/P36454/P36454_158/02-FASTQ/20250916_LH00202_0275_B233JYLLT4/P36454_158_S168_L002_R2_001.fastq.gz
23.274	P36454_158.4	P36454P1	ILLUMINA	/cfs/klemming/projects/supr/snic2020-6-170/RawData/lcNGS_2025/files/P36454/P36454_158/02-FASTQ/20250916_LH00202_0275_B233JYLLT4/P36454_158_S168_L004_R1_001.fastq.gz	/cfs/klemming/projects/supr/snic2020-6-170/RawData/lcNGS_2025/files/P36454/P36454_158/02-FASTQ/20250916_LH00202_0275_B233JYLLT4/P36454_158_S168_L004_R2_001.fastq.gz
23.274	P36454_158.3	P36454P1	ILLUMINA	/cfs/klemming/projects/supr/snic2020-6-170/RawData/lcNGS_2025/files/P36454/P36454_158/02-FASTQ/20250916_LH00202_0275_B233JYLLT4/P36454_158_S168_L003_R1_001.fastq.gz	/cfs/klemming/projects/supr/snic2020-6-170/RawData/lcNGS_2025/files/P36454/P36454_158/02-FASTQ/20250916_LH00202_0275_B233JYLLT4/P36454_158_S168_L003_R2_001.fastq.gz
23.275	P36454_159.2	P36454P1	ILLUMINA	/cfs/klemming/projects/supr/snic2020-6-170/RawData/lcNGS_2025/files/P36454/P36454_159/02-FASTQ/20250916_LH00202_0275_B233JYLLT4/P36454_159_S169_L002_R1_001.fastq.gz	/cfs/klemming/projects/supr/snic2020-6-170/RawData/lcNGS_2025/files/P36454/P36454_159/02-FASTQ/20250916_LH00202_0275_B233JYLLT4/P36454_159_S169_L002_R2_001.fastq.gz
23.275	P36454_159.3	P36454P1	ILLUMINA	/cfs/klemming/projects/supr/snic2020-6-170/RawData/lcNGS_2025/files/P36454/P36454_159/02-FASTQ/20250916_LH00202_0275_B233JYLLT4/P36454_159_S169_L003_R1_001.fastq.gz	/cfs/klemming/projects/supr/snic2020-6-170/RawData/lcNGS_2025/files/P36454/P36454_159/02-FASTQ/20250916_LH00202_0275_B233JYLLT4/P36454_159_S169_L003_R2_001.fastq.gz
23.275	P36454_159.4	P36454P1	ILLUMINA	/cfs/klemming/projects/supr/snic2020-6-170/RawData/lcNGS_2025/files/P36454/P36454_159/02-FASTQ/20250916_LH00202_0275_B233JYLLT4/P36454_159_S169_L004_R1_001.fastq.gz	/cfs/klemming/projects/supr/snic2020-6-170/RawData/lcNGS_2025/files/P36454/P36454_159/02-FASTQ/20250916_LH00202_0275_B233JYLLT4/P36454_159_S169_L004_R2_001.fastq.gz
23.280	P36454_160.3	P36454P1	ILLUMINA	/cfs/klemming/projects/supr/snic2020-6-170/RawData/lcNGS_2025/files/P36454/P36454_160/02-FASTQ/20250916_LH00202_0275_B233JYLLT4/P36454_160_S170_L003_R1_001.fastq.gz	/cfs/klemming/projects/supr/snic2020-6-170/RawData/lcNGS_2025/files/P36454/P36454_160/02-FASTQ/20250916_LH00202_0275_B233JYLLT4/P36454_160_S170_L003_R2_001.fastq.gz
23.280	P36454_160.2	P36454P1	ILLUMINA	/cfs/klemming/projects/supr/snic2020-6-170/RawData/lcNGS_2025/files/P36454/P36454_160/02-FASTQ/20250916_LH00202_0275_B233JYLLT4/P36454_160_S170_L002_R1_001.fastq.gz	/cfs/klemming/projects/supr/snic2020-6-170/RawData/lcNGS_2025/files/P36454/P36454_160/02-FASTQ/20250916_LH00202_0275_B233JYLLT4/P36454_160_S170_L002_R2_001.fastq.gz
23.280	P36454_160.4	P36454P1	ILLUMINA	/cfs/klemming/projects/supr/snic2020-6-170/RawData/lcNGS_2025/files/P36454/P36454_160/02-FASTQ/20250916_LH00202_0275_B233JYLLT4/P36454_160_S170_L004_R1_001.fastq.gz	/cfs/klemming/projects/supr/snic2020-6-170/RawData/lcNGS_2025/files/P36454/P36454_160/02-FASTQ/20250916_LH00202_0275_B233JYLLT4/P36454_160_S170_L004_R2_001.fastq.gz
23.281	P36454_161.4	P36454P1	ILLUMINA	/cfs/klemming/projects/supr/snic2020-6-170/RawData/lcNGS_2025/files/P36454/P36454_161/02-FASTQ/20250916_LH00202_0275_B233JYLLT4/P36454_161_S171_L004_R1_001.fastq.gz	/cfs/klemming/projects/supr/snic2020-6-170/RawData/lcNGS_2025/files/P36454/P36454_161/02-FASTQ/20250916_LH00202_0275_B233JYLLT4/P36454_161_S171_L004_R2_001.fastq.gz
23.281	P36454_161.2	P36454P1	ILLUMINA	/cfs/klemming/projects/supr/snic2020-6-170/RawData/lcNGS_2025/files/P36454/P36454_161/02-FASTQ/20250916_LH00202_0275_B233JYLLT4/P36454_161_S171_L002_R1_001.fastq.gz	/cfs/klemming/projects/supr/snic2020-6-170/RawData/lcNGS_2025/files/P36454/P36454_161/02-FASTQ/20250916_LH00202_0275_B233JYLLT4/P36454_161_S171_L002_R2_001.fastq.gz
23.281	P36454_161.3	P36454P1	ILLUMINA	/cfs/klemming/projects/supr/snic2020-6-170/RawData/lcNGS_2025/files/P36454/P36454_161/02-FASTQ/20250916_LH00202_0275_B233JYLLT4/P36454_161_S171_L003_R1_001.fastq.gz	/cfs/klemming/projects/supr/snic2020-6-170/RawData/lcNGS_2025/files/P36454/P36454_161/02-FASTQ/20250916_LH00202_0275_B233JYLLT4/P36454_161_S171_L003_R2_001.fastq.gz
23.303	P36454_162.2	P36454P1	ILLUMINA	/cfs/klemming/projects/supr/snic2020-6-170/RawData/lcNGS_2025/files/P36454/P36454_162/02-FASTQ/20250916_LH00202_0275_B233JYLLT4/P36454_162_S172_L002_R1_001.fastq.gz	/cfs/klemming/projects/supr/snic2020-6-170/RawData/lcNGS_2025/files/P36454/P36454_162/02-FASTQ/20250916_LH00202_0275_B233JYLLT4/P36454_162_S172_L002_R2_001.fastq.gz
23.303	P36454_162.4	P36454P1	ILLUMINA	/cfs/klemming/projects/supr/snic2020-6-170/RawData/lcNGS_2025/files/P36454/P36454_162/02-FASTQ/20250916_LH00202_0275_B233JYLLT4/P36454_162_S172_L004_R1_001.fastq.gz	/cfs/klemming/projects/supr/snic2020-6-170/RawData/lcNGS_2025/files/P36454/P36454_162/02-FASTQ/20250916_LH00202_0275_B233JYLLT4/P36454_162_S172_L004_R2_001.fastq.gz
23.303	P36454_162.3	P36454P1	ILLUMINA	/cfs/klemming/projects/supr/snic2020-6-170/RawData/lcNGS_2025/files/P36454/P36454_162/02-FASTQ/20250916_LH00202_0275_B233JYLLT4/P36454_162_S172_L003_R1_001.fastq.gz	/cfs/klemming/projects/supr/snic2020-6-170/RawData/lcNGS_2025/files/P36454/P36454_162/02-FASTQ/20250916_LH00202_0275_B233JYLLT4/P36454_162_S172_L003_R2_001.fastq.gz
23.304	P36454_163.3	P36454P1	ILLUMINA	/cfs/klemming/projects/supr/snic2020-6-170/RawData/lcNGS_2025/files/P36454/P36454_163/02-FASTQ/20250916_LH00202_0275_B233JYLLT4/P36454_163_S173_L003_R1_001.fastq.gz	/cfs/klemming/projects/supr/snic2020-6-170/RawData/lcNGS_2025/files/P36454/P36454_163/02-FASTQ/20250916_LH00202_0275_B233JYLLT4/P36454_163_S173_L003_R2_001.fastq.gz
23.304	P36454_163.4	P36454P1	ILLUMINA	/cfs/klemming/projects/supr/snic2020-6-170/RawData/lcNGS_2025/files/P36454/P36454_163/02-FASTQ/20250916_LH00202_0275_B233JYLLT4/P36454_163_S173_L004_R1_001.fastq.gz	/cfs/klemming/projects/supr/snic2020-6-170/RawData/lcNGS_2025/files/P36454/P36454_163/02-FASTQ/20250916_LH00202_0275_B233JYLLT4/P36454_163_S173_L004_R2_001.fastq.gz
23.304	P36454_163.2	P36454P1	ILLUMINA	/cfs/klemming/projects/supr/snic2020-6-170/RawData/lcNGS_2025/files/P36454/P36454_163/02-FASTQ/20250916_LH00202_0275_B233JYLLT4/P36454_163_S173_L002_R1_001.fastq.gz	/cfs/klemming/projects/supr/snic2020-6-170/RawData/lcNGS_2025/files/P36454/P36454_163/02-FASTQ/20250916_LH00202_0275_B233JYLLT4/P36454_163_S173_L002_R2_001.fastq.gz
23.307	P36454_164.2	P36454P1	ILLUMINA	/cfs/klemming/projects/supr/snic2020-6-170/RawData/lcNGS_2025/files/P36454/P36454_164/02-FASTQ/20250916_LH00202_0275_B233JYLLT4/P36454_164_S174_L002_R1_001.fastq.gz	/cfs/klemming/projects/supr/snic2020-6-170/RawData/lcNGS_2025/files/P36454/P36454_164/02-FASTQ/20250916_LH00202_0275_B233JYLLT4/P36454_164_S174_L002_R2_001.fastq.gz
23.307	P36454_164.4	P36454P1	ILLUMINA	/cfs/klemming/projects/supr/snic2020-6-170/RawData/lcNGS_2025/files/P36454/P36454_164/02-FASTQ/20250916_LH00202_0275_B233JYLLT4/P36454_164_S174_L004_R1_001.fastq.gz	/cfs/klemming/projects/supr/snic2020-6-170/RawData/lcNGS_2025/files/P36454/P36454_164/02-FASTQ/20250916_LH00202_0275_B233JYLLT4/P36454_164_S174_L004_R2_001.fastq.gz
23.307	P36454_164.3	P36454P1	ILLUMINA	/cfs/klemming/projects/supr/snic2020-6-170/RawData/lcNGS_2025/files/P36454/P36454_164/02-FASTQ/20250916_LH00202_0275_B233JYLLT4/P36454_164_S174_L003_R1_001.fastq.gz	/cfs/klemming/projects/supr/snic2020-6-170/RawData/lcNGS_2025/files/P36454/P36454_164/02-FASTQ/20250916_LH00202_0275_B233JYLLT4/P36454_164_S174_L003_R2_001.fastq.gz
24.98	P36454_165.4	P36454P1	ILLUMINA	/cfs/klemming/projects/supr/snic2020-6-170/RawData/lcNGS_2025/files/P36454/P36454_165/02-FASTQ/20250916_LH00202_0275_B233JYLLT4/P36454_165_S175_L004_R1_001.fastq.gz	/cfs/klemming/projects/supr/snic2020-6-170/RawData/lcNGS_2025/files/P36454/P36454_165/02-FASTQ/20250916_LH00202_0275_B233JYLLT4/P36454_165_S175_L004_R2_001.fastq.gz
24.98	P36454_165.2	P36454P1	ILLUMINA	/cfs/klemming/projects/supr/snic2020-6-170/RawData/lcNGS_2025/files/P36454/P36454_165/02-FASTQ/20250916_LH00202_0275_B233JYLLT4/P36454_165_S175_L002_R1_001.fastq.gz	/cfs/klemming/projects/supr/snic2020-6-170/RawData/lcNGS_2025/files/P36454/P36454_165/02-FASTQ/20250916_LH00202_0275_B233JYLLT4/P36454_165_S175_L002_R2_001.fastq.gz
24.98	P36454_165.3	P36454P1	ILLUMINA	/cfs/klemming/projects/supr/snic2020-6-170/RawData/lcNGS_2025/files/P36454/P36454_165/02-FASTQ/20250916_LH00202_0275_B233JYLLT4/P36454_165_S175_L003_R1_001.fastq.gz	/cfs/klemming/projects/supr/snic2020-6-170/RawData/lcNGS_2025/files/P36454/P36454_165/02-FASTQ/20250916_LH00202_0275_B233JYLLT4/P36454_165_S175_L003_R2_001.fastq.gz
24.99	P36454_166.2	P36454P1	ILLUMINA	/cfs/klemming/projects/supr/snic2020-6-170/RawData/lcNGS_2025/files/P36454/P36454_166/02-FASTQ/20250916_LH00202_0275_B233JYLLT4/P36454_166_S176_L002_R1_001.fastq.gz	/cfs/klemming/projects/supr/snic2020-6-170/RawData/lcNGS_2025/files/P36454/P36454_166/02-FASTQ/20250916_LH00202_0275_B233JYLLT4/P36454_166_S176_L002_R2_001.fastq.gz
24.99	P36454_166.4	P36454P1	ILLUMINA	/cfs/klemming/projects/supr/snic2020-6-170/RawData/lcNGS_2025/files/P36454/P36454_166/02-FASTQ/20250916_LH00202_0275_B233JYLLT4/P36454_166_S176_L004_R1_001.fastq.gz	/cfs/klemming/projects/supr/snic2020-6-170/RawData/lcNGS_2025/files/P36454/P36454_166/02-FASTQ/20250916_LH00202_0275_B233JYLLT4/P36454_166_S176_L004_R2_001.fastq.gz
24.99	P36454_166.3	P36454P1	ILLUMINA	/cfs/klemming/projects/supr/snic2020-6-170/RawData/lcNGS_2025/files/P36454/P36454_166/02-FASTQ/20250916_LH00202_0275_B233JYLLT4/P36454_166_S176_L003_R1_001.fastq.gz	/cfs/klemming/projects/supr/snic2020-6-170/RawData/lcNGS_2025/files/P36454/P36454_166/02-FASTQ/20250916_LH00202_0275_B233JYLLT4/P36454_166_S176_L003_R2_001.fastq.gz
24.100	P36454_167.2	P36454P1	ILLUMINA	/cfs/klemming/projects/supr/snic2020-6-170/RawData/lcNGS_2025/files/P36454/P36454_167/02-FASTQ/20250916_LH00202_0275_B233JYLLT4/P36454_167_S177_L002_R1_001.fastq.gz	/cfs/klemming/projects/supr/snic2020-6-170/RawData/lcNGS_2025/files/P36454/P36454_167/02-FASTQ/20250916_LH00202_0275_B233JYLLT4/P36454_167_S177_L002_R2_001.fastq.gz
24.100	P36454_167.4	P36454P1	ILLUMINA	/cfs/klemming/projects/supr/snic2020-6-170/RawData/lcNGS_2025/files/P36454/P36454_167/02-FASTQ/20250916_LH00202_0275_B233JYLLT4/P36454_167_S177_L004_R1_001.fastq.gz	/cfs/klemming/projects/supr/snic2020-6-170/RawData/lcNGS_2025/files/P36454/P36454_167/02-FASTQ/20250916_LH00202_0275_B233JYLLT4/P36454_167_S177_L004_R2_001.fastq.gz
24.100	P36454_167.3	P36454P1	ILLUMINA	/cfs/klemming/projects/supr/snic2020-6-170/RawData/lcNGS_2025/files/P36454/P36454_167/02-FASTQ/20250916_LH00202_0275_B233JYLLT4/P36454_167_S177_L003_R1_001.fastq.gz	/cfs/klemming/projects/supr/snic2020-6-170/RawData/lcNGS_2025/files/P36454/P36454_167/02-FASTQ/20250916_LH00202_0275_B233JYLLT4/P36454_167_S177_L003_R2_001.fastq.gz
24.101	P36454_168.3	P36454P1	ILLUMINA	/cfs/klemming/projects/supr/snic2020-6-170/RawData/lcNGS_2025/files/P36454/P36454_168/02-FASTQ/20250916_LH00202_0275_B233JYLLT4/P36454_168_S178_L003_R1_001.fastq.gz	/cfs/klemming/projects/supr/snic2020-6-170/RawData/lcNGS_2025/files/P36454/P36454_168/02-FASTQ/20250916_LH00202_0275_B233JYLLT4/P36454_168_S178_L003_R2_001.fastq.gz
24.101	P36454_168.4	P36454P1	ILLUMINA	/cfs/klemming/projects/supr/snic2020-6-170/RawData/lcNGS_2025/files/P36454/P36454_168/02-FASTQ/20250916_LH00202_0275_B233JYLLT4/P36454_168_S178_L004_R1_001.fastq.gz	/cfs/klemming/projects/supr/snic2020-6-170/RawData/lcNGS_2025/files/P36454/P36454_168/02-FASTQ/20250916_LH00202_0275_B233JYLLT4/P36454_168_S178_L004_R2_001.fastq.gz
24.101	P36454_168.2	P36454P1	ILLUMINA	/cfs/klemming/projects/supr/snic2020-6-170/RawData/lcNGS_2025/files/P36454/P36454_168/02-FASTQ/20250916_LH00202_0275_B233JYLLT4/P36454_168_S178_L002_R1_001.fastq.gz	/cfs/klemming/projects/supr/snic2020-6-170/RawData/lcNGS_2025/files/P36454/P36454_168/02-FASTQ/20250916_LH00202_0275_B233JYLLT4/P36454_168_S178_L002_R2_001.fastq.gz
24.103	P36454_169.3	P36454P1	ILLUMINA	/cfs/klemming/projects/supr/snic2020-6-170/RawData/lcNGS_2025/files/P36454/P36454_169/02-FASTQ/20250916_LH00202_0275_B233JYLLT4/P36454_169_S179_L003_R1_001.fastq.gz	/cfs/klemming/projects/supr/snic2020-6-170/RawData/lcNGS_2025/files/P36454/P36454_169/02-FASTQ/20250916_LH00202_0275_B233JYLLT4/P36454_169_S179_L003_R2_001.fastq.gz
24.103	P36454_169.4	P36454P1	ILLUMINA	/cfs/klemming/projects/supr/snic2020-6-170/RawData/lcNGS_2025/files/P36454/P36454_169/02-FASTQ/20250916_LH00202_0275_B233JYLLT4/P36454_169_S179_L004_R1_001.fastq.gz	/cfs/klemming/projects/supr/snic2020-6-170/RawData/lcNGS_2025/files/P36454/P36454_169/02-FASTQ/20250916_LH00202_0275_B233JYLLT4/P36454_169_S179_L004_R2_001.fastq.gz
24.103	P36454_169.2	P36454P1	ILLUMINA	/cfs/klemming/projects/supr/snic2020-6-170/RawData/lcNGS_2025/files/P36454/P36454_169/02-FASTQ/20250916_LH00202_0275_B233JYLLT4/P36454_169_S179_L002_R1_001.fastq.gz	/cfs/klemming/projects/supr/snic2020-6-170/RawData/lcNGS_2025/files/P36454/P36454_169/02-FASTQ/20250916_LH00202_0275_B233JYLLT4/P36454_169_S179_L002_R2_001.fastq.gz
24.104	P36454_170.2	P36454P1	ILLUMINA	/cfs/klemming/projects/supr/snic2020-6-170/RawData/lcNGS_2025/files/P36454/P36454_170/02-FASTQ/20250916_LH00202_0275_B233JYLLT4/P36454_170_S180_L002_R1_001.fastq.gz	/cfs/klemming/projects/supr/snic2020-6-170/RawData/lcNGS_2025/files/P36454/P36454_170/02-FASTQ/20250916_LH00202_0275_B233JYLLT4/P36454_170_S180_L002_R2_001.fastq.gz
24.104	P36454_170.3	P36454P1	ILLUMINA	/cfs/klemming/projects/supr/snic2020-6-170/RawData/lcNGS_2025/files/P36454/P36454_170/02-FASTQ/20250916_LH00202_0275_B233JYLLT4/P36454_170_S180_L003_R1_001.fastq.gz	/cfs/klemming/projects/supr/snic2020-6-170/RawData/lcNGS_2025/files/P36454/P36454_170/02-FASTQ/20250916_LH00202_0275_B233JYLLT4/P36454_170_S180_L003_R2_001.fastq.gz
24.104	P36454_170.4	P36454P1	ILLUMINA	/cfs/klemming/projects/supr/snic2020-6-170/RawData/lcNGS_2025/files/P36454/P36454_170/02-FASTQ/20250916_LH00202_0275_B233JYLLT4/P36454_170_S180_L004_R1_001.fastq.gz	/cfs/klemming/projects/supr/snic2020-6-170/RawData/lcNGS_2025/files/P36454/P36454_170/02-FASTQ/20250916_LH00202_0275_B233JYLLT4/P36454_170_S180_L004_R2_001.fastq.gz
24.150	P36454_171.4	P36454P1	ILLUMINA	/cfs/klemming/projects/supr/snic2020-6-170/RawData/lcNGS_2025/files/P36454/P36454_171/02-FASTQ/20250916_LH00202_0275_B233JYLLT4/P36454_171_S181_L004_R1_001.fastq.gz	/cfs/klemming/projects/supr/snic2020-6-170/RawData/lcNGS_2025/files/P36454/P36454_171/02-FASTQ/20250916_LH00202_0275_B233JYLLT4/P36454_171_S181_L004_R2_001.fastq.gz
24.150	P36454_171.2	P36454P1	ILLUMINA	/cfs/klemming/projects/supr/snic2020-6-170/RawData/lcNGS_2025/files/P36454/P36454_171/02-FASTQ/20250916_LH00202_0275_B233JYLLT4/P36454_171_S181_L002_R1_001.fastq.gz	/cfs/klemming/projects/supr/snic2020-6-170/RawData/lcNGS_2025/files/P36454/P36454_171/02-FASTQ/20250916_LH00202_0275_B233JYLLT4/P36454_171_S181_L002_R2_001.fastq.gz
24.150	P36454_171.3	P36454P1	ILLUMINA	/cfs/klemming/projects/supr/snic2020-6-170/RawData/lcNGS_2025/files/P36454/P36454_171/02-FASTQ/20250916_LH00202_0275_B233JYLLT4/P36454_171_S181_L003_R1_001.fastq.gz	/cfs/klemming/projects/supr/snic2020-6-170/RawData/lcNGS_2025/files/P36454/P36454_171/02-FASTQ/20250916_LH00202_0275_B233JYLLT4/P36454_171_S181_L003_R2_001.fastq.gz
24.151	P36454_172.3	P36454P1	ILLUMINA	/cfs/klemming/projects/supr/snic2020-6-170/RawData/lcNGS_2025/files/P36454/P36454_172/02-FASTQ/20250916_LH00202_0275_B233JYLLT4/P36454_172_S182_L003_R1_001.fastq.gz	/cfs/klemming/projects/supr/snic2020-6-170/RawData/lcNGS_2025/files/P36454/P36454_172/02-FASTQ/20250916_LH00202_0275_B233JYLLT4/P36454_172_S182_L003_R2_001.fastq.gz
24.151	P36454_172.4	P36454P1	ILLUMINA	/cfs/klemming/projects/supr/snic2020-6-170/RawData/lcNGS_2025/files/P36454/P36454_172/02-FASTQ/20250916_LH00202_0275_B233JYLLT4/P36454_172_S182_L004_R1_001.fastq.gz	/cfs/klemming/projects/supr/snic2020-6-170/RawData/lcNGS_2025/files/P36454/P36454_172/02-FASTQ/20250916_LH00202_0275_B233JYLLT4/P36454_172_S182_L004_R2_001.fastq.gz
24.151	P36454_172.2	P36454P1	ILLUMINA	/cfs/klemming/projects/supr/snic2020-6-170/RawData/lcNGS_2025/files/P36454/P36454_172/02-FASTQ/20250916_LH00202_0275_B233JYLLT4/P36454_172_S182_L002_R1_001.fastq.gz	/cfs/klemming/projects/supr/snic2020-6-170/RawData/lcNGS_2025/files/P36454/P36454_172/02-FASTQ/20250916_LH00202_0275_B233JYLLT4/P36454_172_S182_L002_R2_001.fastq.gz
24.152	P36454_173.3	P36454P1	ILLUMINA	/cfs/klemming/projects/supr/snic2020-6-170/RawData/lcNGS_2025/files/P36454/P36454_173/02-FASTQ/20250916_LH00202_0275_B233JYLLT4/P36454_173_S183_L003_R1_001.fastq.gz	/cfs/klemming/projects/supr/snic2020-6-170/RawData/lcNGS_2025/files/P36454/P36454_173/02-FASTQ/20250916_LH00202_0275_B233JYLLT4/P36454_173_S183_L003_R2_001.fastq.gz
24.152	P36454_173.2	P36454P1	ILLUMINA	/cfs/klemming/projects/supr/snic2020-6-170/RawData/lcNGS_2025/files/P36454/P36454_173/02-FASTQ/20250916_LH00202_0275_B233JYLLT4/P36454_173_S183_L002_R1_001.fastq.gz	/cfs/klemming/projects/supr/snic2020-6-170/RawData/lcNGS_2025/files/P36454/P36454_173/02-FASTQ/20250916_LH00202_0275_B233JYLLT4/P36454_173_S183_L002_R2_001.fastq.gz
24.152	P36454_173.4	P36454P1	ILLUMINA	/cfs/klemming/projects/supr/snic2020-6-170/RawData/lcNGS_2025/files/P36454/P36454_173/02-FASTQ/20250916_LH00202_0275_B233JYLLT4/P36454_173_S183_L004_R1_001.fastq.gz	/cfs/klemming/projects/supr/snic2020-6-170/RawData/lcNGS_2025/files/P36454/P36454_173/02-FASTQ/20250916_LH00202_0275_B233JYLLT4/P36454_173_S183_L004_R2_001.fastq.gz
24.153	P36454_174.3	P36454P1	ILLUMINA	/cfs/klemming/projects/supr/snic2020-6-170/RawData/lcNGS_2025/files/P36454/P36454_174/02-FASTQ/20250916_LH00202_0275_B233JYLLT4/P36454_174_S184_L003_R1_001.fastq.gz	/cfs/klemming/projects/supr/snic2020-6-170/RawData/lcNGS_2025/files/P36454/P36454_174/02-FASTQ/20250916_LH00202_0275_B233JYLLT4/P36454_174_S184_L003_R2_001.fastq.gz
24.153	P36454_174.2	P36454P1	ILLUMINA	/cfs/klemming/projects/supr/snic2020-6-170/RawData/lcNGS_2025/files/P36454/P36454_174/02-FASTQ/20250916_LH00202_0275_B233JYLLT4/P36454_174_S184_L002_R1_001.fastq.gz	/cfs/klemming/projects/supr/snic2020-6-170/RawData/lcNGS_2025/files/P36454/P36454_174/02-FASTQ/20250916_LH00202_0275_B233JYLLT4/P36454_174_S184_L002_R2_001.fastq.gz
24.153	P36454_174.4	P36454P1	ILLUMINA	/cfs/klemming/projects/supr/snic2020-6-170/RawData/lcNGS_2025/files/P36454/P36454_174/02-FASTQ/20250916_LH00202_0275_B233JYLLT4/P36454_174_S184_L004_R1_001.fastq.gz	/cfs/klemming/projects/supr/snic2020-6-170/RawData/lcNGS_2025/files/P36454/P36454_174/02-FASTQ/20250916_LH00202_0275_B233JYLLT4/P36454_174_S184_L004_R2_001.fastq.gz
24.447	P36454_175.4	P36454P1	ILLUMINA	/cfs/klemming/projects/supr/snic2020-6-170/RawData/lcNGS_2025/files/P36454/P36454_175/02-FASTQ/20250916_LH00202_0275_B233JYLLT4/P36454_175_S185_L004_R1_001.fastq.gz	/cfs/klemming/projects/supr/snic2020-6-170/RawData/lcNGS_2025/files/P36454/P36454_175/02-FASTQ/20250916_LH00202_0275_B233JYLLT4/P36454_175_S185_L004_R2_001.fastq.gz
24.447	P36454_175.3	P36454P1	ILLUMINA	/cfs/klemming/projects/supr/snic2020-6-170/RawData/lcNGS_2025/files/P36454/P36454_175/02-FASTQ/20250916_LH00202_0275_B233JYLLT4/P36454_175_S185_L003_R1_001.fastq.gz	/cfs/klemming/projects/supr/snic2020-6-170/RawData/lcNGS_2025/files/P36454/P36454_175/02-FASTQ/20250916_LH00202_0275_B233JYLLT4/P36454_175_S185_L003_R2_001.fastq.gz
24.447	P36454_175.2	P36454P1	ILLUMINA	/cfs/klemming/projects/supr/snic2020-6-170/RawData/lcNGS_2025/files/P36454/P36454_175/02-FASTQ/20250916_LH00202_0275_B233JYLLT4/P36454_175_S185_L002_R1_001.fastq.gz	/cfs/klemming/projects/supr/snic2020-6-170/RawData/lcNGS_2025/files/P36454/P36454_175/02-FASTQ/20250916_LH00202_0275_B233JYLLT4/P36454_175_S185_L002_R2_001.fastq.gz
24.448	P36454_176.4	P36454P1	ILLUMINA	/cfs/klemming/projects/supr/snic2020-6-170/RawData/lcNGS_2025/files/P36454/P36454_176/02-FASTQ/20250916_LH00202_0275_B233JYLLT4/P36454_176_S186_L004_R1_001.fastq.gz	/cfs/klemming/projects/supr/snic2020-6-170/RawData/lcNGS_2025/files/P36454/P36454_176/02-FASTQ/20250916_LH00202_0275_B233JYLLT4/P36454_176_S186_L004_R2_001.fastq.gz
24.448	P36454_176.3	P36454P1	ILLUMINA	/cfs/klemming/projects/supr/snic2020-6-170/RawData/lcNGS_2025/files/P36454/P36454_176/02-FASTQ/20250916_LH00202_0275_B233JYLLT4/P36454_176_S186_L003_R1_001.fastq.gz	/cfs/klemming/projects/supr/snic2020-6-170/RawData/lcNGS_2025/files/P36454/P36454_176/02-FASTQ/20250916_LH00202_0275_B233JYLLT4/P36454_176_S186_L003_R2_001.fastq.gz
24.448	P36454_176.2	P36454P1	ILLUMINA	/cfs/klemming/projects/supr/snic2020-6-170/RawData/lcNGS_2025/files/P36454/P36454_176/02-FASTQ/20250916_LH00202_0275_B233JYLLT4/P36454_176_S186_L002_R1_001.fastq.gz	/cfs/klemming/projects/supr/snic2020-6-170/RawData/lcNGS_2025/files/P36454/P36454_176/02-FASTQ/20250916_LH00202_0275_B233JYLLT4/P36454_176_S186_L002_R2_001.fastq.gz
24.454	P36454_177.3	P36454P1	ILLUMINA	/cfs/klemming/projects/supr/snic2020-6-170/RawData/lcNGS_2025/files/P36454/P36454_177/02-FASTQ/20250916_LH00202_0275_B233JYLLT4/P36454_177_S187_L003_R1_001.fastq.gz	/cfs/klemming/projects/supr/snic2020-6-170/RawData/lcNGS_2025/files/P36454/P36454_177/02-FASTQ/20250916_LH00202_0275_B233JYLLT4/P36454_177_S187_L003_R2_001.fastq.gz
24.454	P36454_177.2	P36454P1	ILLUMINA	/cfs/klemming/projects/supr/snic2020-6-170/RawData/lcNGS_2025/files/P36454/P36454_177/02-FASTQ/20250916_LH00202_0275_B233JYLLT4/P36454_177_S187_L002_R1_001.fastq.gz	/cfs/klemming/projects/supr/snic2020-6-170/RawData/lcNGS_2025/files/P36454/P36454_177/02-FASTQ/20250916_LH00202_0275_B233JYLLT4/P36454_177_S187_L002_R2_001.fastq.gz
24.454	P36454_177.4	P36454P1	ILLUMINA	/cfs/klemming/projects/supr/snic2020-6-170/RawData/lcNGS_2025/files/P36454/P36454_177/02-FASTQ/20250916_LH00202_0275_B233JYLLT4/P36454_177_S187_L004_R1_001.fastq.gz	/cfs/klemming/projects/supr/snic2020-6-170/RawData/lcNGS_2025/files/P36454/P36454_177/02-FASTQ/20250916_LH00202_0275_B233JYLLT4/P36454_177_S187_L004_R2_001.fastq.gz
24.458	P36454_178.2	P36454P1	ILLUMINA	/cfs/klemming/projects/supr/snic2020-6-170/RawData/lcNGS_2025/files/P36454/P36454_178/02-FASTQ/20250916_LH00202_0275_B233JYLLT4/P36454_178_S188_L002_R1_001.fastq.gz	/cfs/klemming/projects/supr/snic2020-6-170/RawData/lcNGS_2025/files/P36454/P36454_178/02-FASTQ/20250916_LH00202_0275_B233JYLLT4/P36454_178_S188_L002_R2_001.fastq.gz
24.458	P36454_178.3	P36454P1	ILLUMINA	/cfs/klemming/projects/supr/snic2020-6-170/RawData/lcNGS_2025/files/P36454/P36454_178/02-FASTQ/20250916_LH00202_0275_B233JYLLT4/P36454_178_S188_L003_R1_001.fastq.gz	/cfs/klemming/projects/supr/snic2020-6-170/RawData/lcNGS_2025/files/P36454/P36454_178/02-FASTQ/20250916_LH00202_0275_B233JYLLT4/P36454_178_S188_L003_R2_001.fastq.gz
24.458	P36454_178.4	P36454P1	ILLUMINA	/cfs/klemming/projects/supr/snic2020-6-170/RawData/lcNGS_2025/files/P36454/P36454_178/02-FASTQ/20250916_LH00202_0275_B233JYLLT4/P36454_178_S188_L004_R1_001.fastq.gz	/cfs/klemming/projects/supr/snic2020-6-170/RawData/lcNGS_2025/files/P36454/P36454_178/02-FASTQ/20250916_LH00202_0275_B233JYLLT4/P36454_178_S188_L004_R2_001.fastq.gz
24.604	P36454_179.3	P36454P1	ILLUMINA	/cfs/klemming/projects/supr/snic2020-6-170/RawData/lcNGS_2025/files/P36454/P36454_179/02-FASTQ/20250916_LH00202_0275_B233JYLLT4/P36454_179_S189_L003_R1_001.fastq.gz	/cfs/klemming/projects/supr/snic2020-6-170/RawData/lcNGS_2025/files/P36454/P36454_179/02-FASTQ/20250916_LH00202_0275_B233JYLLT4/P36454_179_S189_L003_R2_001.fastq.gz
24.604	P36454_179.4	P36454P1	ILLUMINA	/cfs/klemming/projects/supr/snic2020-6-170/RawData/lcNGS_2025/files/P36454/P36454_179/02-FASTQ/20250916_LH00202_0275_B233JYLLT4/P36454_179_S189_L004_R1_001.fastq.gz	/cfs/klemming/projects/supr/snic2020-6-170/RawData/lcNGS_2025/files/P36454/P36454_179/02-FASTQ/20250916_LH00202_0275_B233JYLLT4/P36454_179_S189_L004_R2_001.fastq.gz
24.604	P36454_179.2	P36454P1	ILLUMINA	/cfs/klemming/projects/supr/snic2020-6-170/RawData/lcNGS_2025/files/P36454/P36454_179/02-FASTQ/20250916_LH00202_0275_B233JYLLT4/P36454_179_S189_L002_R1_001.fastq.gz	/cfs/klemming/projects/supr/snic2020-6-170/RawData/lcNGS_2025/files/P36454/P36454_179/02-FASTQ/20250916_LH00202_0275_B233JYLLT4/P36454_179_S189_L002_R2_001.fastq.gz
24.606	P36454_180.4	P36454P1	ILLUMINA	/cfs/klemming/projects/supr/snic2020-6-170/RawData/lcNGS_2025/files/P36454/P36454_180/02-FASTQ/20250916_LH00202_0275_B233JYLLT4/P36454_180_S190_L004_R1_001.fastq.gz	/cfs/klemming/projects/supr/snic2020-6-170/RawData/lcNGS_2025/files/P36454/P36454_180/02-FASTQ/20250916_LH00202_0275_B233JYLLT4/P36454_180_S190_L004_R2_001.fastq.gz
24.606	P36454_180.3	P36454P1	ILLUMINA	/cfs/klemming/projects/supr/snic2020-6-170/RawData/lcNGS_2025/files/P36454/P36454_180/02-FASTQ/20250916_LH00202_0275_B233JYLLT4/P36454_180_S190_L003_R1_001.fastq.gz	/cfs/klemming/projects/supr/snic2020-6-170/RawData/lcNGS_2025/files/P36454/P36454_180/02-FASTQ/20250916_LH00202_0275_B233JYLLT4/P36454_180_S190_L003_R2_001.fastq.gz
24.606	P36454_180.2	P36454P1	ILLUMINA	/cfs/klemming/projects/supr/snic2020-6-170/RawData/lcNGS_2025/files/P36454/P36454_180/02-FASTQ/20250916_LH00202_0275_B233JYLLT4/P36454_180_S190_L002_R1_001.fastq.gz	/cfs/klemming/projects/supr/snic2020-6-170/RawData/lcNGS_2025/files/P36454/P36454_180/02-FASTQ/20250916_LH00202_0275_B233JYLLT4/P36454_180_S190_L002_R2_001.fastq.gz
L23.6	P36454_181.4	P36454P1	ILLUMINA	/cfs/klemming/projects/supr/snic2020-6-170/RawData/lcNGS_2025/files/P36454/P36454_181/02-FASTQ/20250916_LH00202_0275_B233JYLLT4/P36454_181_S191_L004_R1_001.fastq.gz	/cfs/klemming/projects/supr/snic2020-6-170/RawData/lcNGS_2025/files/P36454/P36454_181/02-FASTQ/20250916_LH00202_0275_B233JYLLT4/P36454_181_S191_L004_R2_001.fastq.gz
L23.6	P36454_181.2	P36454P1	ILLUMINA	/cfs/klemming/projects/supr/snic2020-6-170/RawData/lcNGS_2025/files/P36454/P36454_181/02-FASTQ/20250916_LH00202_0275_B233JYLLT4/P36454_181_S191_L002_R1_001.fastq.gz	/cfs/klemming/projects/supr/snic2020-6-170/RawData/lcNGS_2025/files/P36454/P36454_181/02-FASTQ/20250916_LH00202_0275_B233JYLLT4/P36454_181_S191_L002_R2_001.fastq.gz
L23.6	P36454_181.3	P36454P1	ILLUMINA	/cfs/klemming/projects/supr/snic2020-6-170/RawData/lcNGS_2025/files/P36454/P36454_181/02-FASTQ/20250916_LH00202_0275_B233JYLLT4/P36454_181_S191_L003_R1_001.fastq.gz	/cfs/klemming/projects/supr/snic2020-6-170/RawData/lcNGS_2025/files/P36454/P36454_181/02-FASTQ/20250916_LH00202_0275_B233JYLLT4/P36454_181_S191_L003_R2_001.fastq.gz
L23.379	P36454_182.4	P36454P1	ILLUMINA	/cfs/klemming/projects/supr/snic2020-6-170/RawData/lcNGS_2025/files/P36454/P36454_182/02-FASTQ/20250916_LH00202_0275_B233JYLLT4/P36454_182_S192_L004_R1_001.fastq.gz	/cfs/klemming/projects/supr/snic2020-6-170/RawData/lcNGS_2025/files/P36454/P36454_182/02-FASTQ/20250916_LH00202_0275_B233JYLLT4/P36454_182_S192_L004_R2_001.fastq.gz
L23.379	P36454_182.3	P36454P1	ILLUMINA	/cfs/klemming/projects/supr/snic2020-6-170/RawData/lcNGS_2025/files/P36454/P36454_182/02-FASTQ/20250916_LH00202_0275_B233JYLLT4/P36454_182_S192_L003_R1_001.fastq.gz	/cfs/klemming/projects/supr/snic2020-6-170/RawData/lcNGS_2025/files/P36454/P36454_182/02-FASTQ/20250916_LH00202_0275_B233JYLLT4/P36454_182_S192_L003_R2_001.fastq.gz
L23.379	P36454_182.2	P36454P1	ILLUMINA	/cfs/klemming/projects/supr/snic2020-6-170/RawData/lcNGS_2025/files/P36454/P36454_182/02-FASTQ/20250916_LH00202_0275_B233JYLLT4/P36454_182_S192_L002_R1_001.fastq.gz	/cfs/klemming/projects/supr/snic2020-6-170/RawData/lcNGS_2025/files/P36454/P36454_182/02-FASTQ/20250916_LH00202_0275_B233JYLLT4/P36454_182_S192_L002_R2_001.fastq.gz
L23.499	P36454_183.3	P36454P1	ILLUMINA	/cfs/klemming/projects/supr/snic2020-6-170/RawData/lcNGS_2025/files/P36454/P36454_183/02-FASTQ/20250916_LH00202_0275_B233JYLLT4/P36454_183_S193_L003_R1_001.fastq.gz	/cfs/klemming/projects/supr/snic2020-6-170/RawData/lcNGS_2025/files/P36454/P36454_183/02-FASTQ/20250916_LH00202_0275_B233JYLLT4/P36454_183_S193_L003_R2_001.fastq.gz
L23.499	P36454_183.4	P36454P1	ILLUMINA	/cfs/klemming/projects/supr/snic2020-6-170/RawData/lcNGS_2025/files/P36454/P36454_183/02-FASTQ/20250916_LH00202_0275_B233JYLLT4/P36454_183_S193_L004_R1_001.fastq.gz	/cfs/klemming/projects/supr/snic2020-6-170/RawData/lcNGS_2025/files/P36454/P36454_183/02-FASTQ/20250916_LH00202_0275_B233JYLLT4/P36454_183_S193_L004_R2_001.fastq.gz
L23.499	P36454_183.2	P36454P1	ILLUMINA	/cfs/klemming/projects/supr/snic2020-6-170/RawData/lcNGS_2025/files/P36454/P36454_183/02-FASTQ/20250916_LH00202_0275_B233JYLLT4/P36454_183_S193_L002_R1_001.fastq.gz	/cfs/klemming/projects/supr/snic2020-6-170/RawData/lcNGS_2025/files/P36454/P36454_183/02-FASTQ/20250916_LH00202_0275_B233JYLLT4/P36454_183_S193_L002_R2_001.fastq.gz
L23.617	P36454_184.4	P36454P1	ILLUMINA	/cfs/klemming/projects/supr/snic2020-6-170/RawData/lcNGS_2025/files/P36454/P36454_184/02-FASTQ/20250916_LH00202_0275_B233JYLLT4/P36454_184_S194_L004_R1_001.fastq.gz	/cfs/klemming/projects/supr/snic2020-6-170/RawData/lcNGS_2025/files/P36454/P36454_184/02-FASTQ/20250916_LH00202_0275_B233JYLLT4/P36454_184_S194_L004_R2_001.fastq.gz
L23.617	P36454_184.2	P36454P1	ILLUMINA	/cfs/klemming/projects/supr/snic2020-6-170/RawData/lcNGS_2025/files/P36454/P36454_184/02-FASTQ/20250916_LH00202_0275_B233JYLLT4/P36454_184_S194_L002_R1_001.fastq.gz	/cfs/klemming/projects/supr/snic2020-6-170/RawData/lcNGS_2025/files/P36454/P36454_184/02-FASTQ/20250916_LH00202_0275_B233JYLLT4/P36454_184_S194_L002_R2_001.fastq.gz
L23.617	P36454_184.3	P36454P1	ILLUMINA	/cfs/klemming/projects/supr/snic2020-6-170/RawData/lcNGS_2025/files/P36454/P36454_184/02-FASTQ/20250916_LH00202_0275_B233JYLLT4/P36454_184_S194_L003_R1_001.fastq.gz	/cfs/klemming/projects/supr/snic2020-6-170/RawData/lcNGS_2025/files/P36454/P36454_184/02-FASTQ/20250916_LH00202_0275_B233JYLLT4/P36454_184_S194_L003_R2_001.fastq.gz
L23.631	P36454_185.3	P36454P1	ILLUMINA	/cfs/klemming/projects/supr/snic2020-6-170/RawData/lcNGS_2025/files/P36454/P36454_185/02-FASTQ/20250916_LH00202_0275_B233JYLLT4/P36454_185_S195_L003_R1_001.fastq.gz	/cfs/klemming/projects/supr/snic2020-6-170/RawData/lcNGS_2025/files/P36454/P36454_185/02-FASTQ/20250916_LH00202_0275_B233JYLLT4/P36454_185_S195_L003_R2_001.fastq.gz
L23.631	P36454_185.2	P36454P1	ILLUMINA	/cfs/klemming/projects/supr/snic2020-6-170/RawData/lcNGS_2025/files/P36454/P36454_185/02-FASTQ/20250916_LH00202_0275_B233JYLLT4/P36454_185_S195_L002_R1_001.fastq.gz	/cfs/klemming/projects/supr/snic2020-6-170/RawData/lcNGS_2025/files/P36454/P36454_185/02-FASTQ/20250916_LH00202_0275_B233JYLLT4/P36454_185_S195_L002_R2_001.fastq.gz
L23.631	P36454_185.4	P36454P1	ILLUMINA	/cfs/klemming/projects/supr/snic2020-6-170/RawData/lcNGS_2025/files/P36454/P36454_185/02-FASTQ/20250916_LH00202_0275_B233JYLLT4/P36454_185_S195_L004_R1_001.fastq.gz	/cfs/klemming/projects/supr/snic2020-6-170/RawData/lcNGS_2025/files/P36454/P36454_185/02-FASTQ/20250916_LH00202_0275_B233JYLLT4/P36454_185_S195_L004_R2_001.fastq.gz
L23.584	P36454_186.4	P36454P1	ILLUMINA	/cfs/klemming/projects/supr/snic2020-6-170/RawData/lcNGS_2025/files/P36454/P36454_186/02-FASTQ/20250916_LH00202_0275_B233JYLLT4/P36454_186_S196_L004_R1_001.fastq.gz	/cfs/klemming/projects/supr/snic2020-6-170/RawData/lcNGS_2025/files/P36454/P36454_186/02-FASTQ/20250916_LH00202_0275_B233JYLLT4/P36454_186_S196_L004_R2_001.fastq.gz
L23.584	P36454_186.3	P36454P1	ILLUMINA	/cfs/klemming/projects/supr/snic2020-6-170/RawData/lcNGS_2025/files/P36454/P36454_186/02-FASTQ/20250916_LH00202_0275_B233JYLLT4/P36454_186_S196_L003_R1_001.fastq.gz	/cfs/klemming/projects/supr/snic2020-6-170/RawData/lcNGS_2025/files/P36454/P36454_186/02-FASTQ/20250916_LH00202_0275_B233JYLLT4/P36454_186_S196_L003_R2_001.fastq.gz
L23.584	P36454_186.2	P36454P1	ILLUMINA	/cfs/klemming/projects/supr/snic2020-6-170/RawData/lcNGS_2025/files/P36454/P36454_186/02-FASTQ/20250916_LH00202_0275_B233JYLLT4/P36454_186_S196_L002_R1_001.fastq.gz	/cfs/klemming/projects/supr/snic2020-6-170/RawData/lcNGS_2025/files/P36454/P36454_186/02-FASTQ/20250916_LH00202_0275_B233JYLLT4/P36454_186_S196_L002_R2_001.fastq.gz
L23.4	P36454_187.4	P36454P1	ILLUMINA	/cfs/klemming/projects/supr/snic2020-6-170/RawData/lcNGS_2025/files/P36454/P36454_187/02-FASTQ/20250916_LH00202_0275_B233JYLLT4/P36454_187_S197_L004_R1_001.fastq.gz	/cfs/klemming/projects/supr/snic2020-6-170/RawData/lcNGS_2025/files/P36454/P36454_187/02-FASTQ/20250916_LH00202_0275_B233JYLLT4/P36454_187_S197_L004_R2_001.fastq.gz
L23.4	P36454_187.3	P36454P1	ILLUMINA	/cfs/klemming/projects/supr/snic2020-6-170/RawData/lcNGS_2025/files/P36454/P36454_187/02-FASTQ/20250916_LH00202_0275_B233JYLLT4/P36454_187_S197_L003_R1_001.fastq.gz	/cfs/klemming/projects/supr/snic2020-6-170/RawData/lcNGS_2025/files/P36454/P36454_187/02-FASTQ/20250916_LH00202_0275_B233JYLLT4/P36454_187_S197_L003_R2_001.fastq.gz
L23.4	P36454_187.2	P36454P1	ILLUMINA	/cfs/klemming/projects/supr/snic2020-6-170/RawData/lcNGS_2025/files/P36454/P36454_187/02-FASTQ/20250916_LH00202_0275_B233JYLLT4/P36454_187_S197_L002_R1_001.fastq.gz	/cfs/klemming/projects/supr/snic2020-6-170/RawData/lcNGS_2025/files/P36454/P36454_187/02-FASTQ/20250916_LH00202_0275_B233JYLLT4/P36454_187_S197_L002_R2_001.fastq.gz
L23.105	P36454_188.4	P36454P1	ILLUMINA	/cfs/klemming/projects/supr/snic2020-6-170/RawData/lcNGS_2025/files/P36454/P36454_188/02-FASTQ/20250916_LH00202_0275_B233JYLLT4/P36454_188_S198_L004_R1_001.fastq.gz	/cfs/klemming/projects/supr/snic2020-6-170/RawData/lcNGS_2025/files/P36454/P36454_188/02-FASTQ/20250916_LH00202_0275_B233JYLLT4/P36454_188_S198_L004_R2_001.fastq.gz
L23.105	P36454_188.3	P36454P1	ILLUMINA	/cfs/klemming/projects/supr/snic2020-6-170/RawData/lcNGS_2025/files/P36454/P36454_188/02-FASTQ/20250916_LH00202_0275_B233JYLLT4/P36454_188_S198_L003_R1_001.fastq.gz	/cfs/klemming/projects/supr/snic2020-6-170/RawData/lcNGS_2025/files/P36454/P36454_188/02-FASTQ/20250916_LH00202_0275_B233JYLLT4/P36454_188_S198_L003_R2_001.fastq.gz
L23.105	P36454_188.2	P36454P1	ILLUMINA	/cfs/klemming/projects/supr/snic2020-6-170/RawData/lcNGS_2025/files/P36454/P36454_188/02-FASTQ/20250916_LH00202_0275_B233JYLLT4/P36454_188_S198_L002_R1_001.fastq.gz	/cfs/klemming/projects/supr/snic2020-6-170/RawData/lcNGS_2025/files/P36454/P36454_188/02-FASTQ/20250916_LH00202_0275_B233JYLLT4/P36454_188_S198_L002_R2_001.fastq.gz
L23.371	P36454_189.4	P36454P1	ILLUMINA	/cfs/klemming/projects/supr/snic2020-6-170/RawData/lcNGS_2025/files/P36454/P36454_189/02-FASTQ/20250916_LH00202_0275_B233JYLLT4/P36454_189_S199_L004_R1_001.fastq.gz	/cfs/klemming/projects/supr/snic2020-6-170/RawData/lcNGS_2025/files/P36454/P36454_189/02-FASTQ/20250916_LH00202_0275_B233JYLLT4/P36454_189_S199_L004_R2_001.fastq.gz
L23.371	P36454_189.2	P36454P1	ILLUMINA	/cfs/klemming/projects/supr/snic2020-6-170/RawData/lcNGS_2025/files/P36454/P36454_189/02-FASTQ/20250916_LH00202_0275_B233JYLLT4/P36454_189_S199_L002_R1_001.fastq.gz	/cfs/klemming/projects/supr/snic2020-6-170/RawData/lcNGS_2025/files/P36454/P36454_189/02-FASTQ/20250916_LH00202_0275_B233JYLLT4/P36454_189_S199_L002_R2_001.fastq.gz
L23.371	P36454_189.3	P36454P1	ILLUMINA	/cfs/klemming/projects/supr/snic2020-6-170/RawData/lcNGS_2025/files/P36454/P36454_189/02-FASTQ/20250916_LH00202_0275_B233JYLLT4/P36454_189_S199_L003_R1_001.fastq.gz	/cfs/klemming/projects/supr/snic2020-6-170/RawData/lcNGS_2025/files/P36454/P36454_189/02-FASTQ/20250916_LH00202_0275_B233JYLLT4/P36454_189_S199_L003_R2_001.fastq.gz
L23.376	P36454_190.4	P36454P1	ILLUMINA	/cfs/klemming/projects/supr/snic2020-6-170/RawData/lcNGS_2025/files/P36454/P36454_190/02-FASTQ/20250916_LH00202_0275_B233JYLLT4/P36454_190_S200_L004_R1_001.fastq.gz	/cfs/klemming/projects/supr/snic2020-6-170/RawData/lcNGS_2025/files/P36454/P36454_190/02-FASTQ/20250916_LH00202_0275_B233JYLLT4/P36454_190_S200_L004_R2_001.fastq.gz
L23.376	P36454_190.3	P36454P1	ILLUMINA	/cfs/klemming/projects/supr/snic2020-6-170/RawData/lcNGS_2025/files/P36454/P36454_190/02-FASTQ/20250916_LH00202_0275_B233JYLLT4/P36454_190_S200_L003_R1_001.fastq.gz	/cfs/klemming/projects/supr/snic2020-6-170/RawData/lcNGS_2025/files/P36454/P36454_190/02-FASTQ/20250916_LH00202_0275_B233JYLLT4/P36454_190_S200_L003_R2_001.fastq.gz
L23.376	P36454_190.2	P36454P1	ILLUMINA	/cfs/klemming/projects/supr/snic2020-6-170/RawData/lcNGS_2025/files/P36454/P36454_190/02-FASTQ/20250916_LH00202_0275_B233JYLLT4/P36454_190_S200_L002_R1_001.fastq.gz	/cfs/klemming/projects/supr/snic2020-6-170/RawData/lcNGS_2025/files/P36454/P36454_190/02-FASTQ/20250916_LH00202_0275_B233JYLLT4/P36454_190_S200_L002_R2_001.fastq.gz
L23.461	P36454_191.3	P36454P1	ILLUMINA	/cfs/klemming/projects/supr/snic2020-6-170/RawData/lcNGS_2025/files/P36454/P36454_191/02-FASTQ/20250916_LH00202_0275_B233JYLLT4/P36454_191_S201_L003_R1_001.fastq.gz	/cfs/klemming/projects/supr/snic2020-6-170/RawData/lcNGS_2025/files/P36454/P36454_191/02-FASTQ/20250916_LH00202_0275_B233JYLLT4/P36454_191_S201_L003_R2_001.fastq.gz
L23.461	P36454_191.4	P36454P1	ILLUMINA	/cfs/klemming/projects/supr/snic2020-6-170/RawData/lcNGS_2025/files/P36454/P36454_191/02-FASTQ/20250916_LH00202_0275_B233JYLLT4/P36454_191_S201_L004_R1_001.fastq.gz	/cfs/klemming/projects/supr/snic2020-6-170/RawData/lcNGS_2025/files/P36454/P36454_191/02-FASTQ/20250916_LH00202_0275_B233JYLLT4/P36454_191_S201_L004_R2_001.fastq.gz
L23.461	P36454_191.2	P36454P1	ILLUMINA	/cfs/klemming/projects/supr/snic2020-6-170/RawData/lcNGS_2025/files/P36454/P36454_191/02-FASTQ/20250916_LH00202_0275_B233JYLLT4/P36454_191_S201_L002_R1_001.fastq.gz	/cfs/klemming/projects/supr/snic2020-6-170/RawData/lcNGS_2025/files/P36454/P36454_191/02-FASTQ/20250916_LH00202_0275_B233JYLLT4/P36454_191_S201_L002_R2_001.fastq.gz
L23.494	P36454_192.2	P36454P1	ILLUMINA	/cfs/klemming/projects/supr/snic2020-6-170/RawData/lcNGS_2025/files/P36454/P36454_192/02-FASTQ/20250916_LH00202_0275_B233JYLLT4/P36454_192_S202_L002_R1_001.fastq.gz	/cfs/klemming/projects/supr/snic2020-6-170/RawData/lcNGS_2025/files/P36454/P36454_192/02-FASTQ/20250916_LH00202_0275_B233JYLLT4/P36454_192_S202_L002_R2_001.fastq.gz
L23.494	P36454_192.3	P36454P1	ILLUMINA	/cfs/klemming/projects/supr/snic2020-6-170/RawData/lcNGS_2025/files/P36454/P36454_192/02-FASTQ/20250916_LH00202_0275_B233JYLLT4/P36454_192_S202_L003_R1_001.fastq.gz	/cfs/klemming/projects/supr/snic2020-6-170/RawData/lcNGS_2025/files/P36454/P36454_192/02-FASTQ/20250916_LH00202_0275_B233JYLLT4/P36454_192_S202_L003_R2_001.fastq.gz
L23.494	P36454_192.4	P36454P1	ILLUMINA	/cfs/klemming/projects/supr/snic2020-6-170/RawData/lcNGS_2025/files/P36454/P36454_192/02-FASTQ/20250916_LH00202_0275_B233JYLLT4/P36454_192_S202_L004_R1_001.fastq.gz	/cfs/klemming/projects/supr/snic2020-6-170/RawData/lcNGS_2025/files/P36454/P36454_192/02-FASTQ/20250916_LH00202_0275_B233JYLLT4/P36454_192_S202_L004_R2_001.fastq.gz
L23.453	P36454_193.2	P36454P1	ILLUMINA	/cfs/klemming/projects/supr/snic2020-6-170/RawData/lcNGS_2025/files/P36454/P36454_193/02-FASTQ/20250916_LH00202_0275_B233JYLLT4/P36454_193_S203_L002_R1_001.fastq.gz	/cfs/klemming/projects/supr/snic2020-6-170/RawData/lcNGS_2025/files/P36454/P36454_193/02-FASTQ/20250916_LH00202_0275_B233JYLLT4/P36454_193_S203_L002_R2_001.fastq.gz
L23.453	P36454_193.3	P36454P1	ILLUMINA	/cfs/klemming/projects/supr/snic2020-6-170/RawData/lcNGS_2025/files/P36454/P36454_193/02-FASTQ/20250916_LH00202_0275_B233JYLLT4/P36454_193_S203_L003_R1_001.fastq.gz	/cfs/klemming/projects/supr/snic2020-6-170/RawData/lcNGS_2025/files/P36454/P36454_193/02-FASTQ/20250916_LH00202_0275_B233JYLLT4/P36454_193_S203_L003_R2_001.fastq.gz
L23.453	P36454_193.4	P36454P1	ILLUMINA	/cfs/klemming/projects/supr/snic2020-6-170/RawData/lcNGS_2025/files/P36454/P36454_193/02-FASTQ/20250916_LH00202_0275_B233JYLLT4/P36454_193_S203_L004_R1_001.fastq.gz	/cfs/klemming/projects/supr/snic2020-6-170/RawData/lcNGS_2025/files/P36454/P36454_193/02-FASTQ/20250916_LH00202_0275_B233JYLLT4/P36454_193_S203_L004_R2_001.fastq.gz
L23.484	P36454_194.2	P36454P1	ILLUMINA	/cfs/klemming/projects/supr/snic2020-6-170/RawData/lcNGS_2025/files/P36454/P36454_194/02-FASTQ/20250916_LH00202_0275_B233JYLLT4/P36454_194_S204_L002_R1_001.fastq.gz	/cfs/klemming/projects/supr/snic2020-6-170/RawData/lcNGS_2025/files/P36454/P36454_194/02-FASTQ/20250916_LH00202_0275_B233JYLLT4/P36454_194_S204_L002_R2_001.fastq.gz
L23.484	P36454_194.3	P36454P1	ILLUMINA	/cfs/klemming/projects/supr/snic2020-6-170/RawData/lcNGS_2025/files/P36454/P36454_194/02-FASTQ/20250916_LH00202_0275_B233JYLLT4/P36454_194_S204_L003_R1_001.fastq.gz	/cfs/klemming/projects/supr/snic2020-6-170/RawData/lcNGS_2025/files/P36454/P36454_194/02-FASTQ/20250916_LH00202_0275_B233JYLLT4/P36454_194_S204_L003_R2_001.fastq.gz
L23.484	P36454_194.4	P36454P1	ILLUMINA	/cfs/klemming/projects/supr/snic2020-6-170/RawData/lcNGS_2025/files/P36454/P36454_194/02-FASTQ/20250916_LH00202_0275_B233JYLLT4/P36454_194_S204_L004_R1_001.fastq.gz	/cfs/klemming/projects/supr/snic2020-6-170/RawData/lcNGS_2025/files/P36454/P36454_194/02-FASTQ/20250916_LH00202_0275_B233JYLLT4/P36454_194_S204_L004_R2_001.fastq.gz
L24.6	P36454_201.3	P36454P2	ILLUMINA	/cfs/klemming/projects/supr/snic2020-6-170/RawData/lcNGS_2025/files/P36454/P36454_201/02-FASTQ/20250916_LH00202_0275_B233JYLLT4/P36454_201_S205_L003_R1_001.fastq.gz	/cfs/klemming/projects/supr/snic2020-6-170/RawData/lcNGS_2025/files/P36454/P36454_201/02-FASTQ/20250916_LH00202_0275_B233JYLLT4/P36454_201_S205_L003_R2_001.fastq.gz
L24.6	P36454_201.4	P36454P2	ILLUMINA	/cfs/klemming/projects/supr/snic2020-6-170/RawData/lcNGS_2025/files/P36454/P36454_201/02-FASTQ/20250916_LH00202_0275_B233JYLLT4/P36454_201_S205_L004_R1_001.fastq.gz	/cfs/klemming/projects/supr/snic2020-6-170/RawData/lcNGS_2025/files/P36454/P36454_201/02-FASTQ/20250916_LH00202_0275_B233JYLLT4/P36454_201_S205_L004_R2_001.fastq.gz
L24.6	P36454_201.2	P36454P2	ILLUMINA	/cfs/klemming/projects/supr/snic2020-6-170/RawData/lcNGS_2025/files/P36454/P36454_201/02-FASTQ/20250916_LH00202_0275_B233JYLLT4/P36454_201_S205_L002_R1_001.fastq.gz	/cfs/klemming/projects/supr/snic2020-6-170/RawData/lcNGS_2025/files/P36454/P36454_201/02-FASTQ/20250916_LH00202_0275_B233JYLLT4/P36454_201_S205_L002_R2_001.fastq.gz
L24.137	P36454_202.2	P36454P2	ILLUMINA	/cfs/klemming/projects/supr/snic2020-6-170/RawData/lcNGS_2025/files/P36454/P36454_202/02-FASTQ/20250916_LH00202_0275_B233JYLLT4/P36454_202_S206_L002_R1_001.fastq.gz	/cfs/klemming/projects/supr/snic2020-6-170/RawData/lcNGS_2025/files/P36454/P36454_202/02-FASTQ/20250916_LH00202_0275_B233JYLLT4/P36454_202_S206_L002_R2_001.fastq.gz
L24.137	P36454_202.3	P36454P2	ILLUMINA	/cfs/klemming/projects/supr/snic2020-6-170/RawData/lcNGS_2025/files/P36454/P36454_202/02-FASTQ/20250916_LH00202_0275_B233JYLLT4/P36454_202_S206_L003_R1_001.fastq.gz	/cfs/klemming/projects/supr/snic2020-6-170/RawData/lcNGS_2025/files/P36454/P36454_202/02-FASTQ/20250916_LH00202_0275_B233JYLLT4/P36454_202_S206_L003_R2_001.fastq.gz
L24.137	P36454_202.4	P36454P2	ILLUMINA	/cfs/klemming/projects/supr/snic2020-6-170/RawData/lcNGS_2025/files/P36454/P36454_202/02-FASTQ/20250916_LH00202_0275_B233JYLLT4/P36454_202_S206_L004_R1_001.fastq.gz	/cfs/klemming/projects/supr/snic2020-6-170/RawData/lcNGS_2025/files/P36454/P36454_202/02-FASTQ/20250916_LH00202_0275_B233JYLLT4/P36454_202_S206_L004_R2_001.fastq.gz
L24.244	P36454_203.3	P36454P2	ILLUMINA	/cfs/klemming/projects/supr/snic2020-6-170/RawData/lcNGS_2025/files/P36454/P36454_203/02-FASTQ/20250916_LH00202_0275_B233JYLLT4/P36454_203_S207_L003_R1_001.fastq.gz	/cfs/klemming/projects/supr/snic2020-6-170/RawData/lcNGS_2025/files/P36454/P36454_203/02-FASTQ/20250916_LH00202_0275_B233JYLLT4/P36454_203_S207_L003_R2_001.fastq.gz
L24.244	P36454_203.2	P36454P2	ILLUMINA	/cfs/klemming/projects/supr/snic2020-6-170/RawData/lcNGS_2025/files/P36454/P36454_203/02-FASTQ/20250916_LH00202_0275_B233JYLLT4/P36454_203_S207_L002_R1_001.fastq.gz	/cfs/klemming/projects/supr/snic2020-6-170/RawData/lcNGS_2025/files/P36454/P36454_203/02-FASTQ/20250916_LH00202_0275_B233JYLLT4/P36454_203_S207_L002_R2_001.fastq.gz
L24.244	P36454_203.4	P36454P2	ILLUMINA	/cfs/klemming/projects/supr/snic2020-6-170/RawData/lcNGS_2025/files/P36454/P36454_203/02-FASTQ/20250916_LH00202_0275_B233JYLLT4/P36454_203_S207_L004_R1_001.fastq.gz	/cfs/klemming/projects/supr/snic2020-6-170/RawData/lcNGS_2025/files/P36454/P36454_203/02-FASTQ/20250916_LH00202_0275_B233JYLLT4/P36454_203_S207_L004_R2_001.fastq.gz
L24.256	P36454_204.3	P36454P2	ILLUMINA	/cfs/klemming/projects/supr/snic2020-6-170/RawData/lcNGS_2025/files/P36454/P36454_204/02-FASTQ/20250916_LH00202_0275_B233JYLLT4/P36454_204_S208_L003_R1_001.fastq.gz	/cfs/klemming/projects/supr/snic2020-6-170/RawData/lcNGS_2025/files/P36454/P36454_204/02-FASTQ/20250916_LH00202_0275_B233JYLLT4/P36454_204_S208_L003_R2_001.fastq.gz
L24.256	P36454_204.2	P36454P2	ILLUMINA	/cfs/klemming/projects/supr/snic2020-6-170/RawData/lcNGS_2025/files/P36454/P36454_204/02-FASTQ/20250916_LH00202_0275_B233JYLLT4/P36454_204_S208_L002_R1_001.fastq.gz	/cfs/klemming/projects/supr/snic2020-6-170/RawData/lcNGS_2025/files/P36454/P36454_204/02-FASTQ/20250916_LH00202_0275_B233JYLLT4/P36454_204_S208_L002_R2_001.fastq.gz
L24.256	P36454_204.4	P36454P2	ILLUMINA	/cfs/klemming/projects/supr/snic2020-6-170/RawData/lcNGS_2025/files/P36454/P36454_204/02-FASTQ/20250916_LH00202_0275_B233JYLLT4/P36454_204_S208_L004_R1_001.fastq.gz	/cfs/klemming/projects/supr/snic2020-6-170/RawData/lcNGS_2025/files/P36454/P36454_204/02-FASTQ/20250916_LH00202_0275_B233JYLLT4/P36454_204_S208_L004_R2_001.fastq.gz
L24.425	P36454_205.3	P36454P2	ILLUMINA	/cfs/klemming/projects/supr/snic2020-6-170/RawData/lcNGS_2025/files/P36454/P36454_205/02-FASTQ/20250916_LH00202_0275_B233JYLLT4/P36454_205_S209_L003_R1_001.fastq.gz	/cfs/klemming/projects/supr/snic2020-6-170/RawData/lcNGS_2025/files/P36454/P36454_205/02-FASTQ/20250916_LH00202_0275_B233JYLLT4/P36454_205_S209_L003_R2_001.fastq.gz
L24.425	P36454_205.2	P36454P2	ILLUMINA	/cfs/klemming/projects/supr/snic2020-6-170/RawData/lcNGS_2025/files/P36454/P36454_205/02-FASTQ/20250916_LH00202_0275_B233JYLLT4/P36454_205_S209_L002_R1_001.fastq.gz	/cfs/klemming/projects/supr/snic2020-6-170/RawData/lcNGS_2025/files/P36454/P36454_205/02-FASTQ/20250916_LH00202_0275_B233JYLLT4/P36454_205_S209_L002_R2_001.fastq.gz
L24.425	P36454_205.4	P36454P2	ILLUMINA	/cfs/klemming/projects/supr/snic2020-6-170/RawData/lcNGS_2025/files/P36454/P36454_205/02-FASTQ/20250916_LH00202_0275_B233JYLLT4/P36454_205_S209_L004_R1_001.fastq.gz	/cfs/klemming/projects/supr/snic2020-6-170/RawData/lcNGS_2025/files/P36454/P36454_205/02-FASTQ/20250916_LH00202_0275_B233JYLLT4/P36454_205_S209_L004_R2_001.fastq.gz
L24.10	P36454_206.2	P36454P2	ILLUMINA	/cfs/klemming/projects/supr/snic2020-6-170/RawData/lcNGS_2025/files/P36454/P36454_206/02-FASTQ/20250916_LH00202_0275_B233JYLLT4/P36454_206_S210_L002_R1_001.fastq.gz	/cfs/klemming/projects/supr/snic2020-6-170/RawData/lcNGS_2025/files/P36454/P36454_206/02-FASTQ/20250916_LH00202_0275_B233JYLLT4/P36454_206_S210_L002_R2_001.fastq.gz
L24.10	P36454_206.4	P36454P2	ILLUMINA	/cfs/klemming/projects/supr/snic2020-6-170/RawData/lcNGS_2025/files/P36454/P36454_206/02-FASTQ/20250916_LH00202_0275_B233JYLLT4/P36454_206_S210_L004_R1_001.fastq.gz	/cfs/klemming/projects/supr/snic2020-6-170/RawData/lcNGS_2025/files/P36454/P36454_206/02-FASTQ/20250916_LH00202_0275_B233JYLLT4/P36454_206_S210_L004_R2_001.fastq.gz
L24.10	P36454_206.3	P36454P2	ILLUMINA	/cfs/klemming/projects/supr/snic2020-6-170/RawData/lcNGS_2025/files/P36454/P36454_206/02-FASTQ/20250916_LH00202_0275_B233JYLLT4/P36454_206_S210_L003_R1_001.fastq.gz	/cfs/klemming/projects/supr/snic2020-6-170/RawData/lcNGS_2025/files/P36454/P36454_206/02-FASTQ/20250916_LH00202_0275_B233JYLLT4/P36454_206_S210_L003_R2_001.fastq.gz
L24.106	P36454_207.2	P36454P2	ILLUMINA	/cfs/klemming/projects/supr/snic2020-6-170/RawData/lcNGS_2025/files/P36454/P36454_207/02-FASTQ/20250916_LH00202_0275_B233JYLLT4/P36454_207_S211_L002_R1_001.fastq.gz	/cfs/klemming/projects/supr/snic2020-6-170/RawData/lcNGS_2025/files/P36454/P36454_207/02-FASTQ/20250916_LH00202_0275_B233JYLLT4/P36454_207_S211_L002_R2_001.fastq.gz
L24.106	P36454_207.4	P36454P2	ILLUMINA	/cfs/klemming/projects/supr/snic2020-6-170/RawData/lcNGS_2025/files/P36454/P36454_207/02-FASTQ/20250916_LH00202_0275_B233JYLLT4/P36454_207_S211_L004_R1_001.fastq.gz	/cfs/klemming/projects/supr/snic2020-6-170/RawData/lcNGS_2025/files/P36454/P36454_207/02-FASTQ/20250916_LH00202_0275_B233JYLLT4/P36454_207_S211_L004_R2_001.fastq.gz
L24.106	P36454_207.3	P36454P2	ILLUMINA	/cfs/klemming/projects/supr/snic2020-6-170/RawData/lcNGS_2025/files/P36454/P36454_207/02-FASTQ/20250916_LH00202_0275_B233JYLLT4/P36454_207_S211_L003_R1_001.fastq.gz	/cfs/klemming/projects/supr/snic2020-6-170/RawData/lcNGS_2025/files/P36454/P36454_207/02-FASTQ/20250916_LH00202_0275_B233JYLLT4/P36454_207_S211_L003_R2_001.fastq.gz
L24.132	P36454_208.2	P36454P2	ILLUMINA	/cfs/klemming/projects/supr/snic2020-6-170/RawData/lcNGS_2025/files/P36454/P36454_208/02-FASTQ/20250916_LH00202_0275_B233JYLLT4/P36454_208_S212_L002_R1_001.fastq.gz	/cfs/klemming/projects/supr/snic2020-6-170/RawData/lcNGS_2025/files/P36454/P36454_208/02-FASTQ/20250916_LH00202_0275_B233JYLLT4/P36454_208_S212_L002_R2_001.fastq.gz
L24.132	P36454_208.4	P36454P2	ILLUMINA	/cfs/klemming/projects/supr/snic2020-6-170/RawData/lcNGS_2025/files/P36454/P36454_208/02-FASTQ/20250916_LH00202_0275_B233JYLLT4/P36454_208_S212_L004_R1_001.fastq.gz	/cfs/klemming/projects/supr/snic2020-6-170/RawData/lcNGS_2025/files/P36454/P36454_208/02-FASTQ/20250916_LH00202_0275_B233JYLLT4/P36454_208_S212_L004_R2_001.fastq.gz
L24.132	P36454_208.3	P36454P2	ILLUMINA	/cfs/klemming/projects/supr/snic2020-6-170/RawData/lcNGS_2025/files/P36454/P36454_208/02-FASTQ/20250916_LH00202_0275_B233JYLLT4/P36454_208_S212_L003_R1_001.fastq.gz	/cfs/klemming/projects/supr/snic2020-6-170/RawData/lcNGS_2025/files/P36454/P36454_208/02-FASTQ/20250916_LH00202_0275_B233JYLLT4/P36454_208_S212_L003_R2_001.fastq.gz
L24.18	P36454_209.4	P36454P2	ILLUMINA	/cfs/klemming/projects/supr/snic2020-6-170/RawData/lcNGS_2025/files/P36454/P36454_209/02-FASTQ/20250916_LH00202_0275_B233JYLLT4/P36454_209_S213_L004_R1_001.fastq.gz	/cfs/klemming/projects/supr/snic2020-6-170/RawData/lcNGS_2025/files/P36454/P36454_209/02-FASTQ/20250916_LH00202_0275_B233JYLLT4/P36454_209_S213_L004_R2_001.fastq.gz
L24.18	P36454_209.2	P36454P2	ILLUMINA	/cfs/klemming/projects/supr/snic2020-6-170/RawData/lcNGS_2025/files/P36454/P36454_209/02-FASTQ/20250916_LH00202_0275_B233JYLLT4/P36454_209_S213_L002_R1_001.fastq.gz	/cfs/klemming/projects/supr/snic2020-6-170/RawData/lcNGS_2025/files/P36454/P36454_209/02-FASTQ/20250916_LH00202_0275_B233JYLLT4/P36454_209_S213_L002_R2_001.fastq.gz
L24.18	P36454_209.3	P36454P2	ILLUMINA	/cfs/klemming/projects/supr/snic2020-6-170/RawData/lcNGS_2025/files/P36454/P36454_209/02-FASTQ/20250916_LH00202_0275_B233JYLLT4/P36454_209_S213_L003_R1_001.fastq.gz	/cfs/klemming/projects/supr/snic2020-6-170/RawData/lcNGS_2025/files/P36454/P36454_209/02-FASTQ/20250916_LH00202_0275_B233JYLLT4/P36454_209_S213_L003_R2_001.fastq.gz
L24.111	P36454_210.2	P36454P2	ILLUMINA	/cfs/klemming/projects/supr/snic2020-6-170/RawData/lcNGS_2025/files/P36454/P36454_210/02-FASTQ/20250916_LH00202_0275_B233JYLLT4/P36454_210_S214_L002_R1_001.fastq.gz	/cfs/klemming/projects/supr/snic2020-6-170/RawData/lcNGS_2025/files/P36454/P36454_210/02-FASTQ/20250916_LH00202_0275_B233JYLLT4/P36454_210_S214_L002_R2_001.fastq.gz
L24.111	P36454_210.4	P36454P2	ILLUMINA	/cfs/klemming/projects/supr/snic2020-6-170/RawData/lcNGS_2025/files/P36454/P36454_210/02-FASTQ/20250916_LH00202_0275_B233JYLLT4/P36454_210_S214_L004_R1_001.fastq.gz	/cfs/klemming/projects/supr/snic2020-6-170/RawData/lcNGS_2025/files/P36454/P36454_210/02-FASTQ/20250916_LH00202_0275_B233JYLLT4/P36454_210_S214_L004_R2_001.fastq.gz
L24.111	P36454_210.3	P36454P2	ILLUMINA	/cfs/klemming/projects/supr/snic2020-6-170/RawData/lcNGS_2025/files/P36454/P36454_210/02-FASTQ/20250916_LH00202_0275_B233JYLLT4/P36454_210_S214_L003_R1_001.fastq.gz	/cfs/klemming/projects/supr/snic2020-6-170/RawData/lcNGS_2025/files/P36454/P36454_210/02-FASTQ/20250916_LH00202_0275_B233JYLLT4/P36454_210_S214_L003_R2_001.fastq.gz
L24.277	P36454_211.2	P36454P2	ILLUMINA	/cfs/klemming/projects/supr/snic2020-6-170/RawData/lcNGS_2025/files/P36454/P36454_211/02-FASTQ/20250916_LH00202_0275_B233JYLLT4/P36454_211_S215_L002_R1_001.fastq.gz	/cfs/klemming/projects/supr/snic2020-6-170/RawData/lcNGS_2025/files/P36454/P36454_211/02-FASTQ/20250916_LH00202_0275_B233JYLLT4/P36454_211_S215_L002_R2_001.fastq.gz
L24.277	P36454_211.3	P36454P2	ILLUMINA	/cfs/klemming/projects/supr/snic2020-6-170/RawData/lcNGS_2025/files/P36454/P36454_211/02-FASTQ/20250916_LH00202_0275_B233JYLLT4/P36454_211_S215_L003_R1_001.fastq.gz	/cfs/klemming/projects/supr/snic2020-6-170/RawData/lcNGS_2025/files/P36454/P36454_211/02-FASTQ/20250916_LH00202_0275_B233JYLLT4/P36454_211_S215_L003_R2_001.fastq.gz
L24.277	P36454_211.4	P36454P2	ILLUMINA	/cfs/klemming/projects/supr/snic2020-6-170/RawData/lcNGS_2025/files/P36454/P36454_211/02-FASTQ/20250916_LH00202_0275_B233JYLLT4/P36454_211_S215_L004_R1_001.fastq.gz	/cfs/klemming/projects/supr/snic2020-6-170/RawData/lcNGS_2025/files/P36454/P36454_211/02-FASTQ/20250916_LH00202_0275_B233JYLLT4/P36454_211_S215_L004_R2_001.fastq.gz
L24.433	P36454_212.2	P36454P2	ILLUMINA	/cfs/klemming/projects/supr/snic2020-6-170/RawData/lcNGS_2025/files/P36454/P36454_212/02-FASTQ/20250916_LH00202_0275_B233JYLLT4/P36454_212_S216_L002_R1_001.fastq.gz	/cfs/klemming/projects/supr/snic2020-6-170/RawData/lcNGS_2025/files/P36454/P36454_212/02-FASTQ/20250916_LH00202_0275_B233JYLLT4/P36454_212_S216_L002_R2_001.fastq.gz
L24.433	P36454_212.3	P36454P2	ILLUMINA	/cfs/klemming/projects/supr/snic2020-6-170/RawData/lcNGS_2025/files/P36454/P36454_212/02-FASTQ/20250916_LH00202_0275_B233JYLLT4/P36454_212_S216_L003_R1_001.fastq.gz	/cfs/klemming/projects/supr/snic2020-6-170/RawData/lcNGS_2025/files/P36454/P36454_212/02-FASTQ/20250916_LH00202_0275_B233JYLLT4/P36454_212_S216_L003_R2_001.fastq.gz
L24.433	P36454_212.4	P36454P2	ILLUMINA	/cfs/klemming/projects/supr/snic2020-6-170/RawData/lcNGS_2025/files/P36454/P36454_212/02-FASTQ/20250916_LH00202_0275_B233JYLLT4/P36454_212_S216_L004_R1_001.fastq.gz	/cfs/klemming/projects/supr/snic2020-6-170/RawData/lcNGS_2025/files/P36454/P36454_212/02-FASTQ/20250916_LH00202_0275_B233JYLLT4/P36454_212_S216_L004_R2_001.fastq.gz
L24.113	P36454_213.2	P36454P2	ILLUMINA	/cfs/klemming/projects/supr/snic2020-6-170/RawData/lcNGS_2025/files/P36454/P36454_213/02-FASTQ/20250916_LH00202_0275_B233JYLLT4/P36454_213_S217_L002_R1_001.fastq.gz	/cfs/klemming/projects/supr/snic2020-6-170/RawData/lcNGS_2025/files/P36454/P36454_213/02-FASTQ/20250916_LH00202_0275_B233JYLLT4/P36454_213_S217_L002_R2_001.fastq.gz
L24.113	P36454_213.4	P36454P2	ILLUMINA	/cfs/klemming/projects/supr/snic2020-6-170/RawData/lcNGS_2025/files/P36454/P36454_213/02-FASTQ/20250916_LH00202_0275_B233JYLLT4/P36454_213_S217_L004_R1_001.fastq.gz	/cfs/klemming/projects/supr/snic2020-6-170/RawData/lcNGS_2025/files/P36454/P36454_213/02-FASTQ/20250916_LH00202_0275_B233JYLLT4/P36454_213_S217_L004_R2_001.fastq.gz
L24.113	P36454_213.3	P36454P2	ILLUMINA	/cfs/klemming/projects/supr/snic2020-6-170/RawData/lcNGS_2025/files/P36454/P36454_213/02-FASTQ/20250916_LH00202_0275_B233JYLLT4/P36454_213_S217_L003_R1_001.fastq.gz	/cfs/klemming/projects/supr/snic2020-6-170/RawData/lcNGS_2025/files/P36454/P36454_213/02-FASTQ/20250916_LH00202_0275_B233JYLLT4/P36454_213_S217_L003_R2_001.fastq.gz
L24.51	P36454_214.2	P36454P2	ILLUMINA	/cfs/klemming/projects/supr/snic2020-6-170/RawData/lcNGS_2025/files/P36454/P36454_214/02-FASTQ/20250916_LH00202_0275_B233JYLLT4/P36454_214_S218_L002_R1_001.fastq.gz	/cfs/klemming/projects/supr/snic2020-6-170/RawData/lcNGS_2025/files/P36454/P36454_214/02-FASTQ/20250916_LH00202_0275_B233JYLLT4/P36454_214_S218_L002_R2_001.fastq.gz
L24.51	P36454_214.3	P36454P2	ILLUMINA	/cfs/klemming/projects/supr/snic2020-6-170/RawData/lcNGS_2025/files/P36454/P36454_214/02-FASTQ/20250916_LH00202_0275_B233JYLLT4/P36454_214_S218_L003_R1_001.fastq.gz	/cfs/klemming/projects/supr/snic2020-6-170/RawData/lcNGS_2025/files/P36454/P36454_214/02-FASTQ/20250916_LH00202_0275_B233JYLLT4/P36454_214_S218_L003_R2_001.fastq.gz
L24.51	P36454_214.4	P36454P2	ILLUMINA	/cfs/klemming/projects/supr/snic2020-6-170/RawData/lcNGS_2025/files/P36454/P36454_214/02-FASTQ/20250916_LH00202_0275_B233JYLLT4/P36454_214_S218_L004_R1_001.fastq.gz	/cfs/klemming/projects/supr/snic2020-6-170/RawData/lcNGS_2025/files/P36454/P36454_214/02-FASTQ/20250916_LH00202_0275_B233JYLLT4/P36454_214_S218_L004_R2_001.fastq.gz
L24.71	P36454_215.3	P36454P2	ILLUMINA	/cfs/klemming/projects/supr/snic2020-6-170/RawData/lcNGS_2025/files/P36454/P36454_215/02-FASTQ/20250916_LH00202_0275_B233JYLLT4/P36454_215_S219_L003_R1_001.fastq.gz	/cfs/klemming/projects/supr/snic2020-6-170/RawData/lcNGS_2025/files/P36454/P36454_215/02-FASTQ/20250916_LH00202_0275_B233JYLLT4/P36454_215_S219_L003_R2_001.fastq.gz
L24.71	P36454_215.4	P36454P2	ILLUMINA	/cfs/klemming/projects/supr/snic2020-6-170/RawData/lcNGS_2025/files/P36454/P36454_215/02-FASTQ/20250916_LH00202_0275_B233JYLLT4/P36454_215_S219_L004_R1_001.fastq.gz	/cfs/klemming/projects/supr/snic2020-6-170/RawData/lcNGS_2025/files/P36454/P36454_215/02-FASTQ/20250916_LH00202_0275_B233JYLLT4/P36454_215_S219_L004_R2_001.fastq.gz
L24.71	P36454_215.2	P36454P2	ILLUMINA	/cfs/klemming/projects/supr/snic2020-6-170/RawData/lcNGS_2025/files/P36454/P36454_215/02-FASTQ/20250916_LH00202_0275_B233JYLLT4/P36454_215_S219_L002_R1_001.fastq.gz	/cfs/klemming/projects/supr/snic2020-6-170/RawData/lcNGS_2025/files/P36454/P36454_215/02-FASTQ/20250916_LH00202_0275_B233JYLLT4/P36454_215_S219_L002_R2_001.fastq.gz
L24.91	P36454_216.3	P36454P2	ILLUMINA	/cfs/klemming/projects/supr/snic2020-6-170/RawData/lcNGS_2025/files/P36454/P36454_216/02-FASTQ/20250916_LH00202_0275_B233JYLLT4/P36454_216_S220_L003_R1_001.fastq.gz	/cfs/klemming/projects/supr/snic2020-6-170/RawData/lcNGS_2025/files/P36454/P36454_216/02-FASTQ/20250916_LH00202_0275_B233JYLLT4/P36454_216_S220_L003_R2_001.fastq.gz
L24.91	P36454_216.2	P36454P2	ILLUMINA	/cfs/klemming/projects/supr/snic2020-6-170/RawData/lcNGS_2025/files/P36454/P36454_216/02-FASTQ/20250916_LH00202_0275_B233JYLLT4/P36454_216_S220_L002_R1_001.fastq.gz	/cfs/klemming/projects/supr/snic2020-6-170/RawData/lcNGS_2025/files/P36454/P36454_216/02-FASTQ/20250916_LH00202_0275_B233JYLLT4/P36454_216_S220_L002_R2_001.fastq.gz
L24.91	P36454_216.4	P36454P2	ILLUMINA	/cfs/klemming/projects/supr/snic2020-6-170/RawData/lcNGS_2025/files/P36454/P36454_216/02-FASTQ/20250916_LH00202_0275_B233JYLLT4/P36454_216_S220_L004_R1_001.fastq.gz	/cfs/klemming/projects/supr/snic2020-6-170/RawData/lcNGS_2025/files/P36454/P36454_216/02-FASTQ/20250916_LH00202_0275_B233JYLLT4/P36454_216_S220_L004_R2_001.fastq.gz
22.319	P36454_217.4	P36454P2	ILLUMINA	/cfs/klemming/projects/supr/snic2020-6-170/RawData/lcNGS_2025/files/P36454/P36454_217/02-FASTQ/20250916_LH00202_0275_B233JYLLT4/P36454_217_S221_L004_R1_001.fastq.gz	/cfs/klemming/projects/supr/snic2020-6-170/RawData/lcNGS_2025/files/P36454/P36454_217/02-FASTQ/20250916_LH00202_0275_B233JYLLT4/P36454_217_S221_L004_R2_001.fastq.gz
22.319	P36454_217.2	P36454P2	ILLUMINA	/cfs/klemming/projects/supr/snic2020-6-170/RawData/lcNGS_2025/files/P36454/P36454_217/02-FASTQ/20250916_LH00202_0275_B233JYLLT4/P36454_217_S221_L002_R1_001.fastq.gz	/cfs/klemming/projects/supr/snic2020-6-170/RawData/lcNGS_2025/files/P36454/P36454_217/02-FASTQ/20250916_LH00202_0275_B233JYLLT4/P36454_217_S221_L002_R2_001.fastq.gz
22.319	P36454_217.3	P36454P2	ILLUMINA	/cfs/klemming/projects/supr/snic2020-6-170/RawData/lcNGS_2025/files/P36454/P36454_217/02-FASTQ/20250916_LH00202_0275_B233JYLLT4/P36454_217_S221_L003_R1_001.fastq.gz	/cfs/klemming/projects/supr/snic2020-6-170/RawData/lcNGS_2025/files/P36454/P36454_217/02-FASTQ/20250916_LH00202_0275_B233JYLLT4/P36454_217_S221_L003_R2_001.fastq.gz
22.322	P36454_218.2	P36454P2	ILLUMINA	/cfs/klemming/projects/supr/snic2020-6-170/RawData/lcNGS_2025/files/P36454/P36454_218/02-FASTQ/20250916_LH00202_0275_B233JYLLT4/P36454_218_S222_L002_R1_001.fastq.gz	/cfs/klemming/projects/supr/snic2020-6-170/RawData/lcNGS_2025/files/P36454/P36454_218/02-FASTQ/20250916_LH00202_0275_B233JYLLT4/P36454_218_S222_L002_R2_001.fastq.gz
22.322	P36454_218.3	P36454P2	ILLUMINA	/cfs/klemming/projects/supr/snic2020-6-170/RawData/lcNGS_2025/files/P36454/P36454_218/02-FASTQ/20250916_LH00202_0275_B233JYLLT4/P36454_218_S222_L003_R1_001.fastq.gz	/cfs/klemming/projects/supr/snic2020-6-170/RawData/lcNGS_2025/files/P36454/P36454_218/02-FASTQ/20250916_LH00202_0275_B233JYLLT4/P36454_218_S222_L003_R2_001.fastq.gz
22.322	P36454_218.4	P36454P2	ILLUMINA	/cfs/klemming/projects/supr/snic2020-6-170/RawData/lcNGS_2025/files/P36454/P36454_218/02-FASTQ/20250916_LH00202_0275_B233JYLLT4/P36454_218_S222_L004_R1_001.fastq.gz	/cfs/klemming/projects/supr/snic2020-6-170/RawData/lcNGS_2025/files/P36454/P36454_218/02-FASTQ/20250916_LH00202_0275_B233JYLLT4/P36454_218_S222_L004_R2_001.fastq.gz
22.407	P36454_219.4	P36454P2	ILLUMINA	/cfs/klemming/projects/supr/snic2020-6-170/RawData/lcNGS_2025/files/P36454/P36454_219/02-FASTQ/20250916_LH00202_0275_B233JYLLT4/P36454_219_S223_L004_R1_001.fastq.gz	/cfs/klemming/projects/supr/snic2020-6-170/RawData/lcNGS_2025/files/P36454/P36454_219/02-FASTQ/20250916_LH00202_0275_B233JYLLT4/P36454_219_S223_L004_R2_001.fastq.gz
22.407	P36454_219.3	P36454P2	ILLUMINA	/cfs/klemming/projects/supr/snic2020-6-170/RawData/lcNGS_2025/files/P36454/P36454_219/02-FASTQ/20250916_LH00202_0275_B233JYLLT4/P36454_219_S223_L003_R1_001.fastq.gz	/cfs/klemming/projects/supr/snic2020-6-170/RawData/lcNGS_2025/files/P36454/P36454_219/02-FASTQ/20250916_LH00202_0275_B233JYLLT4/P36454_219_S223_L003_R2_001.fastq.gz
22.407	P36454_219.2	P36454P2	ILLUMINA	/cfs/klemming/projects/supr/snic2020-6-170/RawData/lcNGS_2025/files/P36454/P36454_219/02-FASTQ/20250916_LH00202_0275_B233JYLLT4/P36454_219_S223_L002_R1_001.fastq.gz	/cfs/klemming/projects/supr/snic2020-6-170/RawData/lcNGS_2025/files/P36454/P36454_219/02-FASTQ/20250916_LH00202_0275_B233JYLLT4/P36454_219_S223_L002_R2_001.fastq.gz
22.408	P36454_220.2	P36454P2	ILLUMINA	/cfs/klemming/projects/supr/snic2020-6-170/RawData/lcNGS_2025/files/P36454/P36454_220/02-FASTQ/20250916_LH00202_0275_B233JYLLT4/P36454_220_S224_L002_R1_001.fastq.gz	/cfs/klemming/projects/supr/snic2020-6-170/RawData/lcNGS_2025/files/P36454/P36454_220/02-FASTQ/20250916_LH00202_0275_B233JYLLT4/P36454_220_S224_L002_R2_001.fastq.gz
22.408	P36454_220.4	P36454P2	ILLUMINA	/cfs/klemming/projects/supr/snic2020-6-170/RawData/lcNGS_2025/files/P36454/P36454_220/02-FASTQ/20250916_LH00202_0275_B233JYLLT4/P36454_220_S224_L004_R1_001.fastq.gz	/cfs/klemming/projects/supr/snic2020-6-170/RawData/lcNGS_2025/files/P36454/P36454_220/02-FASTQ/20250916_LH00202_0275_B233JYLLT4/P36454_220_S224_L004_R2_001.fastq.gz
22.408	P36454_220.3	P36454P2	ILLUMINA	/cfs/klemming/projects/supr/snic2020-6-170/RawData/lcNGS_2025/files/P36454/P36454_220/02-FASTQ/20250916_LH00202_0275_B233JYLLT4/P36454_220_S224_L003_R1_001.fastq.gz	/cfs/klemming/projects/supr/snic2020-6-170/RawData/lcNGS_2025/files/P36454/P36454_220/02-FASTQ/20250916_LH00202_0275_B233JYLLT4/P36454_220_S224_L003_R2_001.fastq.gz
22.417	P36454_221.4	P36454P2	ILLUMINA	/cfs/klemming/projects/supr/snic2020-6-170/RawData/lcNGS_2025/files/P36454/P36454_221/02-FASTQ/20250916_LH00202_0275_B233JYLLT4/P36454_221_S225_L004_R1_001.fastq.gz	/cfs/klemming/projects/supr/snic2020-6-170/RawData/lcNGS_2025/files/P36454/P36454_221/02-FASTQ/20250916_LH00202_0275_B233JYLLT4/P36454_221_S225_L004_R2_001.fastq.gz
22.417	P36454_221.2	P36454P2	ILLUMINA	/cfs/klemming/projects/supr/snic2020-6-170/RawData/lcNGS_2025/files/P36454/P36454_221/02-FASTQ/20250916_LH00202_0275_B233JYLLT4/P36454_221_S225_L002_R1_001.fastq.gz	/cfs/klemming/projects/supr/snic2020-6-170/RawData/lcNGS_2025/files/P36454/P36454_221/02-FASTQ/20250916_LH00202_0275_B233JYLLT4/P36454_221_S225_L002_R2_001.fastq.gz
22.417	P36454_221.3	P36454P2	ILLUMINA	/cfs/klemming/projects/supr/snic2020-6-170/RawData/lcNGS_2025/files/P36454/P36454_221/02-FASTQ/20250916_LH00202_0275_B233JYLLT4/P36454_221_S225_L003_R1_001.fastq.gz	/cfs/klemming/projects/supr/snic2020-6-170/RawData/lcNGS_2025/files/P36454/P36454_221/02-FASTQ/20250916_LH00202_0275_B233JYLLT4/P36454_221_S225_L003_R2_001.fastq.gz
22.418	P36454_222.3	P36454P2	ILLUMINA	/cfs/klemming/projects/supr/snic2020-6-170/RawData/lcNGS_2025/files/P36454/P36454_222/02-FASTQ/20250916_LH00202_0275_B233JYLLT4/P36454_222_S226_L003_R1_001.fastq.gz	/cfs/klemming/projects/supr/snic2020-6-170/RawData/lcNGS_2025/files/P36454/P36454_222/02-FASTQ/20250916_LH00202_0275_B233JYLLT4/P36454_222_S226_L003_R2_001.fastq.gz
22.418	P36454_222.4	P36454P2	ILLUMINA	/cfs/klemming/projects/supr/snic2020-6-170/RawData/lcNGS_2025/files/P36454/P36454_222/02-FASTQ/20250916_LH00202_0275_B233JYLLT4/P36454_222_S226_L004_R1_001.fastq.gz	/cfs/klemming/projects/supr/snic2020-6-170/RawData/lcNGS_2025/files/P36454/P36454_222/02-FASTQ/20250916_LH00202_0275_B233JYLLT4/P36454_222_S226_L004_R2_001.fastq.gz
22.418	P36454_222.2	P36454P2	ILLUMINA	/cfs/klemming/projects/supr/snic2020-6-170/RawData/lcNGS_2025/files/P36454/P36454_222/02-FASTQ/20250916_LH00202_0275_B233JYLLT4/P36454_222_S226_L002_R1_001.fastq.gz	/cfs/klemming/projects/supr/snic2020-6-170/RawData/lcNGS_2025/files/P36454/P36454_222/02-FASTQ/20250916_LH00202_0275_B233JYLLT4/P36454_222_S226_L002_R2_001.fastq.gz
22.471	P36454_223.2	P36454P2	ILLUMINA	/cfs/klemming/projects/supr/snic2020-6-170/RawData/lcNGS_2025/files/P36454/P36454_223/02-FASTQ/20250916_LH00202_0275_B233JYLLT4/P36454_223_S227_L002_R1_001.fastq.gz	/cfs/klemming/projects/supr/snic2020-6-170/RawData/lcNGS_2025/files/P36454/P36454_223/02-FASTQ/20250916_LH00202_0275_B233JYLLT4/P36454_223_S227_L002_R2_001.fastq.gz
22.471	P36454_223.4	P36454P2	ILLUMINA	/cfs/klemming/projects/supr/snic2020-6-170/RawData/lcNGS_2025/files/P36454/P36454_223/02-FASTQ/20250916_LH00202_0275_B233JYLLT4/P36454_223_S227_L004_R1_001.fastq.gz	/cfs/klemming/projects/supr/snic2020-6-170/RawData/lcNGS_2025/files/P36454/P36454_223/02-FASTQ/20250916_LH00202_0275_B233JYLLT4/P36454_223_S227_L004_R2_001.fastq.gz
22.471	P36454_223.3	P36454P2	ILLUMINA	/cfs/klemming/projects/supr/snic2020-6-170/RawData/lcNGS_2025/files/P36454/P36454_223/02-FASTQ/20250916_LH00202_0275_B233JYLLT4/P36454_223_S227_L003_R1_001.fastq.gz	/cfs/klemming/projects/supr/snic2020-6-170/RawData/lcNGS_2025/files/P36454/P36454_223/02-FASTQ/20250916_LH00202_0275_B233JYLLT4/P36454_223_S227_L003_R2_001.fastq.gz
22.628	P36454_224.3	P36454P2	ILLUMINA	/cfs/klemming/projects/supr/snic2020-6-170/RawData/lcNGS_2025/files/P36454/P36454_224/02-FASTQ/20250916_LH00202_0275_B233JYLLT4/P36454_224_S228_L003_R1_001.fastq.gz	/cfs/klemming/projects/supr/snic2020-6-170/RawData/lcNGS_2025/files/P36454/P36454_224/02-FASTQ/20250916_LH00202_0275_B233JYLLT4/P36454_224_S228_L003_R2_001.fastq.gz
22.628	P36454_224.2	P36454P2	ILLUMINA	/cfs/klemming/projects/supr/snic2020-6-170/RawData/lcNGS_2025/files/P36454/P36454_224/02-FASTQ/20250916_LH00202_0275_B233JYLLT4/P36454_224_S228_L002_R1_001.fastq.gz	/cfs/klemming/projects/supr/snic2020-6-170/RawData/lcNGS_2025/files/P36454/P36454_224/02-FASTQ/20250916_LH00202_0275_B233JYLLT4/P36454_224_S228_L002_R2_001.fastq.gz
22.628	P36454_224.4	P36454P2	ILLUMINA	/cfs/klemming/projects/supr/snic2020-6-170/RawData/lcNGS_2025/files/P36454/P36454_224/02-FASTQ/20250916_LH00202_0275_B233JYLLT4/P36454_224_S228_L004_R1_001.fastq.gz	/cfs/klemming/projects/supr/snic2020-6-170/RawData/lcNGS_2025/files/P36454/P36454_224/02-FASTQ/20250916_LH00202_0275_B233JYLLT4/P36454_224_S228_L004_R2_001.fastq.gz
22.633	P36454_225.2	P36454P2	ILLUMINA	/cfs/klemming/projects/supr/snic2020-6-170/RawData/lcNGS_2025/files/P36454/P36454_225/02-FASTQ/20250916_LH00202_0275_B233JYLLT4/P36454_225_S229_L002_R1_001.fastq.gz	/cfs/klemming/projects/supr/snic2020-6-170/RawData/lcNGS_2025/files/P36454/P36454_225/02-FASTQ/20250916_LH00202_0275_B233JYLLT4/P36454_225_S229_L002_R2_001.fastq.gz
22.633	P36454_225.4	P36454P2	ILLUMINA	/cfs/klemming/projects/supr/snic2020-6-170/RawData/lcNGS_2025/files/P36454/P36454_225/02-FASTQ/20250916_LH00202_0275_B233JYLLT4/P36454_225_S229_L004_R1_001.fastq.gz	/cfs/klemming/projects/supr/snic2020-6-170/RawData/lcNGS_2025/files/P36454/P36454_225/02-FASTQ/20250916_LH00202_0275_B233JYLLT4/P36454_225_S229_L004_R2_001.fastq.gz
22.633	P36454_225.3	P36454P2	ILLUMINA	/cfs/klemming/projects/supr/snic2020-6-170/RawData/lcNGS_2025/files/P36454/P36454_225/02-FASTQ/20250916_LH00202_0275_B233JYLLT4/P36454_225_S229_L003_R1_001.fastq.gz	/cfs/klemming/projects/supr/snic2020-6-170/RawData/lcNGS_2025/files/P36454/P36454_225/02-FASTQ/20250916_LH00202_0275_B233JYLLT4/P36454_225_S229_L003_R2_001.fastq.gz
22.637	P36454_226.2	P36454P2	ILLUMINA	/cfs/klemming/projects/supr/snic2020-6-170/RawData/lcNGS_2025/files/P36454/P36454_226/02-FASTQ/20250916_LH00202_0275_B233JYLLT4/P36454_226_S230_L002_R1_001.fastq.gz	/cfs/klemming/projects/supr/snic2020-6-170/RawData/lcNGS_2025/files/P36454/P36454_226/02-FASTQ/20250916_LH00202_0275_B233JYLLT4/P36454_226_S230_L002_R2_001.fastq.gz
22.637	P36454_226.4	P36454P2	ILLUMINA	/cfs/klemming/projects/supr/snic2020-6-170/RawData/lcNGS_2025/files/P36454/P36454_226/02-FASTQ/20250916_LH00202_0275_B233JYLLT4/P36454_226_S230_L004_R1_001.fastq.gz	/cfs/klemming/projects/supr/snic2020-6-170/RawData/lcNGS_2025/files/P36454/P36454_226/02-FASTQ/20250916_LH00202_0275_B233JYLLT4/P36454_226_S230_L004_R2_001.fastq.gz
22.637	P36454_226.3	P36454P2	ILLUMINA	/cfs/klemming/projects/supr/snic2020-6-170/RawData/lcNGS_2025/files/P36454/P36454_226/02-FASTQ/20250916_LH00202_0275_B233JYLLT4/P36454_226_S230_L003_R1_001.fastq.gz	/cfs/klemming/projects/supr/snic2020-6-170/RawData/lcNGS_2025/files/P36454/P36454_226/02-FASTQ/20250916_LH00202_0275_B233JYLLT4/P36454_226_S230_L003_R2_001.fastq.gz
22.638	P36454_227.4	P36454P2	ILLUMINA	/cfs/klemming/projects/supr/snic2020-6-170/RawData/lcNGS_2025/files/P36454/P36454_227/02-FASTQ/20250916_LH00202_0275_B233JYLLT4/P36454_227_S231_L004_R1_001.fastq.gz	/cfs/klemming/projects/supr/snic2020-6-170/RawData/lcNGS_2025/files/P36454/P36454_227/02-FASTQ/20250916_LH00202_0275_B233JYLLT4/P36454_227_S231_L004_R2_001.fastq.gz
22.638	P36454_227.3	P36454P2	ILLUMINA	/cfs/klemming/projects/supr/snic2020-6-170/RawData/lcNGS_2025/files/P36454/P36454_227/02-FASTQ/20250916_LH00202_0275_B233JYLLT4/P36454_227_S231_L003_R1_001.fastq.gz	/cfs/klemming/projects/supr/snic2020-6-170/RawData/lcNGS_2025/files/P36454/P36454_227/02-FASTQ/20250916_LH00202_0275_B233JYLLT4/P36454_227_S231_L003_R2_001.fastq.gz
22.638	P36454_227.2	P36454P2	ILLUMINA	/cfs/klemming/projects/supr/snic2020-6-170/RawData/lcNGS_2025/files/P36454/P36454_227/02-FASTQ/20250916_LH00202_0275_B233JYLLT4/P36454_227_S231_L002_R1_001.fastq.gz	/cfs/klemming/projects/supr/snic2020-6-170/RawData/lcNGS_2025/files/P36454/P36454_227/02-FASTQ/20250916_LH00202_0275_B233JYLLT4/P36454_227_S231_L002_R2_001.fastq.gz
22.654	P36454_228.2	P36454P2	ILLUMINA	/cfs/klemming/projects/supr/snic2020-6-170/RawData/lcNGS_2025/files/P36454/P36454_228/02-FASTQ/20250916_LH00202_0275_B233JYLLT4/P36454_228_S232_L002_R1_001.fastq.gz	/cfs/klemming/projects/supr/snic2020-6-170/RawData/lcNGS_2025/files/P36454/P36454_228/02-FASTQ/20250916_LH00202_0275_B233JYLLT4/P36454_228_S232_L002_R2_001.fastq.gz
22.654	P36454_228.3	P36454P2	ILLUMINA	/cfs/klemming/projects/supr/snic2020-6-170/RawData/lcNGS_2025/files/P36454/P36454_228/02-FASTQ/20250916_LH00202_0275_B233JYLLT4/P36454_228_S232_L003_R1_001.fastq.gz	/cfs/klemming/projects/supr/snic2020-6-170/RawData/lcNGS_2025/files/P36454/P36454_228/02-FASTQ/20250916_LH00202_0275_B233JYLLT4/P36454_228_S232_L003_R2_001.fastq.gz
22.654	P36454_228.4	P36454P2	ILLUMINA	/cfs/klemming/projects/supr/snic2020-6-170/RawData/lcNGS_2025/files/P36454/P36454_228/02-FASTQ/20250916_LH00202_0275_B233JYLLT4/P36454_228_S232_L004_R1_001.fastq.gz	/cfs/klemming/projects/supr/snic2020-6-170/RawData/lcNGS_2025/files/P36454/P36454_228/02-FASTQ/20250916_LH00202_0275_B233JYLLT4/P36454_228_S232_L004_R2_001.fastq.gz
22.875	P36454_229.3	P36454P2	ILLUMINA	/cfs/klemming/projects/supr/snic2020-6-170/RawData/lcNGS_2025/files/P36454/P36454_229/02-FASTQ/20250916_LH00202_0275_B233JYLLT4/P36454_229_S233_L003_R1_001.fastq.gz	/cfs/klemming/projects/supr/snic2020-6-170/RawData/lcNGS_2025/files/P36454/P36454_229/02-FASTQ/20250916_LH00202_0275_B233JYLLT4/P36454_229_S233_L003_R2_001.fastq.gz
22.875	P36454_229.4	P36454P2	ILLUMINA	/cfs/klemming/projects/supr/snic2020-6-170/RawData/lcNGS_2025/files/P36454/P36454_229/02-FASTQ/20250916_LH00202_0275_B233JYLLT4/P36454_229_S233_L004_R1_001.fastq.gz	/cfs/klemming/projects/supr/snic2020-6-170/RawData/lcNGS_2025/files/P36454/P36454_229/02-FASTQ/20250916_LH00202_0275_B233JYLLT4/P36454_229_S233_L004_R2_001.fastq.gz
22.875	P36454_229.2	P36454P2	ILLUMINA	/cfs/klemming/projects/supr/snic2020-6-170/RawData/lcNGS_2025/files/P36454/P36454_229/02-FASTQ/20250916_LH00202_0275_B233JYLLT4/P36454_229_S233_L002_R1_001.fastq.gz	/cfs/klemming/projects/supr/snic2020-6-170/RawData/lcNGS_2025/files/P36454/P36454_229/02-FASTQ/20250916_LH00202_0275_B233JYLLT4/P36454_229_S233_L002_R2_001.fastq.gz
22.876	P36454_230.2	P36454P2	ILLUMINA	/cfs/klemming/projects/supr/snic2020-6-170/RawData/lcNGS_2025/files/P36454/P36454_230/02-FASTQ/20250916_LH00202_0275_B233JYLLT4/P36454_230_S234_L002_R1_001.fastq.gz	/cfs/klemming/projects/supr/snic2020-6-170/RawData/lcNGS_2025/files/P36454/P36454_230/02-FASTQ/20250916_LH00202_0275_B233JYLLT4/P36454_230_S234_L002_R2_001.fastq.gz
22.876	P36454_230.4	P36454P2	ILLUMINA	/cfs/klemming/projects/supr/snic2020-6-170/RawData/lcNGS_2025/files/P36454/P36454_230/02-FASTQ/20250916_LH00202_0275_B233JYLLT4/P36454_230_S234_L004_R1_001.fastq.gz	/cfs/klemming/projects/supr/snic2020-6-170/RawData/lcNGS_2025/files/P36454/P36454_230/02-FASTQ/20250916_LH00202_0275_B233JYLLT4/P36454_230_S234_L004_R2_001.fastq.gz
22.876	P36454_230.3	P36454P2	ILLUMINA	/cfs/klemming/projects/supr/snic2020-6-170/RawData/lcNGS_2025/files/P36454/P36454_230/02-FASTQ/20250916_LH00202_0275_B233JYLLT4/P36454_230_S234_L003_R1_001.fastq.gz	/cfs/klemming/projects/supr/snic2020-6-170/RawData/lcNGS_2025/files/P36454/P36454_230/02-FASTQ/20250916_LH00202_0275_B233JYLLT4/P36454_230_S234_L003_R2_001.fastq.gz
22.921	P36454_231.4	P36454P2	ILLUMINA	/cfs/klemming/projects/supr/snic2020-6-170/RawData/lcNGS_2025/files/P36454/P36454_231/02-FASTQ/20250916_LH00202_0275_B233JYLLT4/P36454_231_S235_L004_R1_001.fastq.gz	/cfs/klemming/projects/supr/snic2020-6-170/RawData/lcNGS_2025/files/P36454/P36454_231/02-FASTQ/20250916_LH00202_0275_B233JYLLT4/P36454_231_S235_L004_R2_001.fastq.gz
22.921	P36454_231.2	P36454P2	ILLUMINA	/cfs/klemming/projects/supr/snic2020-6-170/RawData/lcNGS_2025/files/P36454/P36454_231/02-FASTQ/20250916_LH00202_0275_B233JYLLT4/P36454_231_S235_L002_R1_001.fastq.gz	/cfs/klemming/projects/supr/snic2020-6-170/RawData/lcNGS_2025/files/P36454/P36454_231/02-FASTQ/20250916_LH00202_0275_B233JYLLT4/P36454_231_S235_L002_R2_001.fastq.gz
22.921	P36454_231.3	P36454P2	ILLUMINA	/cfs/klemming/projects/supr/snic2020-6-170/RawData/lcNGS_2025/files/P36454/P36454_231/02-FASTQ/20250916_LH00202_0275_B233JYLLT4/P36454_231_S235_L003_R1_001.fastq.gz	/cfs/klemming/projects/supr/snic2020-6-170/RawData/lcNGS_2025/files/P36454/P36454_231/02-FASTQ/20250916_LH00202_0275_B233JYLLT4/P36454_231_S235_L003_R2_001.fastq.gz
22.922	P36454_232.4	P36454P2	ILLUMINA	/cfs/klemming/projects/supr/snic2020-6-170/RawData/lcNGS_2025/files/P36454/P36454_232/02-FASTQ/20250916_LH00202_0275_B233JYLLT4/P36454_232_S236_L004_R1_001.fastq.gz	/cfs/klemming/projects/supr/snic2020-6-170/RawData/lcNGS_2025/files/P36454/P36454_232/02-FASTQ/20250916_LH00202_0275_B233JYLLT4/P36454_232_S236_L004_R2_001.fastq.gz
22.922	P36454_232.3	P36454P2	ILLUMINA	/cfs/klemming/projects/supr/snic2020-6-170/RawData/lcNGS_2025/files/P36454/P36454_232/02-FASTQ/20250916_LH00202_0275_B233JYLLT4/P36454_232_S236_L003_R1_001.fastq.gz	/cfs/klemming/projects/supr/snic2020-6-170/RawData/lcNGS_2025/files/P36454/P36454_232/02-FASTQ/20250916_LH00202_0275_B233JYLLT4/P36454_232_S236_L003_R2_001.fastq.gz
22.922	P36454_232.2	P36454P2	ILLUMINA	/cfs/klemming/projects/supr/snic2020-6-170/RawData/lcNGS_2025/files/P36454/P36454_232/02-FASTQ/20250916_LH00202_0275_B233JYLLT4/P36454_232_S236_L002_R1_001.fastq.gz	/cfs/klemming/projects/supr/snic2020-6-170/RawData/lcNGS_2025/files/P36454/P36454_232/02-FASTQ/20250916_LH00202_0275_B233JYLLT4/P36454_232_S236_L002_R2_001.fastq.gz
23.454	P36454_233.2	P36454P2	ILLUMINA	/cfs/klemming/projects/supr/snic2020-6-170/RawData/lcNGS_2025/files/P36454/P36454_233/02-FASTQ/20250916_LH00202_0275_B233JYLLT4/P36454_233_S237_L002_R1_001.fastq.gz	/cfs/klemming/projects/supr/snic2020-6-170/RawData/lcNGS_2025/files/P36454/P36454_233/02-FASTQ/20250916_LH00202_0275_B233JYLLT4/P36454_233_S237_L002_R2_001.fastq.gz
23.454	P36454_233.3	P36454P2	ILLUMINA	/cfs/klemming/projects/supr/snic2020-6-170/RawData/lcNGS_2025/files/P36454/P36454_233/02-FASTQ/20250916_LH00202_0275_B233JYLLT4/P36454_233_S237_L003_R1_001.fastq.gz	/cfs/klemming/projects/supr/snic2020-6-170/RawData/lcNGS_2025/files/P36454/P36454_233/02-FASTQ/20250916_LH00202_0275_B233JYLLT4/P36454_233_S237_L003_R2_001.fastq.gz
23.454	P36454_233.4	P36454P2	ILLUMINA	/cfs/klemming/projects/supr/snic2020-6-170/RawData/lcNGS_2025/files/P36454/P36454_233/02-FASTQ/20250916_LH00202_0275_B233JYLLT4/P36454_233_S237_L004_R1_001.fastq.gz	/cfs/klemming/projects/supr/snic2020-6-170/RawData/lcNGS_2025/files/P36454/P36454_233/02-FASTQ/20250916_LH00202_0275_B233JYLLT4/P36454_233_S237_L004_R2_001.fastq.gz
23.462	P36454_234.3	P36454P2	ILLUMINA	/cfs/klemming/projects/supr/snic2020-6-170/RawData/lcNGS_2025/files/P36454/P36454_234/02-FASTQ/20250916_LH00202_0275_B233JYLLT4/P36454_234_S238_L003_R1_001.fastq.gz	/cfs/klemming/projects/supr/snic2020-6-170/RawData/lcNGS_2025/files/P36454/P36454_234/02-FASTQ/20250916_LH00202_0275_B233JYLLT4/P36454_234_S238_L003_R2_001.fastq.gz
23.462	P36454_234.2	P36454P2	ILLUMINA	/cfs/klemming/projects/supr/snic2020-6-170/RawData/lcNGS_2025/files/P36454/P36454_234/02-FASTQ/20250916_LH00202_0275_B233JYLLT4/P36454_234_S238_L002_R1_001.fastq.gz	/cfs/klemming/projects/supr/snic2020-6-170/RawData/lcNGS_2025/files/P36454/P36454_234/02-FASTQ/20250916_LH00202_0275_B233JYLLT4/P36454_234_S238_L002_R2_001.fastq.gz
23.462	P36454_234.4	P36454P2	ILLUMINA	/cfs/klemming/projects/supr/snic2020-6-170/RawData/lcNGS_2025/files/P36454/P36454_234/02-FASTQ/20250916_LH00202_0275_B233JYLLT4/P36454_234_S238_L004_R1_001.fastq.gz	/cfs/klemming/projects/supr/snic2020-6-170/RawData/lcNGS_2025/files/P36454/P36454_234/02-FASTQ/20250916_LH00202_0275_B233JYLLT4/P36454_234_S238_L004_R2_001.fastq.gz
23.455	P36454_235.3	P36454P2	ILLUMINA	/cfs/klemming/projects/supr/snic2020-6-170/RawData/lcNGS_2025/files/P36454/P36454_235/02-FASTQ/20250916_LH00202_0275_B233JYLLT4/P36454_235_S239_L003_R1_001.fastq.gz	/cfs/klemming/projects/supr/snic2020-6-170/RawData/lcNGS_2025/files/P36454/P36454_235/02-FASTQ/20250916_LH00202_0275_B233JYLLT4/P36454_235_S239_L003_R2_001.fastq.gz
23.455	P36454_235.2	P36454P2	ILLUMINA	/cfs/klemming/projects/supr/snic2020-6-170/RawData/lcNGS_2025/files/P36454/P36454_235/02-FASTQ/20250916_LH00202_0275_B233JYLLT4/P36454_235_S239_L002_R1_001.fastq.gz	/cfs/klemming/projects/supr/snic2020-6-170/RawData/lcNGS_2025/files/P36454/P36454_235/02-FASTQ/20250916_LH00202_0275_B233JYLLT4/P36454_235_S239_L002_R2_001.fastq.gz
23.455	P36454_235.4	P36454P2	ILLUMINA	/cfs/klemming/projects/supr/snic2020-6-170/RawData/lcNGS_2025/files/P36454/P36454_235/02-FASTQ/20250916_LH00202_0275_B233JYLLT4/P36454_235_S239_L004_R1_001.fastq.gz	/cfs/klemming/projects/supr/snic2020-6-170/RawData/lcNGS_2025/files/P36454/P36454_235/02-FASTQ/20250916_LH00202_0275_B233JYLLT4/P36454_235_S239_L004_R2_001.fastq.gz
23.463	P36454_236.2	P36454P2	ILLUMINA	/cfs/klemming/projects/supr/snic2020-6-170/RawData/lcNGS_2025/files/P36454/P36454_236/02-FASTQ/20250916_LH00202_0275_B233JYLLT4/P36454_236_S240_L002_R1_001.fastq.gz	/cfs/klemming/projects/supr/snic2020-6-170/RawData/lcNGS_2025/files/P36454/P36454_236/02-FASTQ/20250916_LH00202_0275_B233JYLLT4/P36454_236_S240_L002_R2_001.fastq.gz
23.463	P36454_236.3	P36454P2	ILLUMINA	/cfs/klemming/projects/supr/snic2020-6-170/RawData/lcNGS_2025/files/P36454/P36454_236/02-FASTQ/20250916_LH00202_0275_B233JYLLT4/P36454_236_S240_L003_R1_001.fastq.gz	/cfs/klemming/projects/supr/snic2020-6-170/RawData/lcNGS_2025/files/P36454/P36454_236/02-FASTQ/20250916_LH00202_0275_B233JYLLT4/P36454_236_S240_L003_R2_001.fastq.gz
23.463	P36454_236.4	P36454P2	ILLUMINA	/cfs/klemming/projects/supr/snic2020-6-170/RawData/lcNGS_2025/files/P36454/P36454_236/02-FASTQ/20250916_LH00202_0275_B233JYLLT4/P36454_236_S240_L004_R1_001.fastq.gz	/cfs/klemming/projects/supr/snic2020-6-170/RawData/lcNGS_2025/files/P36454/P36454_236/02-FASTQ/20250916_LH00202_0275_B233JYLLT4/P36454_236_S240_L004_R2_001.fastq.gz
23.477	P36454_237.3	P36454P2	ILLUMINA	/cfs/klemming/projects/supr/snic2020-6-170/RawData/lcNGS_2025/files/P36454/P36454_237/02-FASTQ/20250916_LH00202_0275_B233JYLLT4/P36454_237_S241_L003_R1_001.fastq.gz	/cfs/klemming/projects/supr/snic2020-6-170/RawData/lcNGS_2025/files/P36454/P36454_237/02-FASTQ/20250916_LH00202_0275_B233JYLLT4/P36454_237_S241_L003_R2_001.fastq.gz
23.477	P36454_237.2	P36454P2	ILLUMINA	/cfs/klemming/projects/supr/snic2020-6-170/RawData/lcNGS_2025/files/P36454/P36454_237/02-FASTQ/20250916_LH00202_0275_B233JYLLT4/P36454_237_S241_L002_R1_001.fastq.gz	/cfs/klemming/projects/supr/snic2020-6-170/RawData/lcNGS_2025/files/P36454/P36454_237/02-FASTQ/20250916_LH00202_0275_B233JYLLT4/P36454_237_S241_L002_R2_001.fastq.gz
23.477	P36454_237.4	P36454P2	ILLUMINA	/cfs/klemming/projects/supr/snic2020-6-170/RawData/lcNGS_2025/files/P36454/P36454_237/02-FASTQ/20250916_LH00202_0275_B233JYLLT4/P36454_237_S241_L004_R1_001.fastq.gz	/cfs/klemming/projects/supr/snic2020-6-170/RawData/lcNGS_2025/files/P36454/P36454_237/02-FASTQ/20250916_LH00202_0275_B233JYLLT4/P36454_237_S241_L004_R2_001.fastq.gz
23.486	P36454_238.4	P36454P2	ILLUMINA	/cfs/klemming/projects/supr/snic2020-6-170/RawData/lcNGS_2025/files/P36454/P36454_238/02-FASTQ/20250916_LH00202_0275_B233JYLLT4/P36454_238_S242_L004_R1_001.fastq.gz	/cfs/klemming/projects/supr/snic2020-6-170/RawData/lcNGS_2025/files/P36454/P36454_238/02-FASTQ/20250916_LH00202_0275_B233JYLLT4/P36454_238_S242_L004_R2_001.fastq.gz
23.486	P36454_238.3	P36454P2	ILLUMINA	/cfs/klemming/projects/supr/snic2020-6-170/RawData/lcNGS_2025/files/P36454/P36454_238/02-FASTQ/20250916_LH00202_0275_B233JYLLT4/P36454_238_S242_L003_R1_001.fastq.gz	/cfs/klemming/projects/supr/snic2020-6-170/RawData/lcNGS_2025/files/P36454/P36454_238/02-FASTQ/20250916_LH00202_0275_B233JYLLT4/P36454_238_S242_L003_R2_001.fastq.gz
23.486	P36454_238.2	P36454P2	ILLUMINA	/cfs/klemming/projects/supr/snic2020-6-170/RawData/lcNGS_2025/files/P36454/P36454_238/02-FASTQ/20250916_LH00202_0275_B233JYLLT4/P36454_238_S242_L002_R1_001.fastq.gz	/cfs/klemming/projects/supr/snic2020-6-170/RawData/lcNGS_2025/files/P36454/P36454_238/02-FASTQ/20250916_LH00202_0275_B233JYLLT4/P36454_238_S242_L002_R2_001.fastq.gz
23.489	P36454_239.2	P36454P2	ILLUMINA	/cfs/klemming/projects/supr/snic2020-6-170/RawData/lcNGS_2025/files/P36454/P36454_239/02-FASTQ/20250916_LH00202_0275_B233JYLLT4/P36454_239_S243_L002_R1_001.fastq.gz	/cfs/klemming/projects/supr/snic2020-6-170/RawData/lcNGS_2025/files/P36454/P36454_239/02-FASTQ/20250916_LH00202_0275_B233JYLLT4/P36454_239_S243_L002_R2_001.fastq.gz
23.489	P36454_239.4	P36454P2	ILLUMINA	/cfs/klemming/projects/supr/snic2020-6-170/RawData/lcNGS_2025/files/P36454/P36454_239/02-FASTQ/20250916_LH00202_0275_B233JYLLT4/P36454_239_S243_L004_R1_001.fastq.gz	/cfs/klemming/projects/supr/snic2020-6-170/RawData/lcNGS_2025/files/P36454/P36454_239/02-FASTQ/20250916_LH00202_0275_B233JYLLT4/P36454_239_S243_L004_R2_001.fastq.gz
23.489	P36454_239.3	P36454P2	ILLUMINA	/cfs/klemming/projects/supr/snic2020-6-170/RawData/lcNGS_2025/files/P36454/P36454_239/02-FASTQ/20250916_LH00202_0275_B233JYLLT4/P36454_239_S243_L003_R1_001.fastq.gz	/cfs/klemming/projects/supr/snic2020-6-170/RawData/lcNGS_2025/files/P36454/P36454_239/02-FASTQ/20250916_LH00202_0275_B233JYLLT4/P36454_239_S243_L003_R2_001.fastq.gz
23.506	P36454_240.2	P36454P2	ILLUMINA	/cfs/klemming/projects/supr/snic2020-6-170/RawData/lcNGS_2025/files/P36454/P36454_240/02-FASTQ/20250916_LH00202_0275_B233JYLLT4/P36454_240_S244_L002_R1_001.fastq.gz	/cfs/klemming/projects/supr/snic2020-6-170/RawData/lcNGS_2025/files/P36454/P36454_240/02-FASTQ/20250916_LH00202_0275_B233JYLLT4/P36454_240_S244_L002_R2_001.fastq.gz
23.506	P36454_240.4	P36454P2	ILLUMINA	/cfs/klemming/projects/supr/snic2020-6-170/RawData/lcNGS_2025/files/P36454/P36454_240/02-FASTQ/20250916_LH00202_0275_B233JYLLT4/P36454_240_S244_L004_R1_001.fastq.gz	/cfs/klemming/projects/supr/snic2020-6-170/RawData/lcNGS_2025/files/P36454/P36454_240/02-FASTQ/20250916_LH00202_0275_B233JYLLT4/P36454_240_S244_L004_R2_001.fastq.gz
23.506	P36454_240.3	P36454P2	ILLUMINA	/cfs/klemming/projects/supr/snic2020-6-170/RawData/lcNGS_2025/files/P36454/P36454_240/02-FASTQ/20250916_LH00202_0275_B233JYLLT4/P36454_240_S244_L003_R1_001.fastq.gz	/cfs/klemming/projects/supr/snic2020-6-170/RawData/lcNGS_2025/files/P36454/P36454_240/02-FASTQ/20250916_LH00202_0275_B233JYLLT4/P36454_240_S244_L003_R2_001.fastq.gz
23.507	P36454_241.4	P36454P2	ILLUMINA	/cfs/klemming/projects/supr/snic2020-6-170/RawData/lcNGS_2025/files/P36454/P36454_241/02-FASTQ/20250916_LH00202_0275_B233JYLLT4/P36454_241_S245_L004_R1_001.fastq.gz	/cfs/klemming/projects/supr/snic2020-6-170/RawData/lcNGS_2025/files/P36454/P36454_241/02-FASTQ/20250916_LH00202_0275_B233JYLLT4/P36454_241_S245_L004_R2_001.fastq.gz
23.507	P36454_241.2	P36454P2	ILLUMINA	/cfs/klemming/projects/supr/snic2020-6-170/RawData/lcNGS_2025/files/P36454/P36454_241/02-FASTQ/20250916_LH00202_0275_B233JYLLT4/P36454_241_S245_L002_R1_001.fastq.gz	/cfs/klemming/projects/supr/snic2020-6-170/RawData/lcNGS_2025/files/P36454/P36454_241/02-FASTQ/20250916_LH00202_0275_B233JYLLT4/P36454_241_S245_L002_R2_001.fastq.gz
23.507	P36454_241.3	P36454P2	ILLUMINA	/cfs/klemming/projects/supr/snic2020-6-170/RawData/lcNGS_2025/files/P36454/P36454_241/02-FASTQ/20250916_LH00202_0275_B233JYLLT4/P36454_241_S245_L003_R1_001.fastq.gz	/cfs/klemming/projects/supr/snic2020-6-170/RawData/lcNGS_2025/files/P36454/P36454_241/02-FASTQ/20250916_LH00202_0275_B233JYLLT4/P36454_241_S245_L003_R2_001.fastq.gz
23.516	P36454_242.3	P36454P2	ILLUMINA	/cfs/klemming/projects/supr/snic2020-6-170/RawData/lcNGS_2025/files/P36454/P36454_242/02-FASTQ/20250916_LH00202_0275_B233JYLLT4/P36454_242_S246_L003_R1_001.fastq.gz	/cfs/klemming/projects/supr/snic2020-6-170/RawData/lcNGS_2025/files/P36454/P36454_242/02-FASTQ/20250916_LH00202_0275_B233JYLLT4/P36454_242_S246_L003_R2_001.fastq.gz
23.516	P36454_242.4	P36454P2	ILLUMINA	/cfs/klemming/projects/supr/snic2020-6-170/RawData/lcNGS_2025/files/P36454/P36454_242/02-FASTQ/20250916_LH00202_0275_B233JYLLT4/P36454_242_S246_L004_R1_001.fastq.gz	/cfs/klemming/projects/supr/snic2020-6-170/RawData/lcNGS_2025/files/P36454/P36454_242/02-FASTQ/20250916_LH00202_0275_B233JYLLT4/P36454_242_S246_L004_R2_001.fastq.gz
23.516	P36454_242.2	P36454P2	ILLUMINA	/cfs/klemming/projects/supr/snic2020-6-170/RawData/lcNGS_2025/files/P36454/P36454_242/02-FASTQ/20250916_LH00202_0275_B233JYLLT4/P36454_242_S246_L002_R1_001.fastq.gz	/cfs/klemming/projects/supr/snic2020-6-170/RawData/lcNGS_2025/files/P36454/P36454_242/02-FASTQ/20250916_LH00202_0275_B233JYLLT4/P36454_242_S246_L002_R2_001.fastq.gz
23.517	P36454_243.3	P36454P2	ILLUMINA	/cfs/klemming/projects/supr/snic2020-6-170/RawData/lcNGS_2025/files/P36454/P36454_243/02-FASTQ/20250916_LH00202_0275_B233JYLLT4/P36454_243_S247_L003_R1_001.fastq.gz	/cfs/klemming/projects/supr/snic2020-6-170/RawData/lcNGS_2025/files/P36454/P36454_243/02-FASTQ/20250916_LH00202_0275_B233JYLLT4/P36454_243_S247_L003_R2_001.fastq.gz
23.517	P36454_243.4	P36454P2	ILLUMINA	/cfs/klemming/projects/supr/snic2020-6-170/RawData/lcNGS_2025/files/P36454/P36454_243/02-FASTQ/20250916_LH00202_0275_B233JYLLT4/P36454_243_S247_L004_R1_001.fastq.gz	/cfs/klemming/projects/supr/snic2020-6-170/RawData/lcNGS_2025/files/P36454/P36454_243/02-FASTQ/20250916_LH00202_0275_B233JYLLT4/P36454_243_S247_L004_R2_001.fastq.gz
23.517	P36454_243.2	P36454P2	ILLUMINA	/cfs/klemming/projects/supr/snic2020-6-170/RawData/lcNGS_2025/files/P36454/P36454_243/02-FASTQ/20250916_LH00202_0275_B233JYLLT4/P36454_243_S247_L002_R1_001.fastq.gz	/cfs/klemming/projects/supr/snic2020-6-170/RawData/lcNGS_2025/files/P36454/P36454_243/02-FASTQ/20250916_LH00202_0275_B233JYLLT4/P36454_243_S247_L002_R2_001.fastq.gz
23.520	P36454_244.4	P36454P2	ILLUMINA	/cfs/klemming/projects/supr/snic2020-6-170/RawData/lcNGS_2025/files/P36454/P36454_244/02-FASTQ/20250916_LH00202_0275_B233JYLLT4/P36454_244_S248_L004_R1_001.fastq.gz	/cfs/klemming/projects/supr/snic2020-6-170/RawData/lcNGS_2025/files/P36454/P36454_244/02-FASTQ/20250916_LH00202_0275_B233JYLLT4/P36454_244_S248_L004_R2_001.fastq.gz
23.520	P36454_244.3	P36454P2	ILLUMINA	/cfs/klemming/projects/supr/snic2020-6-170/RawData/lcNGS_2025/files/P36454/P36454_244/02-FASTQ/20250916_LH00202_0275_B233JYLLT4/P36454_244_S248_L003_R1_001.fastq.gz	/cfs/klemming/projects/supr/snic2020-6-170/RawData/lcNGS_2025/files/P36454/P36454_244/02-FASTQ/20250916_LH00202_0275_B233JYLLT4/P36454_244_S248_L003_R2_001.fastq.gz
23.520	P36454_244.2	P36454P2	ILLUMINA	/cfs/klemming/projects/supr/snic2020-6-170/RawData/lcNGS_2025/files/P36454/P36454_244/02-FASTQ/20250916_LH00202_0275_B233JYLLT4/P36454_244_S248_L002_R1_001.fastq.gz	/cfs/klemming/projects/supr/snic2020-6-170/RawData/lcNGS_2025/files/P36454/P36454_244/02-FASTQ/20250916_LH00202_0275_B233JYLLT4/P36454_244_S248_L002_R2_001.fastq.gz
23.526	P36454_245.3	P36454P2	ILLUMINA	/cfs/klemming/projects/supr/snic2020-6-170/RawData/lcNGS_2025/files/P36454/P36454_245/02-FASTQ/20250916_LH00202_0275_B233JYLLT4/P36454_245_S249_L003_R1_001.fastq.gz	/cfs/klemming/projects/supr/snic2020-6-170/RawData/lcNGS_2025/files/P36454/P36454_245/02-FASTQ/20250916_LH00202_0275_B233JYLLT4/P36454_245_S249_L003_R2_001.fastq.gz
23.526	P36454_245.4	P36454P2	ILLUMINA	/cfs/klemming/projects/supr/snic2020-6-170/RawData/lcNGS_2025/files/P36454/P36454_245/02-FASTQ/20250916_LH00202_0275_B233JYLLT4/P36454_245_S249_L004_R1_001.fastq.gz	/cfs/klemming/projects/supr/snic2020-6-170/RawData/lcNGS_2025/files/P36454/P36454_245/02-FASTQ/20250916_LH00202_0275_B233JYLLT4/P36454_245_S249_L004_R2_001.fastq.gz
23.526	P36454_245.2	P36454P2	ILLUMINA	/cfs/klemming/projects/supr/snic2020-6-170/RawData/lcNGS_2025/files/P36454/P36454_245/02-FASTQ/20250916_LH00202_0275_B233JYLLT4/P36454_245_S249_L002_R1_001.fastq.gz	/cfs/klemming/projects/supr/snic2020-6-170/RawData/lcNGS_2025/files/P36454/P36454_245/02-FASTQ/20250916_LH00202_0275_B233JYLLT4/P36454_245_S249_L002_R2_001.fastq.gz
23.539	P36454_246.3	P36454P2	ILLUMINA	/cfs/klemming/projects/supr/snic2020-6-170/RawData/lcNGS_2025/files/P36454/P36454_246/02-FASTQ/20250916_LH00202_0275_B233JYLLT4/P36454_246_S250_L003_R1_001.fastq.gz	/cfs/klemming/projects/supr/snic2020-6-170/RawData/lcNGS_2025/files/P36454/P36454_246/02-FASTQ/20250916_LH00202_0275_B233JYLLT4/P36454_246_S250_L003_R2_001.fastq.gz
23.539	P36454_246.2	P36454P2	ILLUMINA	/cfs/klemming/projects/supr/snic2020-6-170/RawData/lcNGS_2025/files/P36454/P36454_246/02-FASTQ/20250916_LH00202_0275_B233JYLLT4/P36454_246_S250_L002_R1_001.fastq.gz	/cfs/klemming/projects/supr/snic2020-6-170/RawData/lcNGS_2025/files/P36454/P36454_246/02-FASTQ/20250916_LH00202_0275_B233JYLLT4/P36454_246_S250_L002_R2_001.fastq.gz
23.539	P36454_246.4	P36454P2	ILLUMINA	/cfs/klemming/projects/supr/snic2020-6-170/RawData/lcNGS_2025/files/P36454/P36454_246/02-FASTQ/20250916_LH00202_0275_B233JYLLT4/P36454_246_S250_L004_R1_001.fastq.gz	/cfs/klemming/projects/supr/snic2020-6-170/RawData/lcNGS_2025/files/P36454/P36454_246/02-FASTQ/20250916_LH00202_0275_B233JYLLT4/P36454_246_S250_L004_R2_001.fastq.gz
23.544	P36454_247.4	P36454P2	ILLUMINA	/cfs/klemming/projects/supr/snic2020-6-170/RawData/lcNGS_2025/files/P36454/P36454_247/02-FASTQ/20250916_LH00202_0275_B233JYLLT4/P36454_247_S251_L004_R1_001.fastq.gz	/cfs/klemming/projects/supr/snic2020-6-170/RawData/lcNGS_2025/files/P36454/P36454_247/02-FASTQ/20250916_LH00202_0275_B233JYLLT4/P36454_247_S251_L004_R2_001.fastq.gz
23.544	P36454_247.3	P36454P2	ILLUMINA	/cfs/klemming/projects/supr/snic2020-6-170/RawData/lcNGS_2025/files/P36454/P36454_247/02-FASTQ/20250916_LH00202_0275_B233JYLLT4/P36454_247_S251_L003_R1_001.fastq.gz	/cfs/klemming/projects/supr/snic2020-6-170/RawData/lcNGS_2025/files/P36454/P36454_247/02-FASTQ/20250916_LH00202_0275_B233JYLLT4/P36454_247_S251_L003_R2_001.fastq.gz
23.544	P36454_247.2	P36454P2	ILLUMINA	/cfs/klemming/projects/supr/snic2020-6-170/RawData/lcNGS_2025/files/P36454/P36454_247/02-FASTQ/20250916_LH00202_0275_B233JYLLT4/P36454_247_S251_L002_R1_001.fastq.gz	/cfs/klemming/projects/supr/snic2020-6-170/RawData/lcNGS_2025/files/P36454/P36454_247/02-FASTQ/20250916_LH00202_0275_B233JYLLT4/P36454_247_S251_L002_R2_001.fastq.gz
23.773	P36454_248.2	P36454P2	ILLUMINA	/cfs/klemming/projects/supr/snic2020-6-170/RawData/lcNGS_2025/files/P36454/P36454_248/02-FASTQ/20250916_LH00202_0275_B233JYLLT4/P36454_248_S252_L002_R1_001.fastq.gz	/cfs/klemming/projects/supr/snic2020-6-170/RawData/lcNGS_2025/files/P36454/P36454_248/02-FASTQ/20250916_LH00202_0275_B233JYLLT4/P36454_248_S252_L002_R2_001.fastq.gz
23.773	P36454_248.3	P36454P2	ILLUMINA	/cfs/klemming/projects/supr/snic2020-6-170/RawData/lcNGS_2025/files/P36454/P36454_248/02-FASTQ/20250916_LH00202_0275_B233JYLLT4/P36454_248_S252_L003_R1_001.fastq.gz	/cfs/klemming/projects/supr/snic2020-6-170/RawData/lcNGS_2025/files/P36454/P36454_248/02-FASTQ/20250916_LH00202_0275_B233JYLLT4/P36454_248_S252_L003_R2_001.fastq.gz
23.773	P36454_248.4	P36454P2	ILLUMINA	/cfs/klemming/projects/supr/snic2020-6-170/RawData/lcNGS_2025/files/P36454/P36454_248/02-FASTQ/20250916_LH00202_0275_B233JYLLT4/P36454_248_S252_L004_R1_001.fastq.gz	/cfs/klemming/projects/supr/snic2020-6-170/RawData/lcNGS_2025/files/P36454/P36454_248/02-FASTQ/20250916_LH00202_0275_B233JYLLT4/P36454_248_S252_L004_R2_001.fastq.gz
24.620	P36454_249.4	P36454P2	ILLUMINA	/cfs/klemming/projects/supr/snic2020-6-170/RawData/lcNGS_2025/files/P36454/P36454_249/02-FASTQ/20250916_LH00202_0275_B233JYLLT4/P36454_249_S253_L004_R1_001.fastq.gz	/cfs/klemming/projects/supr/snic2020-6-170/RawData/lcNGS_2025/files/P36454/P36454_249/02-FASTQ/20250916_LH00202_0275_B233JYLLT4/P36454_249_S253_L004_R2_001.fastq.gz
24.620	P36454_249.2	P36454P2	ILLUMINA	/cfs/klemming/projects/supr/snic2020-6-170/RawData/lcNGS_2025/files/P36454/P36454_249/02-FASTQ/20250916_LH00202_0275_B233JYLLT4/P36454_249_S253_L002_R1_001.fastq.gz	/cfs/klemming/projects/supr/snic2020-6-170/RawData/lcNGS_2025/files/P36454/P36454_249/02-FASTQ/20250916_LH00202_0275_B233JYLLT4/P36454_249_S253_L002_R2_001.fastq.gz
24.620	P36454_249.3	P36454P2	ILLUMINA	/cfs/klemming/projects/supr/snic2020-6-170/RawData/lcNGS_2025/files/P36454/P36454_249/02-FASTQ/20250916_LH00202_0275_B233JYLLT4/P36454_249_S253_L003_R1_001.fastq.gz	/cfs/klemming/projects/supr/snic2020-6-170/RawData/lcNGS_2025/files/P36454/P36454_249/02-FASTQ/20250916_LH00202_0275_B233JYLLT4/P36454_249_S253_L003_R2_001.fastq.gz
24.628	P36454_250.3	P36454P2	ILLUMINA	/cfs/klemming/projects/supr/snic2020-6-170/RawData/lcNGS_2025/files/P36454/P36454_250/02-FASTQ/20250916_LH00202_0275_B233JYLLT4/P36454_250_S254_L003_R1_001.fastq.gz	/cfs/klemming/projects/supr/snic2020-6-170/RawData/lcNGS_2025/files/P36454/P36454_250/02-FASTQ/20250916_LH00202_0275_B233JYLLT4/P36454_250_S254_L003_R2_001.fastq.gz
24.628	P36454_250.4	P36454P2	ILLUMINA	/cfs/klemming/projects/supr/snic2020-6-170/RawData/lcNGS_2025/files/P36454/P36454_250/02-FASTQ/20250916_LH00202_0275_B233JYLLT4/P36454_250_S254_L004_R1_001.fastq.gz	/cfs/klemming/projects/supr/snic2020-6-170/RawData/lcNGS_2025/files/P36454/P36454_250/02-FASTQ/20250916_LH00202_0275_B233JYLLT4/P36454_250_S254_L004_R2_001.fastq.gz
24.628	P36454_250.2	P36454P2	ILLUMINA	/cfs/klemming/projects/supr/snic2020-6-170/RawData/lcNGS_2025/files/P36454/P36454_250/02-FASTQ/20250916_LH00202_0275_B233JYLLT4/P36454_250_S254_L002_R1_001.fastq.gz	/cfs/klemming/projects/supr/snic2020-6-170/RawData/lcNGS_2025/files/P36454/P36454_250/02-FASTQ/20250916_LH00202_0275_B233JYLLT4/P36454_250_S254_L002_R2_001.fastq.gz
24.640	P36454_251.3	P36454P2	ILLUMINA	/cfs/klemming/projects/supr/snic2020-6-170/RawData/lcNGS_2025/files/P36454/P36454_251/02-FASTQ/20250916_LH00202_0275_B233JYLLT4/P36454_251_S255_L003_R1_001.fastq.gz	/cfs/klemming/projects/supr/snic2020-6-170/RawData/lcNGS_2025/files/P36454/P36454_251/02-FASTQ/20250916_LH00202_0275_B233JYLLT4/P36454_251_S255_L003_R2_001.fastq.gz
24.640	P36454_251.4	P36454P2	ILLUMINA	/cfs/klemming/projects/supr/snic2020-6-170/RawData/lcNGS_2025/files/P36454/P36454_251/02-FASTQ/20250916_LH00202_0275_B233JYLLT4/P36454_251_S255_L004_R1_001.fastq.gz	/cfs/klemming/projects/supr/snic2020-6-170/RawData/lcNGS_2025/files/P36454/P36454_251/02-FASTQ/20250916_LH00202_0275_B233JYLLT4/P36454_251_S255_L004_R2_001.fastq.gz
24.640	P36454_251.2	P36454P2	ILLUMINA	/cfs/klemming/projects/supr/snic2020-6-170/RawData/lcNGS_2025/files/P36454/P36454_251/02-FASTQ/20250916_LH00202_0275_B233JYLLT4/P36454_251_S255_L002_R1_001.fastq.gz	/cfs/klemming/projects/supr/snic2020-6-170/RawData/lcNGS_2025/files/P36454/P36454_251/02-FASTQ/20250916_LH00202_0275_B233JYLLT4/P36454_251_S255_L002_R2_001.fastq.gz
24.655	P36454_252.3	P36454P2	ILLUMINA	/cfs/klemming/projects/supr/snic2020-6-170/RawData/lcNGS_2025/files/P36454/P36454_252/02-FASTQ/20250916_LH00202_0275_B233JYLLT4/P36454_252_S256_L003_R1_001.fastq.gz	/cfs/klemming/projects/supr/snic2020-6-170/RawData/lcNGS_2025/files/P36454/P36454_252/02-FASTQ/20250916_LH00202_0275_B233JYLLT4/P36454_252_S256_L003_R2_001.fastq.gz
24.655	P36454_252.4	P36454P2	ILLUMINA	/cfs/klemming/projects/supr/snic2020-6-170/RawData/lcNGS_2025/files/P36454/P36454_252/02-FASTQ/20250916_LH00202_0275_B233JYLLT4/P36454_252_S256_L004_R1_001.fastq.gz	/cfs/klemming/projects/supr/snic2020-6-170/RawData/lcNGS_2025/files/P36454/P36454_252/02-FASTQ/20250916_LH00202_0275_B233JYLLT4/P36454_252_S256_L004_R2_001.fastq.gz
24.655	P36454_252.2	P36454P2	ILLUMINA	/cfs/klemming/projects/supr/snic2020-6-170/RawData/lcNGS_2025/files/P36454/P36454_252/02-FASTQ/20250916_LH00202_0275_B233JYLLT4/P36454_252_S256_L002_R1_001.fastq.gz	/cfs/klemming/projects/supr/snic2020-6-170/RawData/lcNGS_2025/files/P36454/P36454_252/02-FASTQ/20250916_LH00202_0275_B233JYLLT4/P36454_252_S256_L002_R2_001.fastq.gz
24.659	P36454_253.2	P36454P2	ILLUMINA	/cfs/klemming/projects/supr/snic2020-6-170/RawData/lcNGS_2025/files/P36454/P36454_253/02-FASTQ/20250916_LH00202_0275_B233JYLLT4/P36454_253_S257_L002_R1_001.fastq.gz	/cfs/klemming/projects/supr/snic2020-6-170/RawData/lcNGS_2025/files/P36454/P36454_253/02-FASTQ/20250916_LH00202_0275_B233JYLLT4/P36454_253_S257_L002_R2_001.fastq.gz
24.659	P36454_253.4	P36454P2	ILLUMINA	/cfs/klemming/projects/supr/snic2020-6-170/RawData/lcNGS_2025/files/P36454/P36454_253/02-FASTQ/20250916_LH00202_0275_B233JYLLT4/P36454_253_S257_L004_R1_001.fastq.gz	/cfs/klemming/projects/supr/snic2020-6-170/RawData/lcNGS_2025/files/P36454/P36454_253/02-FASTQ/20250916_LH00202_0275_B233JYLLT4/P36454_253_S257_L004_R2_001.fastq.gz
24.659	P36454_253.3	P36454P2	ILLUMINA	/cfs/klemming/projects/supr/snic2020-6-170/RawData/lcNGS_2025/files/P36454/P36454_253/02-FASTQ/20250916_LH00202_0275_B233JYLLT4/P36454_253_S257_L003_R1_001.fastq.gz	/cfs/klemming/projects/supr/snic2020-6-170/RawData/lcNGS_2025/files/P36454/P36454_253/02-FASTQ/20250916_LH00202_0275_B233JYLLT4/P36454_253_S257_L003_R2_001.fastq.gz
24.970	P36454_254.2	P36454P2	ILLUMINA	/cfs/klemming/projects/supr/snic2020-6-170/RawData/lcNGS_2025/files/P36454/P36454_254/02-FASTQ/20250916_LH00202_0275_B233JYLLT4/P36454_254_S258_L002_R1_001.fastq.gz	/cfs/klemming/projects/supr/snic2020-6-170/RawData/lcNGS_2025/files/P36454/P36454_254/02-FASTQ/20250916_LH00202_0275_B233JYLLT4/P36454_254_S258_L002_R2_001.fastq.gz
24.970	P36454_254.3	P36454P2	ILLUMINA	/cfs/klemming/projects/supr/snic2020-6-170/RawData/lcNGS_2025/files/P36454/P36454_254/02-FASTQ/20250916_LH00202_0275_B233JYLLT4/P36454_254_S258_L003_R1_001.fastq.gz	/cfs/klemming/projects/supr/snic2020-6-170/RawData/lcNGS_2025/files/P36454/P36454_254/02-FASTQ/20250916_LH00202_0275_B233JYLLT4/P36454_254_S258_L003_R2_001.fastq.gz
24.970	P36454_254.4	P36454P2	ILLUMINA	/cfs/klemming/projects/supr/snic2020-6-170/RawData/lcNGS_2025/files/P36454/P36454_254/02-FASTQ/20250916_LH00202_0275_B233JYLLT4/P36454_254_S258_L004_R1_001.fastq.gz	/cfs/klemming/projects/supr/snic2020-6-170/RawData/lcNGS_2025/files/P36454/P36454_254/02-FASTQ/20250916_LH00202_0275_B233JYLLT4/P36454_254_S258_L004_R2_001.fastq.gz
24.971	P36454_255.4	P36454P2	ILLUMINA	/cfs/klemming/projects/supr/snic2020-6-170/RawData/lcNGS_2025/files/P36454/P36454_255/02-FASTQ/20250916_LH00202_0275_B233JYLLT4/P36454_255_S259_L004_R1_001.fastq.gz	/cfs/klemming/projects/supr/snic2020-6-170/RawData/lcNGS_2025/files/P36454/P36454_255/02-FASTQ/20250916_LH00202_0275_B233JYLLT4/P36454_255_S259_L004_R2_001.fastq.gz
24.971	P36454_255.2	P36454P2	ILLUMINA	/cfs/klemming/projects/supr/snic2020-6-170/RawData/lcNGS_2025/files/P36454/P36454_255/02-FASTQ/20250916_LH00202_0275_B233JYLLT4/P36454_255_S259_L002_R1_001.fastq.gz	/cfs/klemming/projects/supr/snic2020-6-170/RawData/lcNGS_2025/files/P36454/P36454_255/02-FASTQ/20250916_LH00202_0275_B233JYLLT4/P36454_255_S259_L002_R2_001.fastq.gz
24.971	P36454_255.3	P36454P2	ILLUMINA	/cfs/klemming/projects/supr/snic2020-6-170/RawData/lcNGS_2025/files/P36454/P36454_255/02-FASTQ/20250916_LH00202_0275_B233JYLLT4/P36454_255_S259_L003_R1_001.fastq.gz	/cfs/klemming/projects/supr/snic2020-6-170/RawData/lcNGS_2025/files/P36454/P36454_255/02-FASTQ/20250916_LH00202_0275_B233JYLLT4/P36454_255_S259_L003_R2_001.fastq.gz
24.979	P36454_256.3	P36454P2	ILLUMINA	/cfs/klemming/projects/supr/snic2020-6-170/RawData/lcNGS_2025/files/P36454/P36454_256/02-FASTQ/20250916_LH00202_0275_B233JYLLT4/P36454_256_S260_L003_R1_001.fastq.gz	/cfs/klemming/projects/supr/snic2020-6-170/RawData/lcNGS_2025/files/P36454/P36454_256/02-FASTQ/20250916_LH00202_0275_B233JYLLT4/P36454_256_S260_L003_R2_001.fastq.gz
24.979	P36454_256.2	P36454P2	ILLUMINA	/cfs/klemming/projects/supr/snic2020-6-170/RawData/lcNGS_2025/files/P36454/P36454_256/02-FASTQ/20250916_LH00202_0275_B233JYLLT4/P36454_256_S260_L002_R1_001.fastq.gz	/cfs/klemming/projects/supr/snic2020-6-170/RawData/lcNGS_2025/files/P36454/P36454_256/02-FASTQ/20250916_LH00202_0275_B233JYLLT4/P36454_256_S260_L002_R2_001.fastq.gz
24.979	P36454_256.4	P36454P2	ILLUMINA	/cfs/klemming/projects/supr/snic2020-6-170/RawData/lcNGS_2025/files/P36454/P36454_256/02-FASTQ/20250916_LH00202_0275_B233JYLLT4/P36454_256_S260_L004_R1_001.fastq.gz	/cfs/klemming/projects/supr/snic2020-6-170/RawData/lcNGS_2025/files/P36454/P36454_256/02-FASTQ/20250916_LH00202_0275_B233JYLLT4/P36454_256_S260_L004_R2_001.fastq.gz
24.980	P36454_257.4	P36454P2	ILLUMINA	/cfs/klemming/projects/supr/snic2020-6-170/RawData/lcNGS_2025/files/P36454/P36454_257/02-FASTQ/20250916_LH00202_0275_B233JYLLT4/P36454_257_S261_L004_R1_001.fastq.gz	/cfs/klemming/projects/supr/snic2020-6-170/RawData/lcNGS_2025/files/P36454/P36454_257/02-FASTQ/20250916_LH00202_0275_B233JYLLT4/P36454_257_S261_L004_R2_001.fastq.gz
24.980	P36454_257.2	P36454P2	ILLUMINA	/cfs/klemming/projects/supr/snic2020-6-170/RawData/lcNGS_2025/files/P36454/P36454_257/02-FASTQ/20250916_LH00202_0275_B233JYLLT4/P36454_257_S261_L002_R1_001.fastq.gz	/cfs/klemming/projects/supr/snic2020-6-170/RawData/lcNGS_2025/files/P36454/P36454_257/02-FASTQ/20250916_LH00202_0275_B233JYLLT4/P36454_257_S261_L002_R2_001.fastq.gz
24.980	P36454_257.3	P36454P2	ILLUMINA	/cfs/klemming/projects/supr/snic2020-6-170/RawData/lcNGS_2025/files/P36454/P36454_257/02-FASTQ/20250916_LH00202_0275_B233JYLLT4/P36454_257_S261_L003_R1_001.fastq.gz	/cfs/klemming/projects/supr/snic2020-6-170/RawData/lcNGS_2025/files/P36454/P36454_257/02-FASTQ/20250916_LH00202_0275_B233JYLLT4/P36454_257_S261_L003_R2_001.fastq.gz
24.1014	P36454_258.2	P36454P2	ILLUMINA	/cfs/klemming/projects/supr/snic2020-6-170/RawData/lcNGS_2025/files/P36454/P36454_258/02-FASTQ/20250916_LH00202_0275_B233JYLLT4/P36454_258_S262_L002_R1_001.fastq.gz	/cfs/klemming/projects/supr/snic2020-6-170/RawData/lcNGS_2025/files/P36454/P36454_258/02-FASTQ/20250916_LH00202_0275_B233JYLLT4/P36454_258_S262_L002_R2_001.fastq.gz
24.1014	P36454_258.4	P36454P2	ILLUMINA	/cfs/klemming/projects/supr/snic2020-6-170/RawData/lcNGS_2025/files/P36454/P36454_258/02-FASTQ/20250916_LH00202_0275_B233JYLLT4/P36454_258_S262_L004_R1_001.fastq.gz	/cfs/klemming/projects/supr/snic2020-6-170/RawData/lcNGS_2025/files/P36454/P36454_258/02-FASTQ/20250916_LH00202_0275_B233JYLLT4/P36454_258_S262_L004_R2_001.fastq.gz
24.1014	P36454_258.3	P36454P2	ILLUMINA	/cfs/klemming/projects/supr/snic2020-6-170/RawData/lcNGS_2025/files/P36454/P36454_258/02-FASTQ/20250916_LH00202_0275_B233JYLLT4/P36454_258_S262_L003_R1_001.fastq.gz	/cfs/klemming/projects/supr/snic2020-6-170/RawData/lcNGS_2025/files/P36454/P36454_258/02-FASTQ/20250916_LH00202_0275_B233JYLLT4/P36454_258_S262_L003_R2_001.fastq.gz
24.1015	P36454_259.3	P36454P2	ILLUMINA	/cfs/klemming/projects/supr/snic2020-6-170/RawData/lcNGS_2025/files/P36454/P36454_259/02-FASTQ/20250916_LH00202_0275_B233JYLLT4/P36454_259_S263_L003_R1_001.fastq.gz	/cfs/klemming/projects/supr/snic2020-6-170/RawData/lcNGS_2025/files/P36454/P36454_259/02-FASTQ/20250916_LH00202_0275_B233JYLLT4/P36454_259_S263_L003_R2_001.fastq.gz
24.1015	P36454_259.2	P36454P2	ILLUMINA	/cfs/klemming/projects/supr/snic2020-6-170/RawData/lcNGS_2025/files/P36454/P36454_259/02-FASTQ/20250916_LH00202_0275_B233JYLLT4/P36454_259_S263_L002_R1_001.fastq.gz	/cfs/klemming/projects/supr/snic2020-6-170/RawData/lcNGS_2025/files/P36454/P36454_259/02-FASTQ/20250916_LH00202_0275_B233JYLLT4/P36454_259_S263_L002_R2_001.fastq.gz
24.1015	P36454_259.4	P36454P2	ILLUMINA	/cfs/klemming/projects/supr/snic2020-6-170/RawData/lcNGS_2025/files/P36454/P36454_259/02-FASTQ/20250916_LH00202_0275_B233JYLLT4/P36454_259_S263_L004_R1_001.fastq.gz	/cfs/klemming/projects/supr/snic2020-6-170/RawData/lcNGS_2025/files/P36454/P36454_259/02-FASTQ/20250916_LH00202_0275_B233JYLLT4/P36454_259_S263_L004_R2_001.fastq.gz
24.1020	P36454_260.2	P36454P2	ILLUMINA	/cfs/klemming/projects/supr/snic2020-6-170/RawData/lcNGS_2025/files/P36454/P36454_260/02-FASTQ/20250916_LH00202_0275_B233JYLLT4/P36454_260_S264_L002_R1_001.fastq.gz	/cfs/klemming/projects/supr/snic2020-6-170/RawData/lcNGS_2025/files/P36454/P36454_260/02-FASTQ/20250916_LH00202_0275_B233JYLLT4/P36454_260_S264_L002_R2_001.fastq.gz
24.1020	P36454_260.4	P36454P2	ILLUMINA	/cfs/klemming/projects/supr/snic2020-6-170/RawData/lcNGS_2025/files/P36454/P36454_260/02-FASTQ/20250916_LH00202_0275_B233JYLLT4/P36454_260_S264_L004_R1_001.fastq.gz	/cfs/klemming/projects/supr/snic2020-6-170/RawData/lcNGS_2025/files/P36454/P36454_260/02-FASTQ/20250916_LH00202_0275_B233JYLLT4/P36454_260_S264_L004_R2_001.fastq.gz
24.1020	P36454_260.3	P36454P2	ILLUMINA	/cfs/klemming/projects/supr/snic2020-6-170/RawData/lcNGS_2025/files/P36454/P36454_260/02-FASTQ/20250916_LH00202_0275_B233JYLLT4/P36454_260_S264_L003_R1_001.fastq.gz	/cfs/klemming/projects/supr/snic2020-6-170/RawData/lcNGS_2025/files/P36454/P36454_260/02-FASTQ/20250916_LH00202_0275_B233JYLLT4/P36454_260_S264_L003_R2_001.fastq.gz
24.1021	P36454_261.4	P36454P2	ILLUMINA	/cfs/klemming/projects/supr/snic2020-6-170/RawData/lcNGS_2025/files/P36454/P36454_261/02-FASTQ/20250916_LH00202_0275_B233JYLLT4/P36454_261_S265_L004_R1_001.fastq.gz	/cfs/klemming/projects/supr/snic2020-6-170/RawData/lcNGS_2025/files/P36454/P36454_261/02-FASTQ/20250916_LH00202_0275_B233JYLLT4/P36454_261_S265_L004_R2_001.fastq.gz
24.1021	P36454_261.2	P36454P2	ILLUMINA	/cfs/klemming/projects/supr/snic2020-6-170/RawData/lcNGS_2025/files/P36454/P36454_261/02-FASTQ/20250916_LH00202_0275_B233JYLLT4/P36454_261_S265_L002_R1_001.fastq.gz	/cfs/klemming/projects/supr/snic2020-6-170/RawData/lcNGS_2025/files/P36454/P36454_261/02-FASTQ/20250916_LH00202_0275_B233JYLLT4/P36454_261_S265_L002_R2_001.fastq.gz
24.1021	P36454_261.3	P36454P2	ILLUMINA	/cfs/klemming/projects/supr/snic2020-6-170/RawData/lcNGS_2025/files/P36454/P36454_261/02-FASTQ/20250916_LH00202_0275_B233JYLLT4/P36454_261_S265_L003_R1_001.fastq.gz	/cfs/klemming/projects/supr/snic2020-6-170/RawData/lcNGS_2025/files/P36454/P36454_261/02-FASTQ/20250916_LH00202_0275_B233JYLLT4/P36454_261_S265_L003_R2_001.fastq.gz
24.1029	P36454_262.3	P36454P2	ILLUMINA	/cfs/klemming/projects/supr/snic2020-6-170/RawData/lcNGS_2025/files/P36454/P36454_262/02-FASTQ/20250916_LH00202_0275_B233JYLLT4/P36454_262_S266_L003_R1_001.fastq.gz	/cfs/klemming/projects/supr/snic2020-6-170/RawData/lcNGS_2025/files/P36454/P36454_262/02-FASTQ/20250916_LH00202_0275_B233JYLLT4/P36454_262_S266_L003_R2_001.fastq.gz
24.1029	P36454_262.4	P36454P2	ILLUMINA	/cfs/klemming/projects/supr/snic2020-6-170/RawData/lcNGS_2025/files/P36454/P36454_262/02-FASTQ/20250916_LH00202_0275_B233JYLLT4/P36454_262_S266_L004_R1_001.fastq.gz	/cfs/klemming/projects/supr/snic2020-6-170/RawData/lcNGS_2025/files/P36454/P36454_262/02-FASTQ/20250916_LH00202_0275_B233JYLLT4/P36454_262_S266_L004_R2_001.fastq.gz
24.1029	P36454_262.2	P36454P2	ILLUMINA	/cfs/klemming/projects/supr/snic2020-6-170/RawData/lcNGS_2025/files/P36454/P36454_262/02-FASTQ/20250916_LH00202_0275_B233JYLLT4/P36454_262_S266_L002_R1_001.fastq.gz	/cfs/klemming/projects/supr/snic2020-6-170/RawData/lcNGS_2025/files/P36454/P36454_262/02-FASTQ/20250916_LH00202_0275_B233JYLLT4/P36454_262_S266_L002_R2_001.fastq.gz
24.1031	P36454_263.3	P36454P2	ILLUMINA	/cfs/klemming/projects/supr/snic2020-6-170/RawData/lcNGS_2025/files/P36454/P36454_263/02-FASTQ/20250916_LH00202_0275_B233JYLLT4/P36454_263_S267_L003_R1_001.fastq.gz	/cfs/klemming/projects/supr/snic2020-6-170/RawData/lcNGS_2025/files/P36454/P36454_263/02-FASTQ/20250916_LH00202_0275_B233JYLLT4/P36454_263_S267_L003_R2_001.fastq.gz
24.1031	P36454_263.2	P36454P2	ILLUMINA	/cfs/klemming/projects/supr/snic2020-6-170/RawData/lcNGS_2025/files/P36454/P36454_263/02-FASTQ/20250916_LH00202_0275_B233JYLLT4/P36454_263_S267_L002_R1_001.fastq.gz	/cfs/klemming/projects/supr/snic2020-6-170/RawData/lcNGS_2025/files/P36454/P36454_263/02-FASTQ/20250916_LH00202_0275_B233JYLLT4/P36454_263_S267_L002_R2_001.fastq.gz
24.1031	P36454_263.4	P36454P2	ILLUMINA	/cfs/klemming/projects/supr/snic2020-6-170/RawData/lcNGS_2025/files/P36454/P36454_263/02-FASTQ/20250916_LH00202_0275_B233JYLLT4/P36454_263_S267_L004_R1_001.fastq.gz	/cfs/klemming/projects/supr/snic2020-6-170/RawData/lcNGS_2025/files/P36454/P36454_263/02-FASTQ/20250916_LH00202_0275_B233JYLLT4/P36454_263_S267_L004_R2_001.fastq.gz
24.1032	P36454_264.2	P36454P2	ILLUMINA	/cfs/klemming/projects/supr/snic2020-6-170/RawData/lcNGS_2025/files/P36454/P36454_264/02-FASTQ/20250916_LH00202_0275_B233JYLLT4/P36454_264_S268_L002_R1_001.fastq.gz	/cfs/klemming/projects/supr/snic2020-6-170/RawData/lcNGS_2025/files/P36454/P36454_264/02-FASTQ/20250916_LH00202_0275_B233JYLLT4/P36454_264_S268_L002_R2_001.fastq.gz
24.1032	P36454_264.4	P36454P2	ILLUMINA	/cfs/klemming/projects/supr/snic2020-6-170/RawData/lcNGS_2025/files/P36454/P36454_264/02-FASTQ/20250916_LH00202_0275_B233JYLLT4/P36454_264_S268_L004_R1_001.fastq.gz	/cfs/klemming/projects/supr/snic2020-6-170/RawData/lcNGS_2025/files/P36454/P36454_264/02-FASTQ/20250916_LH00202_0275_B233JYLLT4/P36454_264_S268_L004_R2_001.fastq.gz
24.1032	P36454_264.3	P36454P2	ILLUMINA	/cfs/klemming/projects/supr/snic2020-6-170/RawData/lcNGS_2025/files/P36454/P36454_264/02-FASTQ/20250916_LH00202_0275_B233JYLLT4/P36454_264_S268_L003_R1_001.fastq.gz	/cfs/klemming/projects/supr/snic2020-6-170/RawData/lcNGS_2025/files/P36454/P36454_264/02-FASTQ/20250916_LH00202_0275_B233JYLLT4/P36454_264_S268_L003_R2_001.fastq.gz
L23.319	P36454_265.4	P36454P2	ILLUMINA	/cfs/klemming/projects/supr/snic2020-6-170/RawData/lcNGS_2025/files/P36454/P36454_265/02-FASTQ/20250916_LH00202_0275_B233JYLLT4/P36454_265_S269_L004_R1_001.fastq.gz	/cfs/klemming/projects/supr/snic2020-6-170/RawData/lcNGS_2025/files/P36454/P36454_265/02-FASTQ/20250916_LH00202_0275_B233JYLLT4/P36454_265_S269_L004_R2_001.fastq.gz
L23.319	P36454_265.3	P36454P2	ILLUMINA	/cfs/klemming/projects/supr/snic2020-6-170/RawData/lcNGS_2025/files/P36454/P36454_265/02-FASTQ/20250916_LH00202_0275_B233JYLLT4/P36454_265_S269_L003_R1_001.fastq.gz	/cfs/klemming/projects/supr/snic2020-6-170/RawData/lcNGS_2025/files/P36454/P36454_265/02-FASTQ/20250916_LH00202_0275_B233JYLLT4/P36454_265_S269_L003_R2_001.fastq.gz
L23.319	P36454_265.2	P36454P2	ILLUMINA	/cfs/klemming/projects/supr/snic2020-6-170/RawData/lcNGS_2025/files/P36454/P36454_265/02-FASTQ/20250916_LH00202_0275_B233JYLLT4/P36454_265_S269_L002_R1_001.fastq.gz	/cfs/klemming/projects/supr/snic2020-6-170/RawData/lcNGS_2025/files/P36454/P36454_265/02-FASTQ/20250916_LH00202_0275_B233JYLLT4/P36454_265_S269_L002_R2_001.fastq.gz
L23.329	P36454_266.4	P36454P2	ILLUMINA	/cfs/klemming/projects/supr/snic2020-6-170/RawData/lcNGS_2025/files/P36454/P36454_266/02-FASTQ/20250916_LH00202_0275_B233JYLLT4/P36454_266_S270_L004_R1_001.fastq.gz	/cfs/klemming/projects/supr/snic2020-6-170/RawData/lcNGS_2025/files/P36454/P36454_266/02-FASTQ/20250916_LH00202_0275_B233JYLLT4/P36454_266_S270_L004_R2_001.fastq.gz
L23.329	P36454_266.3	P36454P2	ILLUMINA	/cfs/klemming/projects/supr/snic2020-6-170/RawData/lcNGS_2025/files/P36454/P36454_266/02-FASTQ/20250916_LH00202_0275_B233JYLLT4/P36454_266_S270_L003_R1_001.fastq.gz	/cfs/klemming/projects/supr/snic2020-6-170/RawData/lcNGS_2025/files/P36454/P36454_266/02-FASTQ/20250916_LH00202_0275_B233JYLLT4/P36454_266_S270_L003_R2_001.fastq.gz
L23.329	P36454_266.2	P36454P2	ILLUMINA	/cfs/klemming/projects/supr/snic2020-6-170/RawData/lcNGS_2025/files/P36454/P36454_266/02-FASTQ/20250916_LH00202_0275_B233JYLLT4/P36454_266_S270_L002_R1_001.fastq.gz	/cfs/klemming/projects/supr/snic2020-6-170/RawData/lcNGS_2025/files/P36454/P36454_266/02-FASTQ/20250916_LH00202_0275_B233JYLLT4/P36454_266_S270_L002_R2_001.fastq.gz
L23.388	P36454_267.3	P36454P2	ILLUMINA	/cfs/klemming/projects/supr/snic2020-6-170/RawData/lcNGS_2025/files/P36454/P36454_267/02-FASTQ/20250916_LH00202_0275_B233JYLLT4/P36454_267_S271_L003_R1_001.fastq.gz	/cfs/klemming/projects/supr/snic2020-6-170/RawData/lcNGS_2025/files/P36454/P36454_267/02-FASTQ/20250916_LH00202_0275_B233JYLLT4/P36454_267_S271_L003_R2_001.fastq.gz
L23.388	P36454_267.4	P36454P2	ILLUMINA	/cfs/klemming/projects/supr/snic2020-6-170/RawData/lcNGS_2025/files/P36454/P36454_267/02-FASTQ/20250916_LH00202_0275_B233JYLLT4/P36454_267_S271_L004_R1_001.fastq.gz	/cfs/klemming/projects/supr/snic2020-6-170/RawData/lcNGS_2025/files/P36454/P36454_267/02-FASTQ/20250916_LH00202_0275_B233JYLLT4/P36454_267_S271_L004_R2_001.fastq.gz
L23.388	P36454_267.2	P36454P2	ILLUMINA	/cfs/klemming/projects/supr/snic2020-6-170/RawData/lcNGS_2025/files/P36454/P36454_267/02-FASTQ/20250916_LH00202_0275_B233JYLLT4/P36454_267_S271_L002_R1_001.fastq.gz	/cfs/klemming/projects/supr/snic2020-6-170/RawData/lcNGS_2025/files/P36454/P36454_267/02-FASTQ/20250916_LH00202_0275_B233JYLLT4/P36454_267_S271_L002_R2_001.fastq.gz
L23.392	P36454_268.2	P36454P2	ILLUMINA	/cfs/klemming/projects/supr/snic2020-6-170/RawData/lcNGS_2025/files/P36454/P36454_268/02-FASTQ/20250916_LH00202_0275_B233JYLLT4/P36454_268_S272_L002_R1_001.fastq.gz	/cfs/klemming/projects/supr/snic2020-6-170/RawData/lcNGS_2025/files/P36454/P36454_268/02-FASTQ/20250916_LH00202_0275_B233JYLLT4/P36454_268_S272_L002_R2_001.fastq.gz
L23.392	P36454_268.4	P36454P2	ILLUMINA	/cfs/klemming/projects/supr/snic2020-6-170/RawData/lcNGS_2025/files/P36454/P36454_268/02-FASTQ/20250916_LH00202_0275_B233JYLLT4/P36454_268_S272_L004_R1_001.fastq.gz	/cfs/klemming/projects/supr/snic2020-6-170/RawData/lcNGS_2025/files/P36454/P36454_268/02-FASTQ/20250916_LH00202_0275_B233JYLLT4/P36454_268_S272_L004_R2_001.fastq.gz
L23.392	P36454_268.3	P36454P2	ILLUMINA	/cfs/klemming/projects/supr/snic2020-6-170/RawData/lcNGS_2025/files/P36454/P36454_268/02-FASTQ/20250916_LH00202_0275_B233JYLLT4/P36454_268_S272_L003_R1_001.fastq.gz	/cfs/klemming/projects/supr/snic2020-6-170/RawData/lcNGS_2025/files/P36454/P36454_268/02-FASTQ/20250916_LH00202_0275_B233JYLLT4/P36454_268_S272_L003_R2_001.fastq.gz
L23.435	P36454_269.3	P36454P2	ILLUMINA	/cfs/klemming/projects/supr/snic2020-6-170/RawData/lcNGS_2025/files/P36454/P36454_269/02-FASTQ/20250916_LH00202_0275_B233JYLLT4/P36454_269_S273_L003_R1_001.fastq.gz	/cfs/klemming/projects/supr/snic2020-6-170/RawData/lcNGS_2025/files/P36454/P36454_269/02-FASTQ/20250916_LH00202_0275_B233JYLLT4/P36454_269_S273_L003_R2_001.fastq.gz
L23.435	P36454_269.2	P36454P2	ILLUMINA	/cfs/klemming/projects/supr/snic2020-6-170/RawData/lcNGS_2025/files/P36454/P36454_269/02-FASTQ/20250916_LH00202_0275_B233JYLLT4/P36454_269_S273_L002_R1_001.fastq.gz	/cfs/klemming/projects/supr/snic2020-6-170/RawData/lcNGS_2025/files/P36454/P36454_269/02-FASTQ/20250916_LH00202_0275_B233JYLLT4/P36454_269_S273_L002_R2_001.fastq.gz
L23.435	P36454_269.4	P36454P2	ILLUMINA	/cfs/klemming/projects/supr/snic2020-6-170/RawData/lcNGS_2025/files/P36454/P36454_269/02-FASTQ/20250916_LH00202_0275_B233JYLLT4/P36454_269_S273_L004_R1_001.fastq.gz	/cfs/klemming/projects/supr/snic2020-6-170/RawData/lcNGS_2025/files/P36454/P36454_269/02-FASTQ/20250916_LH00202_0275_B233JYLLT4/P36454_269_S273_L004_R2_001.fastq.gz
L23.439	P36454_270.3	P36454P2	ILLUMINA	/cfs/klemming/projects/supr/snic2020-6-170/RawData/lcNGS_2025/files/P36454/P36454_270/02-FASTQ/20250916_LH00202_0275_B233JYLLT4/P36454_270_S274_L003_R1_001.fastq.gz	/cfs/klemming/projects/supr/snic2020-6-170/RawData/lcNGS_2025/files/P36454/P36454_270/02-FASTQ/20250916_LH00202_0275_B233JYLLT4/P36454_270_S274_L003_R2_001.fastq.gz
L23.439	P36454_270.2	P36454P2	ILLUMINA	/cfs/klemming/projects/supr/snic2020-6-170/RawData/lcNGS_2025/files/P36454/P36454_270/02-FASTQ/20250916_LH00202_0275_B233JYLLT4/P36454_270_S274_L002_R1_001.fastq.gz	/cfs/klemming/projects/supr/snic2020-6-170/RawData/lcNGS_2025/files/P36454/P36454_270/02-FASTQ/20250916_LH00202_0275_B233JYLLT4/P36454_270_S274_L002_R2_001.fastq.gz
L23.439	P36454_270.4	P36454P2	ILLUMINA	/cfs/klemming/projects/supr/snic2020-6-170/RawData/lcNGS_2025/files/P36454/P36454_270/02-FASTQ/20250916_LH00202_0275_B233JYLLT4/P36454_270_S274_L004_R1_001.fastq.gz	/cfs/klemming/projects/supr/snic2020-6-170/RawData/lcNGS_2025/files/P36454/P36454_270/02-FASTQ/20250916_LH00202_0275_B233JYLLT4/P36454_270_S274_L004_R2_001.fastq.gz
L23.595	P36454_271.2	P36454P2	ILLUMINA	/cfs/klemming/projects/supr/snic2020-6-170/RawData/lcNGS_2025/files/P36454/P36454_271/02-FASTQ/20250916_LH00202_0275_B233JYLLT4/P36454_271_S275_L002_R1_001.fastq.gz	/cfs/klemming/projects/supr/snic2020-6-170/RawData/lcNGS_2025/files/P36454/P36454_271/02-FASTQ/20250916_LH00202_0275_B233JYLLT4/P36454_271_S275_L002_R2_001.fastq.gz
L23.595	P36454_271.4	P36454P2	ILLUMINA	/cfs/klemming/projects/supr/snic2020-6-170/RawData/lcNGS_2025/files/P36454/P36454_271/02-FASTQ/20250916_LH00202_0275_B233JYLLT4/P36454_271_S275_L004_R1_001.fastq.gz	/cfs/klemming/projects/supr/snic2020-6-170/RawData/lcNGS_2025/files/P36454/P36454_271/02-FASTQ/20250916_LH00202_0275_B233JYLLT4/P36454_271_S275_L004_R2_001.fastq.gz
L23.595	P36454_271.3	P36454P2	ILLUMINA	/cfs/klemming/projects/supr/snic2020-6-170/RawData/lcNGS_2025/files/P36454/P36454_271/02-FASTQ/20250916_LH00202_0275_B233JYLLT4/P36454_271_S275_L003_R1_001.fastq.gz	/cfs/klemming/projects/supr/snic2020-6-170/RawData/lcNGS_2025/files/P36454/P36454_271/02-FASTQ/20250916_LH00202_0275_B233JYLLT4/P36454_271_S275_L003_R2_001.fastq.gz
L23.314	P36454_272.2	P36454P2	ILLUMINA	/cfs/klemming/projects/supr/snic2020-6-170/RawData/lcNGS_2025/files/P36454/P36454_272/02-FASTQ/20250916_LH00202_0275_B233JYLLT4/P36454_272_S276_L002_R1_001.fastq.gz	/cfs/klemming/projects/supr/snic2020-6-170/RawData/lcNGS_2025/files/P36454/P36454_272/02-FASTQ/20250916_LH00202_0275_B233JYLLT4/P36454_272_S276_L002_R2_001.fastq.gz
L23.314	P36454_272.3	P36454P2	ILLUMINA	/cfs/klemming/projects/supr/snic2020-6-170/RawData/lcNGS_2025/files/P36454/P36454_272/02-FASTQ/20250916_LH00202_0275_B233JYLLT4/P36454_272_S276_L003_R1_001.fastq.gz	/cfs/klemming/projects/supr/snic2020-6-170/RawData/lcNGS_2025/files/P36454/P36454_272/02-FASTQ/20250916_LH00202_0275_B233JYLLT4/P36454_272_S276_L003_R2_001.fastq.gz
L23.314	P36454_272.4	P36454P2	ILLUMINA	/cfs/klemming/projects/supr/snic2020-6-170/RawData/lcNGS_2025/files/P36454/P36454_272/02-FASTQ/20250916_LH00202_0275_B233JYLLT4/P36454_272_S276_L004_R1_001.fastq.gz	/cfs/klemming/projects/supr/snic2020-6-170/RawData/lcNGS_2025/files/P36454/P36454_272/02-FASTQ/20250916_LH00202_0275_B233JYLLT4/P36454_272_S276_L004_R2_001.fastq.gz
L23.323	P36454_273.3	P36454P2	ILLUMINA	/cfs/klemming/projects/supr/snic2020-6-170/RawData/lcNGS_2025/files/P36454/P36454_273/02-FASTQ/20250916_LH00202_0275_B233JYLLT4/P36454_273_S277_L003_R1_001.fastq.gz	/cfs/klemming/projects/supr/snic2020-6-170/RawData/lcNGS_2025/files/P36454/P36454_273/02-FASTQ/20250916_LH00202_0275_B233JYLLT4/P36454_273_S277_L003_R2_001.fastq.gz
L23.323	P36454_273.2	P36454P2	ILLUMINA	/cfs/klemming/projects/supr/snic2020-6-170/RawData/lcNGS_2025/files/P36454/P36454_273/02-FASTQ/20250916_LH00202_0275_B233JYLLT4/P36454_273_S277_L002_R1_001.fastq.gz	/cfs/klemming/projects/supr/snic2020-6-170/RawData/lcNGS_2025/files/P36454/P36454_273/02-FASTQ/20250916_LH00202_0275_B233JYLLT4/P36454_273_S277_L002_R2_001.fastq.gz
L23.323	P36454_273.4	P36454P2	ILLUMINA	/cfs/klemming/projects/supr/snic2020-6-170/RawData/lcNGS_2025/files/P36454/P36454_273/02-FASTQ/20250916_LH00202_0275_B233JYLLT4/P36454_273_S277_L004_R1_001.fastq.gz	/cfs/klemming/projects/supr/snic2020-6-170/RawData/lcNGS_2025/files/P36454/P36454_273/02-FASTQ/20250916_LH00202_0275_B233JYLLT4/P36454_273_S277_L004_R2_001.fastq.gz
L23.397	P36454_274.2	P36454P2	ILLUMINA	/cfs/klemming/projects/supr/snic2020-6-170/RawData/lcNGS_2025/files/P36454/P36454_274/02-FASTQ/20250916_LH00202_0275_B233JYLLT4/P36454_274_S278_L002_R1_001.fastq.gz	/cfs/klemming/projects/supr/snic2020-6-170/RawData/lcNGS_2025/files/P36454/P36454_274/02-FASTQ/20250916_LH00202_0275_B233JYLLT4/P36454_274_S278_L002_R2_001.fastq.gz
L23.397	P36454_274.3	P36454P2	ILLUMINA	/cfs/klemming/projects/supr/snic2020-6-170/RawData/lcNGS_2025/files/P36454/P36454_274/02-FASTQ/20250916_LH00202_0275_B233JYLLT4/P36454_274_S278_L003_R1_001.fastq.gz	/cfs/klemming/projects/supr/snic2020-6-170/RawData/lcNGS_2025/files/P36454/P36454_274/02-FASTQ/20250916_LH00202_0275_B233JYLLT4/P36454_274_S278_L003_R2_001.fastq.gz
L23.397	P36454_274.4	P36454P2	ILLUMINA	/cfs/klemming/projects/supr/snic2020-6-170/RawData/lcNGS_2025/files/P36454/P36454_274/02-FASTQ/20250916_LH00202_0275_B233JYLLT4/P36454_274_S278_L004_R1_001.fastq.gz	/cfs/klemming/projects/supr/snic2020-6-170/RawData/lcNGS_2025/files/P36454/P36454_274/02-FASTQ/20250916_LH00202_0275_B233JYLLT4/P36454_274_S278_L004_R2_001.fastq.gz
L23.399	P36454_275.4	P36454P2	ILLUMINA	/cfs/klemming/projects/supr/snic2020-6-170/RawData/lcNGS_2025/files/P36454/P36454_275/02-FASTQ/20250916_LH00202_0275_B233JYLLT4/P36454_275_S279_L004_R1_001.fastq.gz	/cfs/klemming/projects/supr/snic2020-6-170/RawData/lcNGS_2025/files/P36454/P36454_275/02-FASTQ/20250916_LH00202_0275_B233JYLLT4/P36454_275_S279_L004_R2_001.fastq.gz
L23.399	P36454_275.2	P36454P2	ILLUMINA	/cfs/klemming/projects/supr/snic2020-6-170/RawData/lcNGS_2025/files/P36454/P36454_275/02-FASTQ/20250916_LH00202_0275_B233JYLLT4/P36454_275_S279_L002_R1_001.fastq.gz	/cfs/klemming/projects/supr/snic2020-6-170/RawData/lcNGS_2025/files/P36454/P36454_275/02-FASTQ/20250916_LH00202_0275_B233JYLLT4/P36454_275_S279_L002_R2_001.fastq.gz
L23.399	P36454_275.3	P36454P2	ILLUMINA	/cfs/klemming/projects/supr/snic2020-6-170/RawData/lcNGS_2025/files/P36454/P36454_275/02-FASTQ/20250916_LH00202_0275_B233JYLLT4/P36454_275_S279_L003_R1_001.fastq.gz	/cfs/klemming/projects/supr/snic2020-6-170/RawData/lcNGS_2025/files/P36454/P36454_275/02-FASTQ/20250916_LH00202_0275_B233JYLLT4/P36454_275_S279_L003_R2_001.fastq.gz
L23.404	P36454_276.4	P36454P2	ILLUMINA	/cfs/klemming/projects/supr/snic2020-6-170/RawData/lcNGS_2025/files/P36454/P36454_276/02-FASTQ/20250916_LH00202_0275_B233JYLLT4/P36454_276_S280_L004_R1_001.fastq.gz	/cfs/klemming/projects/supr/snic2020-6-170/RawData/lcNGS_2025/files/P36454/P36454_276/02-FASTQ/20250916_LH00202_0275_B233JYLLT4/P36454_276_S280_L004_R2_001.fastq.gz
L23.404	P36454_276.2	P36454P2	ILLUMINA	/cfs/klemming/projects/supr/snic2020-6-170/RawData/lcNGS_2025/files/P36454/P36454_276/02-FASTQ/20250916_LH00202_0275_B233JYLLT4/P36454_276_S280_L002_R1_001.fastq.gz	/cfs/klemming/projects/supr/snic2020-6-170/RawData/lcNGS_2025/files/P36454/P36454_276/02-FASTQ/20250916_LH00202_0275_B233JYLLT4/P36454_276_S280_L002_R2_001.fastq.gz
L23.404	P36454_276.3	P36454P2	ILLUMINA	/cfs/klemming/projects/supr/snic2020-6-170/RawData/lcNGS_2025/files/P36454/P36454_276/02-FASTQ/20250916_LH00202_0275_B233JYLLT4/P36454_276_S280_L003_R1_001.fastq.gz	/cfs/klemming/projects/supr/snic2020-6-170/RawData/lcNGS_2025/files/P36454/P36454_276/02-FASTQ/20250916_LH00202_0275_B233JYLLT4/P36454_276_S280_L003_R2_001.fastq.gz
L23.423	P36454_277.4	P36454P2	ILLUMINA	/cfs/klemming/projects/supr/snic2020-6-170/RawData/lcNGS_2025/files/P36454/P36454_277/02-FASTQ/20250916_LH00202_0275_B233JYLLT4/P36454_277_S281_L004_R1_001.fastq.gz	/cfs/klemming/projects/supr/snic2020-6-170/RawData/lcNGS_2025/files/P36454/P36454_277/02-FASTQ/20250916_LH00202_0275_B233JYLLT4/P36454_277_S281_L004_R2_001.fastq.gz
L23.423	P36454_277.2	P36454P2	ILLUMINA	/cfs/klemming/projects/supr/snic2020-6-170/RawData/lcNGS_2025/files/P36454/P36454_277/02-FASTQ/20250916_LH00202_0275_B233JYLLT4/P36454_277_S281_L002_R1_001.fastq.gz	/cfs/klemming/projects/supr/snic2020-6-170/RawData/lcNGS_2025/files/P36454/P36454_277/02-FASTQ/20250916_LH00202_0275_B233JYLLT4/P36454_277_S281_L002_R2_001.fastq.gz
L23.423	P36454_277.3	P36454P2	ILLUMINA	/cfs/klemming/projects/supr/snic2020-6-170/RawData/lcNGS_2025/files/P36454/P36454_277/02-FASTQ/20250916_LH00202_0275_B233JYLLT4/P36454_277_S281_L003_R1_001.fastq.gz	/cfs/klemming/projects/supr/snic2020-6-170/RawData/lcNGS_2025/files/P36454/P36454_277/02-FASTQ/20250916_LH00202_0275_B233JYLLT4/P36454_277_S281_L003_R2_001.fastq.gz
L23.432	P36454_278.3	P36454P2	ILLUMINA	/cfs/klemming/projects/supr/snic2020-6-170/RawData/lcNGS_2025/files/P36454/P36454_278/02-FASTQ/20250916_LH00202_0275_B233JYLLT4/P36454_278_S282_L003_R1_001.fastq.gz	/cfs/klemming/projects/supr/snic2020-6-170/RawData/lcNGS_2025/files/P36454/P36454_278/02-FASTQ/20250916_LH00202_0275_B233JYLLT4/P36454_278_S282_L003_R2_001.fastq.gz
L23.432	P36454_278.2	P36454P2	ILLUMINA	/cfs/klemming/projects/supr/snic2020-6-170/RawData/lcNGS_2025/files/P36454/P36454_278/02-FASTQ/20250916_LH00202_0275_B233JYLLT4/P36454_278_S282_L002_R1_001.fastq.gz	/cfs/klemming/projects/supr/snic2020-6-170/RawData/lcNGS_2025/files/P36454/P36454_278/02-FASTQ/20250916_LH00202_0275_B233JYLLT4/P36454_278_S282_L002_R2_001.fastq.gz
L23.432	P36454_278.4	P36454P2	ILLUMINA	/cfs/klemming/projects/supr/snic2020-6-170/RawData/lcNGS_2025/files/P36454/P36454_278/02-FASTQ/20250916_LH00202_0275_B233JYLLT4/P36454_278_S282_L004_R1_001.fastq.gz	/cfs/klemming/projects/supr/snic2020-6-170/RawData/lcNGS_2025/files/P36454/P36454_278/02-FASTQ/20250916_LH00202_0275_B233JYLLT4/P36454_278_S282_L004_R2_001.fastq.gz
L23.601	P36454_279.4	P36454P2	ILLUMINA	/cfs/klemming/projects/supr/snic2020-6-170/RawData/lcNGS_2025/files/P36454/P36454_279/02-FASTQ/20250916_LH00202_0275_B233JYLLT4/P36454_279_S283_L004_R1_001.fastq.gz	/cfs/klemming/projects/supr/snic2020-6-170/RawData/lcNGS_2025/files/P36454/P36454_279/02-FASTQ/20250916_LH00202_0275_B233JYLLT4/P36454_279_S283_L004_R2_001.fastq.gz
L23.601	P36454_279.2	P36454P2	ILLUMINA	/cfs/klemming/projects/supr/snic2020-6-170/RawData/lcNGS_2025/files/P36454/P36454_279/02-FASTQ/20250916_LH00202_0275_B233JYLLT4/P36454_279_S283_L002_R1_001.fastq.gz	/cfs/klemming/projects/supr/snic2020-6-170/RawData/lcNGS_2025/files/P36454/P36454_279/02-FASTQ/20250916_LH00202_0275_B233JYLLT4/P36454_279_S283_L002_R2_001.fastq.gz
L23.601	P36454_279.3	P36454P2	ILLUMINA	/cfs/klemming/projects/supr/snic2020-6-170/RawData/lcNGS_2025/files/P36454/P36454_279/02-FASTQ/20250916_LH00202_0275_B233JYLLT4/P36454_279_S283_L003_R1_001.fastq.gz	/cfs/klemming/projects/supr/snic2020-6-170/RawData/lcNGS_2025/files/P36454/P36454_279/02-FASTQ/20250916_LH00202_0275_B233JYLLT4/P36454_279_S283_L003_R2_001.fastq.gz
L23.332	P36454_280.4	P36454P2	ILLUMINA	/cfs/klemming/projects/supr/snic2020-6-170/RawData/lcNGS_2025/files/P36454/P36454_280/02-FASTQ/20250916_LH00202_0275_B233JYLLT4/P36454_280_S284_L004_R1_001.fastq.gz	/cfs/klemming/projects/supr/snic2020-6-170/RawData/lcNGS_2025/files/P36454/P36454_280/02-FASTQ/20250916_LH00202_0275_B233JYLLT4/P36454_280_S284_L004_R2_001.fastq.gz
L23.332	P36454_280.3	P36454P2	ILLUMINA	/cfs/klemming/projects/supr/snic2020-6-170/RawData/lcNGS_2025/files/P36454/P36454_280/02-FASTQ/20250916_LH00202_0275_B233JYLLT4/P36454_280_S284_L003_R1_001.fastq.gz	/cfs/klemming/projects/supr/snic2020-6-170/RawData/lcNGS_2025/files/P36454/P36454_280/02-FASTQ/20250916_LH00202_0275_B233JYLLT4/P36454_280_S284_L003_R2_001.fastq.gz
L23.332	P36454_280.2	P36454P2	ILLUMINA	/cfs/klemming/projects/supr/snic2020-6-170/RawData/lcNGS_2025/files/P36454/P36454_280/02-FASTQ/20250916_LH00202_0275_B233JYLLT4/P36454_280_S284_L002_R1_001.fastq.gz	/cfs/klemming/projects/supr/snic2020-6-170/RawData/lcNGS_2025/files/P36454/P36454_280/02-FASTQ/20250916_LH00202_0275_B233JYLLT4/P36454_280_S284_L002_R2_001.fastq.gz
L24.207	P36454_281.3	P36454P2	ILLUMINA	/cfs/klemming/projects/supr/snic2020-6-170/RawData/lcNGS_2025/files/P36454/P36454_281/02-FASTQ/20250916_LH00202_0275_B233JYLLT4/P36454_281_S285_L003_R1_001.fastq.gz	/cfs/klemming/projects/supr/snic2020-6-170/RawData/lcNGS_2025/files/P36454/P36454_281/02-FASTQ/20250916_LH00202_0275_B233JYLLT4/P36454_281_S285_L003_R2_001.fastq.gz
L24.207	P36454_281.4	P36454P2	ILLUMINA	/cfs/klemming/projects/supr/snic2020-6-170/RawData/lcNGS_2025/files/P36454/P36454_281/02-FASTQ/20250916_LH00202_0275_B233JYLLT4/P36454_281_S285_L004_R1_001.fastq.gz	/cfs/klemming/projects/supr/snic2020-6-170/RawData/lcNGS_2025/files/P36454/P36454_281/02-FASTQ/20250916_LH00202_0275_B233JYLLT4/P36454_281_S285_L004_R2_001.fastq.gz
L24.207	P36454_281.2	P36454P2	ILLUMINA	/cfs/klemming/projects/supr/snic2020-6-170/RawData/lcNGS_2025/files/P36454/P36454_281/02-FASTQ/20250916_LH00202_0275_B233JYLLT4/P36454_281_S285_L002_R1_001.fastq.gz	/cfs/klemming/projects/supr/snic2020-6-170/RawData/lcNGS_2025/files/P36454/P36454_281/02-FASTQ/20250916_LH00202_0275_B233JYLLT4/P36454_281_S285_L002_R2_001.fastq.gz
L24.574	P36454_282.4	P36454P2	ILLUMINA	/cfs/klemming/projects/supr/snic2020-6-170/RawData/lcNGS_2025/files/P36454/P36454_282/02-FASTQ/20250916_LH00202_0275_B233JYLLT4/P36454_282_S286_L004_R1_001.fastq.gz	/cfs/klemming/projects/supr/snic2020-6-170/RawData/lcNGS_2025/files/P36454/P36454_282/02-FASTQ/20250916_LH00202_0275_B233JYLLT4/P36454_282_S286_L004_R2_001.fastq.gz
L24.574	P36454_282.3	P36454P2	ILLUMINA	/cfs/klemming/projects/supr/snic2020-6-170/RawData/lcNGS_2025/files/P36454/P36454_282/02-FASTQ/20250916_LH00202_0275_B233JYLLT4/P36454_282_S286_L003_R1_001.fastq.gz	/cfs/klemming/projects/supr/snic2020-6-170/RawData/lcNGS_2025/files/P36454/P36454_282/02-FASTQ/20250916_LH00202_0275_B233JYLLT4/P36454_282_S286_L003_R2_001.fastq.gz
L24.574	P36454_282.2	P36454P2	ILLUMINA	/cfs/klemming/projects/supr/snic2020-6-170/RawData/lcNGS_2025/files/P36454/P36454_282/02-FASTQ/20250916_LH00202_0275_B233JYLLT4/P36454_282_S286_L002_R1_001.fastq.gz	/cfs/klemming/projects/supr/snic2020-6-170/RawData/lcNGS_2025/files/P36454/P36454_282/02-FASTQ/20250916_LH00202_0275_B233JYLLT4/P36454_282_S286_L002_R2_001.fastq.gz
L24.588	P36454_283.4	P36454P2	ILLUMINA	/cfs/klemming/projects/supr/snic2020-6-170/RawData/lcNGS_2025/files/P36454/P36454_283/02-FASTQ/20250916_LH00202_0275_B233JYLLT4/P36454_283_S287_L004_R1_001.fastq.gz	/cfs/klemming/projects/supr/snic2020-6-170/RawData/lcNGS_2025/files/P36454/P36454_283/02-FASTQ/20250916_LH00202_0275_B233JYLLT4/P36454_283_S287_L004_R2_001.fastq.gz
L24.588	P36454_283.3	P36454P2	ILLUMINA	/cfs/klemming/projects/supr/snic2020-6-170/RawData/lcNGS_2025/files/P36454/P36454_283/02-FASTQ/20250916_LH00202_0275_B233JYLLT4/P36454_283_S287_L003_R1_001.fastq.gz	/cfs/klemming/projects/supr/snic2020-6-170/RawData/lcNGS_2025/files/P36454/P36454_283/02-FASTQ/20250916_LH00202_0275_B233JYLLT4/P36454_283_S287_L003_R2_001.fastq.gz
L24.588	P36454_283.2	P36454P2	ILLUMINA	/cfs/klemming/projects/supr/snic2020-6-170/RawData/lcNGS_2025/files/P36454/P36454_283/02-FASTQ/20250916_LH00202_0275_B233JYLLT4/P36454_283_S287_L002_R1_001.fastq.gz	/cfs/klemming/projects/supr/snic2020-6-170/RawData/lcNGS_2025/files/P36454/P36454_283/02-FASTQ/20250916_LH00202_0275_B233JYLLT4/P36454_283_S287_L002_R2_001.fastq.gz
L24.603	P36454_284.2	P36454P2	ILLUMINA	/cfs/klemming/projects/supr/snic2020-6-170/RawData/lcNGS_2025/files/P36454/P36454_284/02-FASTQ/20250916_LH00202_0275_B233JYLLT4/P36454_284_S288_L002_R1_001.fastq.gz	/cfs/klemming/projects/supr/snic2020-6-170/RawData/lcNGS_2025/files/P36454/P36454_284/02-FASTQ/20250916_LH00202_0275_B233JYLLT4/P36454_284_S288_L002_R2_001.fastq.gz
L24.603	P36454_284.3	P36454P2	ILLUMINA	/cfs/klemming/projects/supr/snic2020-6-170/RawData/lcNGS_2025/files/P36454/P36454_284/02-FASTQ/20250916_LH00202_0275_B233JYLLT4/P36454_284_S288_L003_R1_001.fastq.gz	/cfs/klemming/projects/supr/snic2020-6-170/RawData/lcNGS_2025/files/P36454/P36454_284/02-FASTQ/20250916_LH00202_0275_B233JYLLT4/P36454_284_S288_L003_R2_001.fastq.gz
L24.603	P36454_284.4	P36454P2	ILLUMINA	/cfs/klemming/projects/supr/snic2020-6-170/RawData/lcNGS_2025/files/P36454/P36454_284/02-FASTQ/20250916_LH00202_0275_B233JYLLT4/P36454_284_S288_L004_R1_001.fastq.gz	/cfs/klemming/projects/supr/snic2020-6-170/RawData/lcNGS_2025/files/P36454/P36454_284/02-FASTQ/20250916_LH00202_0275_B233JYLLT4/P36454_284_S288_L004_R2_001.fastq.gz
L24.55	P36454_285.3	P36454P2	ILLUMINA	/cfs/klemming/projects/supr/snic2020-6-170/RawData/lcNGS_2025/files/P36454/P36454_285/02-FASTQ/20250916_LH00202_0275_B233JYLLT4/P36454_285_S289_L003_R1_001.fastq.gz	/cfs/klemming/projects/supr/snic2020-6-170/RawData/lcNGS_2025/files/P36454/P36454_285/02-FASTQ/20250916_LH00202_0275_B233JYLLT4/P36454_285_S289_L003_R2_001.fastq.gz
L24.55	P36454_285.4	P36454P2	ILLUMINA	/cfs/klemming/projects/supr/snic2020-6-170/RawData/lcNGS_2025/files/P36454/P36454_285/02-FASTQ/20250916_LH00202_0275_B233JYLLT4/P36454_285_S289_L004_R1_001.fastq.gz	/cfs/klemming/projects/supr/snic2020-6-170/RawData/lcNGS_2025/files/P36454/P36454_285/02-FASTQ/20250916_LH00202_0275_B233JYLLT4/P36454_285_S289_L004_R2_001.fastq.gz
L24.55	P36454_285.2	P36454P2	ILLUMINA	/cfs/klemming/projects/supr/snic2020-6-170/RawData/lcNGS_2025/files/P36454/P36454_285/02-FASTQ/20250916_LH00202_0275_B233JYLLT4/P36454_285_S289_L002_R1_001.fastq.gz	/cfs/klemming/projects/supr/snic2020-6-170/RawData/lcNGS_2025/files/P36454/P36454_285/02-FASTQ/20250916_LH00202_0275_B233JYLLT4/P36454_285_S289_L002_R2_001.fastq.gz
L24.69	P36454_286.3	P36454P2	ILLUMINA	/cfs/klemming/projects/supr/snic2020-6-170/RawData/lcNGS_2025/files/P36454/P36454_286/02-FASTQ/20250916_LH00202_0275_B233JYLLT4/P36454_286_S290_L003_R1_001.fastq.gz	/cfs/klemming/projects/supr/snic2020-6-170/RawData/lcNGS_2025/files/P36454/P36454_286/02-FASTQ/20250916_LH00202_0275_B233JYLLT4/P36454_286_S290_L003_R2_001.fastq.gz
L24.69	P36454_286.4	P36454P2	ILLUMINA	/cfs/klemming/projects/supr/snic2020-6-170/RawData/lcNGS_2025/files/P36454/P36454_286/02-FASTQ/20250916_LH00202_0275_B233JYLLT4/P36454_286_S290_L004_R1_001.fastq.gz	/cfs/klemming/projects/supr/snic2020-6-170/RawData/lcNGS_2025/files/P36454/P36454_286/02-FASTQ/20250916_LH00202_0275_B233JYLLT4/P36454_286_S290_L004_R2_001.fastq.gz
L24.69	P36454_286.2	P36454P2	ILLUMINA	/cfs/klemming/projects/supr/snic2020-6-170/RawData/lcNGS_2025/files/P36454/P36454_286/02-FASTQ/20250916_LH00202_0275_B233JYLLT4/P36454_286_S290_L002_R1_001.fastq.gz	/cfs/klemming/projects/supr/snic2020-6-170/RawData/lcNGS_2025/files/P36454/P36454_286/02-FASTQ/20250916_LH00202_0275_B233JYLLT4/P36454_286_S290_L002_R2_001.fastq.gz
L24.211	P36454_287.3	P36454P2	ILLUMINA	/cfs/klemming/projects/supr/snic2020-6-170/RawData/lcNGS_2025/files/P36454/P36454_287/02-FASTQ/20250916_LH00202_0275_B233JYLLT4/P36454_287_S291_L003_R1_001.fastq.gz	/cfs/klemming/projects/supr/snic2020-6-170/RawData/lcNGS_2025/files/P36454/P36454_287/02-FASTQ/20250916_LH00202_0275_B233JYLLT4/P36454_287_S291_L003_R2_001.fastq.gz
L24.211	P36454_287.4	P36454P2	ILLUMINA	/cfs/klemming/projects/supr/snic2020-6-170/RawData/lcNGS_2025/files/P36454/P36454_287/02-FASTQ/20250916_LH00202_0275_B233JYLLT4/P36454_287_S291_L004_R1_001.fastq.gz	/cfs/klemming/projects/supr/snic2020-6-170/RawData/lcNGS_2025/files/P36454/P36454_287/02-FASTQ/20250916_LH00202_0275_B233JYLLT4/P36454_287_S291_L004_R2_001.fastq.gz
L24.211	P36454_287.2	P36454P2	ILLUMINA	/cfs/klemming/projects/supr/snic2020-6-170/RawData/lcNGS_2025/files/P36454/P36454_287/02-FASTQ/20250916_LH00202_0275_B233JYLLT4/P36454_287_S291_L002_R1_001.fastq.gz	/cfs/klemming/projects/supr/snic2020-6-170/RawData/lcNGS_2025/files/P36454/P36454_287/02-FASTQ/20250916_LH00202_0275_B233JYLLT4/P36454_287_S291_L002_R2_001.fastq.gz
L24.93	P36454_288.4	P36454P2	ILLUMINA	/cfs/klemming/projects/supr/snic2020-6-170/RawData/lcNGS_2025/files/P36454/P36454_288/02-FASTQ/20250916_LH00202_0275_B233JYLLT4/P36454_288_S292_L004_R1_001.fastq.gz	/cfs/klemming/projects/supr/snic2020-6-170/RawData/lcNGS_2025/files/P36454/P36454_288/02-FASTQ/20250916_LH00202_0275_B233JYLLT4/P36454_288_S292_L004_R2_001.fastq.gz
L24.93	P36454_288.3	P36454P2	ILLUMINA	/cfs/klemming/projects/supr/snic2020-6-170/RawData/lcNGS_2025/files/P36454/P36454_288/02-FASTQ/20250916_LH00202_0275_B233JYLLT4/P36454_288_S292_L003_R1_001.fastq.gz	/cfs/klemming/projects/supr/snic2020-6-170/RawData/lcNGS_2025/files/P36454/P36454_288/02-FASTQ/20250916_LH00202_0275_B233JYLLT4/P36454_288_S292_L003_R2_001.fastq.gz
L24.93	P36454_288.2	P36454P2	ILLUMINA	/cfs/klemming/projects/supr/snic2020-6-170/RawData/lcNGS_2025/files/P36454/P36454_288/02-FASTQ/20250916_LH00202_0275_B233JYLLT4/P36454_288_S292_L002_R1_001.fastq.gz	/cfs/klemming/projects/supr/snic2020-6-170/RawData/lcNGS_2025/files/P36454/P36454_288/02-FASTQ/20250916_LH00202_0275_B233JYLLT4/P36454_288_S292_L002_R2_001.fastq.gz
L24.371	P36454_289.4	P36454P2	ILLUMINA	/cfs/klemming/projects/supr/snic2020-6-170/RawData/lcNGS_2025/files/P36454/P36454_289/02-FASTQ/20250916_LH00202_0275_B233JYLLT4/P36454_289_S293_L004_R1_001.fastq.gz	/cfs/klemming/projects/supr/snic2020-6-170/RawData/lcNGS_2025/files/P36454/P36454_289/02-FASTQ/20250916_LH00202_0275_B233JYLLT4/P36454_289_S293_L004_R2_001.fastq.gz
L24.371	P36454_289.2	P36454P2	ILLUMINA	/cfs/klemming/projects/supr/snic2020-6-170/RawData/lcNGS_2025/files/P36454/P36454_289/02-FASTQ/20250916_LH00202_0275_B233JYLLT4/P36454_289_S293_L002_R1_001.fastq.gz	/cfs/klemming/projects/supr/snic2020-6-170/RawData/lcNGS_2025/files/P36454/P36454_289/02-FASTQ/20250916_LH00202_0275_B233JYLLT4/P36454_289_S293_L002_R2_001.fastq.gz
L24.371	P36454_289.3	P36454P2	ILLUMINA	/cfs/klemming/projects/supr/snic2020-6-170/RawData/lcNGS_2025/files/P36454/P36454_289/02-FASTQ/20250916_LH00202_0275_B233JYLLT4/P36454_289_S293_L003_R1_001.fastq.gz	/cfs/klemming/projects/supr/snic2020-6-170/RawData/lcNGS_2025/files/P36454/P36454_289/02-FASTQ/20250916_LH00202_0275_B233JYLLT4/P36454_289_S293_L003_R2_001.fastq.gz
L24.385	P36454_290.4	P36454P2	ILLUMINA	/cfs/klemming/projects/supr/snic2020-6-170/RawData/lcNGS_2025/files/P36454/P36454_290/02-FASTQ/20250916_LH00202_0275_B233JYLLT4/P36454_290_S294_L004_R1_001.fastq.gz	/cfs/klemming/projects/supr/snic2020-6-170/RawData/lcNGS_2025/files/P36454/P36454_290/02-FASTQ/20250916_LH00202_0275_B233JYLLT4/P36454_290_S294_L004_R2_001.fastq.gz
L24.385	P36454_290.3	P36454P2	ILLUMINA	/cfs/klemming/projects/supr/snic2020-6-170/RawData/lcNGS_2025/files/P36454/P36454_290/02-FASTQ/20250916_LH00202_0275_B233JYLLT4/P36454_290_S294_L003_R1_001.fastq.gz	/cfs/klemming/projects/supr/snic2020-6-170/RawData/lcNGS_2025/files/P36454/P36454_290/02-FASTQ/20250916_LH00202_0275_B233JYLLT4/P36454_290_S294_L003_R2_001.fastq.gz
L24.385	P36454_290.2	P36454P2	ILLUMINA	/cfs/klemming/projects/supr/snic2020-6-170/RawData/lcNGS_2025/files/P36454/P36454_290/02-FASTQ/20250916_LH00202_0275_B233JYLLT4/P36454_290_S294_L002_R1_001.fastq.gz	/cfs/klemming/projects/supr/snic2020-6-170/RawData/lcNGS_2025/files/P36454/P36454_290/02-FASTQ/20250916_LH00202_0275_B233JYLLT4/P36454_290_S294_L002_R2_001.fastq.gz
L24.595	P36454_291.3	P36454P2	ILLUMINA	/cfs/klemming/projects/supr/snic2020-6-170/RawData/lcNGS_2025/files/P36454/P36454_291/02-FASTQ/20250916_LH00202_0275_B233JYLLT4/P36454_291_S295_L003_R1_001.fastq.gz	/cfs/klemming/projects/supr/snic2020-6-170/RawData/lcNGS_2025/files/P36454/P36454_291/02-FASTQ/20250916_LH00202_0275_B233JYLLT4/P36454_291_S295_L003_R2_001.fastq.gz
L24.595	P36454_291.4	P36454P2	ILLUMINA	/cfs/klemming/projects/supr/snic2020-6-170/RawData/lcNGS_2025/files/P36454/P36454_291/02-FASTQ/20250916_LH00202_0275_B233JYLLT4/P36454_291_S295_L004_R1_001.fastq.gz	/cfs/klemming/projects/supr/snic2020-6-170/RawData/lcNGS_2025/files/P36454/P36454_291/02-FASTQ/20250916_LH00202_0275_B233JYLLT4/P36454_291_S295_L004_R2_001.fastq.gz
L24.595	P36454_291.2	P36454P2	ILLUMINA	/cfs/klemming/projects/supr/snic2020-6-170/RawData/lcNGS_2025/files/P36454/P36454_291/02-FASTQ/20250916_LH00202_0275_B233JYLLT4/P36454_291_S295_L002_R1_001.fastq.gz	/cfs/klemming/projects/supr/snic2020-6-170/RawData/lcNGS_2025/files/P36454/P36454_291/02-FASTQ/20250916_LH00202_0275_B233JYLLT4/P36454_291_S295_L002_R2_001.fastq.gz
L24.615	P36454_292.4	P36454P2	ILLUMINA	/cfs/klemming/projects/supr/snic2020-6-170/RawData/lcNGS_2025/files/P36454/P36454_292/02-FASTQ/20250916_LH00202_0275_B233JYLLT4/P36454_292_S296_L004_R1_001.fastq.gz	/cfs/klemming/projects/supr/snic2020-6-170/RawData/lcNGS_2025/files/P36454/P36454_292/02-FASTQ/20250916_LH00202_0275_B233JYLLT4/P36454_292_S296_L004_R2_001.fastq.gz
L24.615	P36454_292.3	P36454P2	ILLUMINA	/cfs/klemming/projects/supr/snic2020-6-170/RawData/lcNGS_2025/files/P36454/P36454_292/02-FASTQ/20250916_LH00202_0275_B233JYLLT4/P36454_292_S296_L003_R1_001.fastq.gz	/cfs/klemming/projects/supr/snic2020-6-170/RawData/lcNGS_2025/files/P36454/P36454_292/02-FASTQ/20250916_LH00202_0275_B233JYLLT4/P36454_292_S296_L003_R2_001.fastq.gz
L24.615	P36454_292.2	P36454P2	ILLUMINA	/cfs/klemming/projects/supr/snic2020-6-170/RawData/lcNGS_2025/files/P36454/P36454_292/02-FASTQ/20250916_LH00202_0275_B233JYLLT4/P36454_292_S296_L002_R1_001.fastq.gz	/cfs/klemming/projects/supr/snic2020-6-170/RawData/lcNGS_2025/files/P36454/P36454_292/02-FASTQ/20250916_LH00202_0275_B233JYLLT4/P36454_292_S296_L002_R2_001.fastq.gz
L24.87	P36454_293.3	P36454P2	ILLUMINA	/cfs/klemming/projects/supr/snic2020-6-170/RawData/lcNGS_2025/files/P36454/P36454_293/02-FASTQ/20250916_LH00202_0275_B233JYLLT4/P36454_293_S297_L003_R1_001.fastq.gz	/cfs/klemming/projects/supr/snic2020-6-170/RawData/lcNGS_2025/files/P36454/P36454_293/02-FASTQ/20250916_LH00202_0275_B233JYLLT4/P36454_293_S297_L003_R2_001.fastq.gz
L24.87	P36454_293.2	P36454P2	ILLUMINA	/cfs/klemming/projects/supr/snic2020-6-170/RawData/lcNGS_2025/files/P36454/P36454_293/02-FASTQ/20250916_LH00202_0275_B233JYLLT4/P36454_293_S297_L002_R1_001.fastq.gz	/cfs/klemming/projects/supr/snic2020-6-170/RawData/lcNGS_2025/files/P36454/P36454_293/02-FASTQ/20250916_LH00202_0275_B233JYLLT4/P36454_293_S297_L002_R2_001.fastq.gz
L24.87	P36454_293.4	P36454P2	ILLUMINA	/cfs/klemming/projects/supr/snic2020-6-170/RawData/lcNGS_2025/files/P36454/P36454_293/02-FASTQ/20250916_LH00202_0275_B233JYLLT4/P36454_293_S297_L004_R1_001.fastq.gz	/cfs/klemming/projects/supr/snic2020-6-170/RawData/lcNGS_2025/files/P36454/P36454_293/02-FASTQ/20250916_LH00202_0275_B233JYLLT4/P36454_293_S297_L004_R2_001.fastq.gz
22.972	P36454_294.3	P36454P2	ILLUMINA	/cfs/klemming/projects/supr/snic2020-6-170/RawData/lcNGS_2025/files/P36454/P36454_294/02-FASTQ/20250916_LH00202_0275_B233JYLLT4/P36454_294_S298_L003_R1_001.fastq.gz	/cfs/klemming/projects/supr/snic2020-6-170/RawData/lcNGS_2025/files/P36454/P36454_294/02-FASTQ/20250916_LH00202_0275_B233JYLLT4/P36454_294_S298_L003_R2_001.fastq.gz
22.972	P36454_294.4	P36454P2	ILLUMINA	/cfs/klemming/projects/supr/snic2020-6-170/RawData/lcNGS_2025/files/P36454/P36454_294/02-FASTQ/20250916_LH00202_0275_B233JYLLT4/P36454_294_S298_L004_R1_001.fastq.gz	/cfs/klemming/projects/supr/snic2020-6-170/RawData/lcNGS_2025/files/P36454/P36454_294/02-FASTQ/20250916_LH00202_0275_B233JYLLT4/P36454_294_S298_L004_R2_001.fastq.gz
22.972	P36454_294.2	P36454P2	ILLUMINA	/cfs/klemming/projects/supr/snic2020-6-170/RawData/lcNGS_2025/files/P36454/P36454_294/02-FASTQ/20250916_LH00202_0275_B233JYLLT4/P36454_294_S298_L002_R1_001.fastq.gz	/cfs/klemming/projects/supr/snic2020-6-170/RawData/lcNGS_2025/files/P36454/P36454_294/02-FASTQ/20250916_LH00202_0275_B233JYLLT4/P36454_294_S298_L002_R2_001.fastq.gz
22.1235	P36454_301.4	P36454P3	ILLUMINA	/cfs/klemming/projects/supr/snic2020-6-170/RawData/lcNGS_2025/files/P36454/P36454_301/02-FASTQ/20250916_LH00202_0275_B233JYLLT4/P36454_301_S299_L004_R1_001.fastq.gz	/cfs/klemming/projects/supr/snic2020-6-170/RawData/lcNGS_2025/files/P36454/P36454_301/02-FASTQ/20250916_LH00202_0275_B233JYLLT4/P36454_301_S299_L004_R2_001.fastq.gz
22.1235	P36454_301.3	P36454P3	ILLUMINA	/cfs/klemming/projects/supr/snic2020-6-170/RawData/lcNGS_2025/files/P36454/P36454_301/02-FASTQ/20250916_LH00202_0275_B233JYLLT4/P36454_301_S299_L003_R1_001.fastq.gz	/cfs/klemming/projects/supr/snic2020-6-170/RawData/lcNGS_2025/files/P36454/P36454_301/02-FASTQ/20250916_LH00202_0275_B233JYLLT4/P36454_301_S299_L003_R2_001.fastq.gz
22.1235	P36454_301.2	P36454P3	ILLUMINA	/cfs/klemming/projects/supr/snic2020-6-170/RawData/lcNGS_2025/files/P36454/P36454_301/02-FASTQ/20250916_LH00202_0275_B233JYLLT4/P36454_301_S299_L002_R1_001.fastq.gz	/cfs/klemming/projects/supr/snic2020-6-170/RawData/lcNGS_2025/files/P36454/P36454_301/02-FASTQ/20250916_LH00202_0275_B233JYLLT4/P36454_301_S299_L002_R2_001.fastq.gz
22.1239	P36454_302.2	P36454P3	ILLUMINA	/cfs/klemming/projects/supr/snic2020-6-170/RawData/lcNGS_2025/files/P36454/P36454_302/02-FASTQ/20250916_LH00202_0275_B233JYLLT4/P36454_302_S300_L002_R1_001.fastq.gz	/cfs/klemming/projects/supr/snic2020-6-170/RawData/lcNGS_2025/files/P36454/P36454_302/02-FASTQ/20250916_LH00202_0275_B233JYLLT4/P36454_302_S300_L002_R2_001.fastq.gz
22.1239	P36454_302.4	P36454P3	ILLUMINA	/cfs/klemming/projects/supr/snic2020-6-170/RawData/lcNGS_2025/files/P36454/P36454_302/02-FASTQ/20250916_LH00202_0275_B233JYLLT4/P36454_302_S300_L004_R1_001.fastq.gz	/cfs/klemming/projects/supr/snic2020-6-170/RawData/lcNGS_2025/files/P36454/P36454_302/02-FASTQ/20250916_LH00202_0275_B233JYLLT4/P36454_302_S300_L004_R2_001.fastq.gz
22.1239	P36454_302.3	P36454P3	ILLUMINA	/cfs/klemming/projects/supr/snic2020-6-170/RawData/lcNGS_2025/files/P36454/P36454_302/02-FASTQ/20250916_LH00202_0275_B233JYLLT4/P36454_302_S300_L003_R1_001.fastq.gz	/cfs/klemming/projects/supr/snic2020-6-170/RawData/lcNGS_2025/files/P36454/P36454_302/02-FASTQ/20250916_LH00202_0275_B233JYLLT4/P36454_302_S300_L003_R2_001.fastq.gz
22.1252	P36454_303.2	P36454P3	ILLUMINA	/cfs/klemming/projects/supr/snic2020-6-170/RawData/lcNGS_2025/files/P36454/P36454_303/02-FASTQ/20250916_LH00202_0275_B233JYLLT4/P36454_303_S301_L002_R1_001.fastq.gz	/cfs/klemming/projects/supr/snic2020-6-170/RawData/lcNGS_2025/files/P36454/P36454_303/02-FASTQ/20250916_LH00202_0275_B233JYLLT4/P36454_303_S301_L002_R2_001.fastq.gz
22.1252	P36454_303.4	P36454P3	ILLUMINA	/cfs/klemming/projects/supr/snic2020-6-170/RawData/lcNGS_2025/files/P36454/P36454_303/02-FASTQ/20250916_LH00202_0275_B233JYLLT4/P36454_303_S301_L004_R1_001.fastq.gz	/cfs/klemming/projects/supr/snic2020-6-170/RawData/lcNGS_2025/files/P36454/P36454_303/02-FASTQ/20250916_LH00202_0275_B233JYLLT4/P36454_303_S301_L004_R2_001.fastq.gz
22.1252	P36454_303.3	P36454P3	ILLUMINA	/cfs/klemming/projects/supr/snic2020-6-170/RawData/lcNGS_2025/files/P36454/P36454_303/02-FASTQ/20250916_LH00202_0275_B233JYLLT4/P36454_303_S301_L003_R1_001.fastq.gz	/cfs/klemming/projects/supr/snic2020-6-170/RawData/lcNGS_2025/files/P36454/P36454_303/02-FASTQ/20250916_LH00202_0275_B233JYLLT4/P36454_303_S301_L003_R2_001.fastq.gz
22.1425	P36454_304.3	P36454P3	ILLUMINA	/cfs/klemming/projects/supr/snic2020-6-170/RawData/lcNGS_2025/files/P36454/P36454_304/02-FASTQ/20250916_LH00202_0275_B233JYLLT4/P36454_304_S302_L003_R1_001.fastq.gz	/cfs/klemming/projects/supr/snic2020-6-170/RawData/lcNGS_2025/files/P36454/P36454_304/02-FASTQ/20250916_LH00202_0275_B233JYLLT4/P36454_304_S302_L003_R2_001.fastq.gz
22.1425	P36454_304.2	P36454P3	ILLUMINA	/cfs/klemming/projects/supr/snic2020-6-170/RawData/lcNGS_2025/files/P36454/P36454_304/02-FASTQ/20250916_LH00202_0275_B233JYLLT4/P36454_304_S302_L002_R1_001.fastq.gz	/cfs/klemming/projects/supr/snic2020-6-170/RawData/lcNGS_2025/files/P36454/P36454_304/02-FASTQ/20250916_LH00202_0275_B233JYLLT4/P36454_304_S302_L002_R2_001.fastq.gz
22.1425	P36454_304.4	P36454P3	ILLUMINA	/cfs/klemming/projects/supr/snic2020-6-170/RawData/lcNGS_2025/files/P36454/P36454_304/02-FASTQ/20250916_LH00202_0275_B233JYLLT4/P36454_304_S302_L004_R1_001.fastq.gz	/cfs/klemming/projects/supr/snic2020-6-170/RawData/lcNGS_2025/files/P36454/P36454_304/02-FASTQ/20250916_LH00202_0275_B233JYLLT4/P36454_304_S302_L004_R2_001.fastq.gz
22.1430	P36454_305.4	P36454P3	ILLUMINA	/cfs/klemming/projects/supr/snic2020-6-170/RawData/lcNGS_2025/files/P36454/P36454_305/02-FASTQ/20250916_LH00202_0275_B233JYLLT4/P36454_305_S303_L004_R1_001.fastq.gz	/cfs/klemming/projects/supr/snic2020-6-170/RawData/lcNGS_2025/files/P36454/P36454_305/02-FASTQ/20250916_LH00202_0275_B233JYLLT4/P36454_305_S303_L004_R2_001.fastq.gz
22.1430	P36454_305.3	P36454P3	ILLUMINA	/cfs/klemming/projects/supr/snic2020-6-170/RawData/lcNGS_2025/files/P36454/P36454_305/02-FASTQ/20250916_LH00202_0275_B233JYLLT4/P36454_305_S303_L003_R1_001.fastq.gz	/cfs/klemming/projects/supr/snic2020-6-170/RawData/lcNGS_2025/files/P36454/P36454_305/02-FASTQ/20250916_LH00202_0275_B233JYLLT4/P36454_305_S303_L003_R2_001.fastq.gz
22.1430	P36454_305.2	P36454P3	ILLUMINA	/cfs/klemming/projects/supr/snic2020-6-170/RawData/lcNGS_2025/files/P36454/P36454_305/02-FASTQ/20250916_LH00202_0275_B233JYLLT4/P36454_305_S303_L002_R1_001.fastq.gz	/cfs/klemming/projects/supr/snic2020-6-170/RawData/lcNGS_2025/files/P36454/P36454_305/02-FASTQ/20250916_LH00202_0275_B233JYLLT4/P36454_305_S303_L002_R2_001.fastq.gz
22.1435	P36454_306.4	P36454P3	ILLUMINA	/cfs/klemming/projects/supr/snic2020-6-170/RawData/lcNGS_2025/files/P36454/P36454_306/02-FASTQ/20250916_LH00202_0275_B233JYLLT4/P36454_306_S304_L004_R1_001.fastq.gz	/cfs/klemming/projects/supr/snic2020-6-170/RawData/lcNGS_2025/files/P36454/P36454_306/02-FASTQ/20250916_LH00202_0275_B233JYLLT4/P36454_306_S304_L004_R2_001.fastq.gz
22.1435	P36454_306.2	P36454P3	ILLUMINA	/cfs/klemming/projects/supr/snic2020-6-170/RawData/lcNGS_2025/files/P36454/P36454_306/02-FASTQ/20250916_LH00202_0275_B233JYLLT4/P36454_306_S304_L002_R1_001.fastq.gz	/cfs/klemming/projects/supr/snic2020-6-170/RawData/lcNGS_2025/files/P36454/P36454_306/02-FASTQ/20250916_LH00202_0275_B233JYLLT4/P36454_306_S304_L002_R2_001.fastq.gz
22.1435	P36454_306.3	P36454P3	ILLUMINA	/cfs/klemming/projects/supr/snic2020-6-170/RawData/lcNGS_2025/files/P36454/P36454_306/02-FASTQ/20250916_LH00202_0275_B233JYLLT4/P36454_306_S304_L003_R1_001.fastq.gz	/cfs/klemming/projects/supr/snic2020-6-170/RawData/lcNGS_2025/files/P36454/P36454_306/02-FASTQ/20250916_LH00202_0275_B233JYLLT4/P36454_306_S304_L003_R2_001.fastq.gz
22.1443	P36454_307.4	P36454P3	ILLUMINA	/cfs/klemming/projects/supr/snic2020-6-170/RawData/lcNGS_2025/files/P36454/P36454_307/02-FASTQ/20250916_LH00202_0275_B233JYLLT4/P36454_307_S305_L004_R1_001.fastq.gz	/cfs/klemming/projects/supr/snic2020-6-170/RawData/lcNGS_2025/files/P36454/P36454_307/02-FASTQ/20250916_LH00202_0275_B233JYLLT4/P36454_307_S305_L004_R2_001.fastq.gz
22.1443	P36454_307.2	P36454P3	ILLUMINA	/cfs/klemming/projects/supr/snic2020-6-170/RawData/lcNGS_2025/files/P36454/P36454_307/02-FASTQ/20250916_LH00202_0275_B233JYLLT4/P36454_307_S305_L002_R1_001.fastq.gz	/cfs/klemming/projects/supr/snic2020-6-170/RawData/lcNGS_2025/files/P36454/P36454_307/02-FASTQ/20250916_LH00202_0275_B233JYLLT4/P36454_307_S305_L002_R2_001.fastq.gz
22.1443	P36454_307.3	P36454P3	ILLUMINA	/cfs/klemming/projects/supr/snic2020-6-170/RawData/lcNGS_2025/files/P36454/P36454_307/02-FASTQ/20250916_LH00202_0275_B233JYLLT4/P36454_307_S305_L003_R1_001.fastq.gz	/cfs/klemming/projects/supr/snic2020-6-170/RawData/lcNGS_2025/files/P36454/P36454_307/02-FASTQ/20250916_LH00202_0275_B233JYLLT4/P36454_307_S305_L003_R2_001.fastq.gz
22.1449	P36454_308.2	P36454P3	ILLUMINA	/cfs/klemming/projects/supr/snic2020-6-170/RawData/lcNGS_2025/files/P36454/P36454_308/02-FASTQ/20250916_LH00202_0275_B233JYLLT4/P36454_308_S306_L002_R1_001.fastq.gz	/cfs/klemming/projects/supr/snic2020-6-170/RawData/lcNGS_2025/files/P36454/P36454_308/02-FASTQ/20250916_LH00202_0275_B233JYLLT4/P36454_308_S306_L002_R2_001.fastq.gz
22.1449	P36454_308.4	P36454P3	ILLUMINA	/cfs/klemming/projects/supr/snic2020-6-170/RawData/lcNGS_2025/files/P36454/P36454_308/02-FASTQ/20250916_LH00202_0275_B233JYLLT4/P36454_308_S306_L004_R1_001.fastq.gz	/cfs/klemming/projects/supr/snic2020-6-170/RawData/lcNGS_2025/files/P36454/P36454_308/02-FASTQ/20250916_LH00202_0275_B233JYLLT4/P36454_308_S306_L004_R2_001.fastq.gz
22.1449	P36454_308.3	P36454P3	ILLUMINA	/cfs/klemming/projects/supr/snic2020-6-170/RawData/lcNGS_2025/files/P36454/P36454_308/02-FASTQ/20250916_LH00202_0275_B233JYLLT4/P36454_308_S306_L003_R1_001.fastq.gz	/cfs/klemming/projects/supr/snic2020-6-170/RawData/lcNGS_2025/files/P36454/P36454_308/02-FASTQ/20250916_LH00202_0275_B233JYLLT4/P36454_308_S306_L003_R2_001.fastq.gz
22.1450	P36454_309.2	P36454P3	ILLUMINA	/cfs/klemming/projects/supr/snic2020-6-170/RawData/lcNGS_2025/files/P36454/P36454_309/02-FASTQ/20250916_LH00202_0275_B233JYLLT4/P36454_309_S307_L002_R1_001.fastq.gz	/cfs/klemming/projects/supr/snic2020-6-170/RawData/lcNGS_2025/files/P36454/P36454_309/02-FASTQ/20250916_LH00202_0275_B233JYLLT4/P36454_309_S307_L002_R2_001.fastq.gz
22.1450	P36454_309.4	P36454P3	ILLUMINA	/cfs/klemming/projects/supr/snic2020-6-170/RawData/lcNGS_2025/files/P36454/P36454_309/02-FASTQ/20250916_LH00202_0275_B233JYLLT4/P36454_309_S307_L004_R1_001.fastq.gz	/cfs/klemming/projects/supr/snic2020-6-170/RawData/lcNGS_2025/files/P36454/P36454_309/02-FASTQ/20250916_LH00202_0275_B233JYLLT4/P36454_309_S307_L004_R2_001.fastq.gz
22.1450	P36454_309.3	P36454P3	ILLUMINA	/cfs/klemming/projects/supr/snic2020-6-170/RawData/lcNGS_2025/files/P36454/P36454_309/02-FASTQ/20250916_LH00202_0275_B233JYLLT4/P36454_309_S307_L003_R1_001.fastq.gz	/cfs/klemming/projects/supr/snic2020-6-170/RawData/lcNGS_2025/files/P36454/P36454_309/02-FASTQ/20250916_LH00202_0275_B233JYLLT4/P36454_309_S307_L003_R2_001.fastq.gz
22.1500	P36454_310.2	P36454P3	ILLUMINA	/cfs/klemming/projects/supr/snic2020-6-170/RawData/lcNGS_2025/files/P36454/P36454_310/02-FASTQ/20250916_LH00202_0275_B233JYLLT4/P36454_310_S308_L002_R1_001.fastq.gz	/cfs/klemming/projects/supr/snic2020-6-170/RawData/lcNGS_2025/files/P36454/P36454_310/02-FASTQ/20250916_LH00202_0275_B233JYLLT4/P36454_310_S308_L002_R2_001.fastq.gz
22.1500	P36454_310.3	P36454P3	ILLUMINA	/cfs/klemming/projects/supr/snic2020-6-170/RawData/lcNGS_2025/files/P36454/P36454_310/02-FASTQ/20250916_LH00202_0275_B233JYLLT4/P36454_310_S308_L003_R1_001.fastq.gz	/cfs/klemming/projects/supr/snic2020-6-170/RawData/lcNGS_2025/files/P36454/P36454_310/02-FASTQ/20250916_LH00202_0275_B233JYLLT4/P36454_310_S308_L003_R2_001.fastq.gz
22.1500	P36454_310.4	P36454P3	ILLUMINA	/cfs/klemming/projects/supr/snic2020-6-170/RawData/lcNGS_2025/files/P36454/P36454_310/02-FASTQ/20250916_LH00202_0275_B233JYLLT4/P36454_310_S308_L004_R1_001.fastq.gz	/cfs/klemming/projects/supr/snic2020-6-170/RawData/lcNGS_2025/files/P36454/P36454_310/02-FASTQ/20250916_LH00202_0275_B233JYLLT4/P36454_310_S308_L004_R2_001.fastq.gz
22.1799	P36454_311.4	P36454P3	ILLUMINA	/cfs/klemming/projects/supr/snic2020-6-170/RawData/lcNGS_2025/files/P36454/P36454_311/02-FASTQ/20250916_LH00202_0275_B233JYLLT4/P36454_311_S309_L004_R1_001.fastq.gz	/cfs/klemming/projects/supr/snic2020-6-170/RawData/lcNGS_2025/files/P36454/P36454_311/02-FASTQ/20250916_LH00202_0275_B233JYLLT4/P36454_311_S309_L004_R2_001.fastq.gz
22.1799	P36454_311.2	P36454P3	ILLUMINA	/cfs/klemming/projects/supr/snic2020-6-170/RawData/lcNGS_2025/files/P36454/P36454_311/02-FASTQ/20250916_LH00202_0275_B233JYLLT4/P36454_311_S309_L002_R1_001.fastq.gz	/cfs/klemming/projects/supr/snic2020-6-170/RawData/lcNGS_2025/files/P36454/P36454_311/02-FASTQ/20250916_LH00202_0275_B233JYLLT4/P36454_311_S309_L002_R2_001.fastq.gz
22.1799	P36454_311.3	P36454P3	ILLUMINA	/cfs/klemming/projects/supr/snic2020-6-170/RawData/lcNGS_2025/files/P36454/P36454_311/02-FASTQ/20250916_LH00202_0275_B233JYLLT4/P36454_311_S309_L003_R1_001.fastq.gz	/cfs/klemming/projects/supr/snic2020-6-170/RawData/lcNGS_2025/files/P36454/P36454_311/02-FASTQ/20250916_LH00202_0275_B233JYLLT4/P36454_311_S309_L003_R2_001.fastq.gz
22.1800	P36454_312.3	P36454P3	ILLUMINA	/cfs/klemming/projects/supr/snic2020-6-170/RawData/lcNGS_2025/files/P36454/P36454_312/02-FASTQ/20250916_LH00202_0275_B233JYLLT4/P36454_312_S310_L003_R1_001.fastq.gz	/cfs/klemming/projects/supr/snic2020-6-170/RawData/lcNGS_2025/files/P36454/P36454_312/02-FASTQ/20250916_LH00202_0275_B233JYLLT4/P36454_312_S310_L003_R2_001.fastq.gz
22.1800	P36454_312.2	P36454P3	ILLUMINA	/cfs/klemming/projects/supr/snic2020-6-170/RawData/lcNGS_2025/files/P36454/P36454_312/02-FASTQ/20250916_LH00202_0275_B233JYLLT4/P36454_312_S310_L002_R1_001.fastq.gz	/cfs/klemming/projects/supr/snic2020-6-170/RawData/lcNGS_2025/files/P36454/P36454_312/02-FASTQ/20250916_LH00202_0275_B233JYLLT4/P36454_312_S310_L002_R2_001.fastq.gz
22.1800	P36454_312.4	P36454P3	ILLUMINA	/cfs/klemming/projects/supr/snic2020-6-170/RawData/lcNGS_2025/files/P36454/P36454_312/02-FASTQ/20250916_LH00202_0275_B233JYLLT4/P36454_312_S310_L004_R1_001.fastq.gz	/cfs/klemming/projects/supr/snic2020-6-170/RawData/lcNGS_2025/files/P36454/P36454_312/02-FASTQ/20250916_LH00202_0275_B233JYLLT4/P36454_312_S310_L004_R2_001.fastq.gz
22.1832	P36454_313.2	P36454P3	ILLUMINA	/cfs/klemming/projects/supr/snic2020-6-170/RawData/lcNGS_2025/files/P36454/P36454_313/02-FASTQ/20250916_LH00202_0275_B233JYLLT4/P36454_313_S311_L002_R1_001.fastq.gz	/cfs/klemming/projects/supr/snic2020-6-170/RawData/lcNGS_2025/files/P36454/P36454_313/02-FASTQ/20250916_LH00202_0275_B233JYLLT4/P36454_313_S311_L002_R2_001.fastq.gz
22.1832	P36454_313.4	P36454P3	ILLUMINA	/cfs/klemming/projects/supr/snic2020-6-170/RawData/lcNGS_2025/files/P36454/P36454_313/02-FASTQ/20250916_LH00202_0275_B233JYLLT4/P36454_313_S311_L004_R1_001.fastq.gz	/cfs/klemming/projects/supr/snic2020-6-170/RawData/lcNGS_2025/files/P36454/P36454_313/02-FASTQ/20250916_LH00202_0275_B233JYLLT4/P36454_313_S311_L004_R2_001.fastq.gz
22.1832	P36454_313.3	P36454P3	ILLUMINA	/cfs/klemming/projects/supr/snic2020-6-170/RawData/lcNGS_2025/files/P36454/P36454_313/02-FASTQ/20250916_LH00202_0275_B233JYLLT4/P36454_313_S311_L003_R1_001.fastq.gz	/cfs/klemming/projects/supr/snic2020-6-170/RawData/lcNGS_2025/files/P36454/P36454_313/02-FASTQ/20250916_LH00202_0275_B233JYLLT4/P36454_313_S311_L003_R2_001.fastq.gz
22.1833	P36454_314.4	P36454P3	ILLUMINA	/cfs/klemming/projects/supr/snic2020-6-170/RawData/lcNGS_2025/files/P36454/P36454_314/02-FASTQ/20250916_LH00202_0275_B233JYLLT4/P36454_314_S312_L004_R1_001.fastq.gz	/cfs/klemming/projects/supr/snic2020-6-170/RawData/lcNGS_2025/files/P36454/P36454_314/02-FASTQ/20250916_LH00202_0275_B233JYLLT4/P36454_314_S312_L004_R2_001.fastq.gz
22.1833	P36454_314.2	P36454P3	ILLUMINA	/cfs/klemming/projects/supr/snic2020-6-170/RawData/lcNGS_2025/files/P36454/P36454_314/02-FASTQ/20250916_LH00202_0275_B233JYLLT4/P36454_314_S312_L002_R1_001.fastq.gz	/cfs/klemming/projects/supr/snic2020-6-170/RawData/lcNGS_2025/files/P36454/P36454_314/02-FASTQ/20250916_LH00202_0275_B233JYLLT4/P36454_314_S312_L002_R2_001.fastq.gz
22.1833	P36454_314.3	P36454P3	ILLUMINA	/cfs/klemming/projects/supr/snic2020-6-170/RawData/lcNGS_2025/files/P36454/P36454_314/02-FASTQ/20250916_LH00202_0275_B233JYLLT4/P36454_314_S312_L003_R1_001.fastq.gz	/cfs/klemming/projects/supr/snic2020-6-170/RawData/lcNGS_2025/files/P36454/P36454_314/02-FASTQ/20250916_LH00202_0275_B233JYLLT4/P36454_314_S312_L003_R2_001.fastq.gz
22.1839	P36454_315.2	P36454P3	ILLUMINA	/cfs/klemming/projects/supr/snic2020-6-170/RawData/lcNGS_2025/files/P36454/P36454_315/02-FASTQ/20250916_LH00202_0275_B233JYLLT4/P36454_315_S313_L002_R1_001.fastq.gz	/cfs/klemming/projects/supr/snic2020-6-170/RawData/lcNGS_2025/files/P36454/P36454_315/02-FASTQ/20250916_LH00202_0275_B233JYLLT4/P36454_315_S313_L002_R2_001.fastq.gz
22.1839	P36454_315.3	P36454P3	ILLUMINA	/cfs/klemming/projects/supr/snic2020-6-170/RawData/lcNGS_2025/files/P36454/P36454_315/02-FASTQ/20250916_LH00202_0275_B233JYLLT4/P36454_315_S313_L003_R1_001.fastq.gz	/cfs/klemming/projects/supr/snic2020-6-170/RawData/lcNGS_2025/files/P36454/P36454_315/02-FASTQ/20250916_LH00202_0275_B233JYLLT4/P36454_315_S313_L003_R2_001.fastq.gz
22.1839	P36454_315.4	P36454P3	ILLUMINA	/cfs/klemming/projects/supr/snic2020-6-170/RawData/lcNGS_2025/files/P36454/P36454_315/02-FASTQ/20250916_LH00202_0275_B233JYLLT4/P36454_315_S313_L004_R1_001.fastq.gz	/cfs/klemming/projects/supr/snic2020-6-170/RawData/lcNGS_2025/files/P36454/P36454_315/02-FASTQ/20250916_LH00202_0275_B233JYLLT4/P36454_315_S313_L004_R2_001.fastq.gz
22.1844	P36454_316.4	P36454P3	ILLUMINA	/cfs/klemming/projects/supr/snic2020-6-170/RawData/lcNGS_2025/files/P36454/P36454_316/02-FASTQ/20250916_LH00202_0275_B233JYLLT4/P36454_316_S314_L004_R1_001.fastq.gz	/cfs/klemming/projects/supr/snic2020-6-170/RawData/lcNGS_2025/files/P36454/P36454_316/02-FASTQ/20250916_LH00202_0275_B233JYLLT4/P36454_316_S314_L004_R2_001.fastq.gz
22.1844	P36454_316.2	P36454P3	ILLUMINA	/cfs/klemming/projects/supr/snic2020-6-170/RawData/lcNGS_2025/files/P36454/P36454_316/02-FASTQ/20250916_LH00202_0275_B233JYLLT4/P36454_316_S314_L002_R1_001.fastq.gz	/cfs/klemming/projects/supr/snic2020-6-170/RawData/lcNGS_2025/files/P36454/P36454_316/02-FASTQ/20250916_LH00202_0275_B233JYLLT4/P36454_316_S314_L002_R2_001.fastq.gz
22.1844	P36454_316.3	P36454P3	ILLUMINA	/cfs/klemming/projects/supr/snic2020-6-170/RawData/lcNGS_2025/files/P36454/P36454_316/02-FASTQ/20250916_LH00202_0275_B233JYLLT4/P36454_316_S314_L003_R1_001.fastq.gz	/cfs/klemming/projects/supr/snic2020-6-170/RawData/lcNGS_2025/files/P36454/P36454_316/02-FASTQ/20250916_LH00202_0275_B233JYLLT4/P36454_316_S314_L003_R2_001.fastq.gz
23.778	P36454_317.3	P36454P3	ILLUMINA	/cfs/klemming/projects/supr/snic2020-6-170/RawData/lcNGS_2025/files/P36454/P36454_317/02-FASTQ/20250916_LH00202_0275_B233JYLLT4/P36454_317_S315_L003_R1_001.fastq.gz	/cfs/klemming/projects/supr/snic2020-6-170/RawData/lcNGS_2025/files/P36454/P36454_317/02-FASTQ/20250916_LH00202_0275_B233JYLLT4/P36454_317_S315_L003_R2_001.fastq.gz
23.778	P36454_317.4	P36454P3	ILLUMINA	/cfs/klemming/projects/supr/snic2020-6-170/RawData/lcNGS_2025/files/P36454/P36454_317/02-FASTQ/20250916_LH00202_0275_B233JYLLT4/P36454_317_S315_L004_R1_001.fastq.gz	/cfs/klemming/projects/supr/snic2020-6-170/RawData/lcNGS_2025/files/P36454/P36454_317/02-FASTQ/20250916_LH00202_0275_B233JYLLT4/P36454_317_S315_L004_R2_001.fastq.gz
23.778	P36454_317.2	P36454P3	ILLUMINA	/cfs/klemming/projects/supr/snic2020-6-170/RawData/lcNGS_2025/files/P36454/P36454_317/02-FASTQ/20250916_LH00202_0275_B233JYLLT4/P36454_317_S315_L002_R1_001.fastq.gz	/cfs/klemming/projects/supr/snic2020-6-170/RawData/lcNGS_2025/files/P36454/P36454_317/02-FASTQ/20250916_LH00202_0275_B233JYLLT4/P36454_317_S315_L002_R2_001.fastq.gz
23.779	P36454_318.2	P36454P3	ILLUMINA	/cfs/klemming/projects/supr/snic2020-6-170/RawData/lcNGS_2025/files/P36454/P36454_318/02-FASTQ/20250916_LH00202_0275_B233JYLLT4/P36454_318_S316_L002_R1_001.fastq.gz	/cfs/klemming/projects/supr/snic2020-6-170/RawData/lcNGS_2025/files/P36454/P36454_318/02-FASTQ/20250916_LH00202_0275_B233JYLLT4/P36454_318_S316_L002_R2_001.fastq.gz
23.779	P36454_318.4	P36454P3	ILLUMINA	/cfs/klemming/projects/supr/snic2020-6-170/RawData/lcNGS_2025/files/P36454/P36454_318/02-FASTQ/20250916_LH00202_0275_B233JYLLT4/P36454_318_S316_L004_R1_001.fastq.gz	/cfs/klemming/projects/supr/snic2020-6-170/RawData/lcNGS_2025/files/P36454/P36454_318/02-FASTQ/20250916_LH00202_0275_B233JYLLT4/P36454_318_S316_L004_R2_001.fastq.gz
23.779	P36454_318.3	P36454P3	ILLUMINA	/cfs/klemming/projects/supr/snic2020-6-170/RawData/lcNGS_2025/files/P36454/P36454_318/02-FASTQ/20250916_LH00202_0275_B233JYLLT4/P36454_318_S316_L003_R1_001.fastq.gz	/cfs/klemming/projects/supr/snic2020-6-170/RawData/lcNGS_2025/files/P36454/P36454_318/02-FASTQ/20250916_LH00202_0275_B233JYLLT4/P36454_318_S316_L003_R2_001.fastq.gz
23.798	P36454_319.4	P36454P3	ILLUMINA	/cfs/klemming/projects/supr/snic2020-6-170/RawData/lcNGS_2025/files/P36454/P36454_319/02-FASTQ/20250916_LH00202_0275_B233JYLLT4/P36454_319_S317_L004_R1_001.fastq.gz	/cfs/klemming/projects/supr/snic2020-6-170/RawData/lcNGS_2025/files/P36454/P36454_319/02-FASTQ/20250916_LH00202_0275_B233JYLLT4/P36454_319_S317_L004_R2_001.fastq.gz
23.798	P36454_319.3	P36454P3	ILLUMINA	/cfs/klemming/projects/supr/snic2020-6-170/RawData/lcNGS_2025/files/P36454/P36454_319/02-FASTQ/20250916_LH00202_0275_B233JYLLT4/P36454_319_S317_L003_R1_001.fastq.gz	/cfs/klemming/projects/supr/snic2020-6-170/RawData/lcNGS_2025/files/P36454/P36454_319/02-FASTQ/20250916_LH00202_0275_B233JYLLT4/P36454_319_S317_L003_R2_001.fastq.gz
23.798	P36454_319.2	P36454P3	ILLUMINA	/cfs/klemming/projects/supr/snic2020-6-170/RawData/lcNGS_2025/files/P36454/P36454_319/02-FASTQ/20250916_LH00202_0275_B233JYLLT4/P36454_319_S317_L002_R1_001.fastq.gz	/cfs/klemming/projects/supr/snic2020-6-170/RawData/lcNGS_2025/files/P36454/P36454_319/02-FASTQ/20250916_LH00202_0275_B233JYLLT4/P36454_319_S317_L002_R2_001.fastq.gz
23.799	P36454_320.4	P36454P3	ILLUMINA	/cfs/klemming/projects/supr/snic2020-6-170/RawData/lcNGS_2025/files/P36454/P36454_320/02-FASTQ/20250916_LH00202_0275_B233JYLLT4/P36454_320_S318_L004_R1_001.fastq.gz	/cfs/klemming/projects/supr/snic2020-6-170/RawData/lcNGS_2025/files/P36454/P36454_320/02-FASTQ/20250916_LH00202_0275_B233JYLLT4/P36454_320_S318_L004_R2_001.fastq.gz
23.799	P36454_320.3	P36454P3	ILLUMINA	/cfs/klemming/projects/supr/snic2020-6-170/RawData/lcNGS_2025/files/P36454/P36454_320/02-FASTQ/20250916_LH00202_0275_B233JYLLT4/P36454_320_S318_L003_R1_001.fastq.gz	/cfs/klemming/projects/supr/snic2020-6-170/RawData/lcNGS_2025/files/P36454/P36454_320/02-FASTQ/20250916_LH00202_0275_B233JYLLT4/P36454_320_S318_L003_R2_001.fastq.gz
23.799	P36454_320.2	P36454P3	ILLUMINA	/cfs/klemming/projects/supr/snic2020-6-170/RawData/lcNGS_2025/files/P36454/P36454_320/02-FASTQ/20250916_LH00202_0275_B233JYLLT4/P36454_320_S318_L002_R1_001.fastq.gz	/cfs/klemming/projects/supr/snic2020-6-170/RawData/lcNGS_2025/files/P36454/P36454_320/02-FASTQ/20250916_LH00202_0275_B233JYLLT4/P36454_320_S318_L002_R2_001.fastq.gz
23.802	P36454_321.2	P36454P3	ILLUMINA	/cfs/klemming/projects/supr/snic2020-6-170/RawData/lcNGS_2025/files/P36454/P36454_321/02-FASTQ/20250916_LH00202_0275_B233JYLLT4/P36454_321_S319_L002_R1_001.fastq.gz	/cfs/klemming/projects/supr/snic2020-6-170/RawData/lcNGS_2025/files/P36454/P36454_321/02-FASTQ/20250916_LH00202_0275_B233JYLLT4/P36454_321_S319_L002_R2_001.fastq.gz
23.802	P36454_321.4	P36454P3	ILLUMINA	/cfs/klemming/projects/supr/snic2020-6-170/RawData/lcNGS_2025/files/P36454/P36454_321/02-FASTQ/20250916_LH00202_0275_B233JYLLT4/P36454_321_S319_L004_R1_001.fastq.gz	/cfs/klemming/projects/supr/snic2020-6-170/RawData/lcNGS_2025/files/P36454/P36454_321/02-FASTQ/20250916_LH00202_0275_B233JYLLT4/P36454_321_S319_L004_R2_001.fastq.gz
23.802	P36454_321.3	P36454P3	ILLUMINA	/cfs/klemming/projects/supr/snic2020-6-170/RawData/lcNGS_2025/files/P36454/P36454_321/02-FASTQ/20250916_LH00202_0275_B233JYLLT4/P36454_321_S319_L003_R1_001.fastq.gz	/cfs/klemming/projects/supr/snic2020-6-170/RawData/lcNGS_2025/files/P36454/P36454_321/02-FASTQ/20250916_LH00202_0275_B233JYLLT4/P36454_321_S319_L003_R2_001.fastq.gz
23.806	P36454_322.4	P36454P3	ILLUMINA	/cfs/klemming/projects/supr/snic2020-6-170/RawData/lcNGS_2025/files/P36454/P36454_322/02-FASTQ/20250916_LH00202_0275_B233JYLLT4/P36454_322_S320_L004_R1_001.fastq.gz	/cfs/klemming/projects/supr/snic2020-6-170/RawData/lcNGS_2025/files/P36454/P36454_322/02-FASTQ/20250916_LH00202_0275_B233JYLLT4/P36454_322_S320_L004_R2_001.fastq.gz
23.806	P36454_322.2	P36454P3	ILLUMINA	/cfs/klemming/projects/supr/snic2020-6-170/RawData/lcNGS_2025/files/P36454/P36454_322/02-FASTQ/20250916_LH00202_0275_B233JYLLT4/P36454_322_S320_L002_R1_001.fastq.gz	/cfs/klemming/projects/supr/snic2020-6-170/RawData/lcNGS_2025/files/P36454/P36454_322/02-FASTQ/20250916_LH00202_0275_B233JYLLT4/P36454_322_S320_L002_R2_001.fastq.gz
23.806	P36454_322.3	P36454P3	ILLUMINA	/cfs/klemming/projects/supr/snic2020-6-170/RawData/lcNGS_2025/files/P36454/P36454_322/02-FASTQ/20250916_LH00202_0275_B233JYLLT4/P36454_322_S320_L003_R1_001.fastq.gz	/cfs/klemming/projects/supr/snic2020-6-170/RawData/lcNGS_2025/files/P36454/P36454_322/02-FASTQ/20250916_LH00202_0275_B233JYLLT4/P36454_322_S320_L003_R2_001.fastq.gz
23.809	P36454_323.3	P36454P3	ILLUMINA	/cfs/klemming/projects/supr/snic2020-6-170/RawData/lcNGS_2025/files/P36454/P36454_323/02-FASTQ/20250916_LH00202_0275_B233JYLLT4/P36454_323_S321_L003_R1_001.fastq.gz	/cfs/klemming/projects/supr/snic2020-6-170/RawData/lcNGS_2025/files/P36454/P36454_323/02-FASTQ/20250916_LH00202_0275_B233JYLLT4/P36454_323_S321_L003_R2_001.fastq.gz
23.809	P36454_323.4	P36454P3	ILLUMINA	/cfs/klemming/projects/supr/snic2020-6-170/RawData/lcNGS_2025/files/P36454/P36454_323/02-FASTQ/20250916_LH00202_0275_B233JYLLT4/P36454_323_S321_L004_R1_001.fastq.gz	/cfs/klemming/projects/supr/snic2020-6-170/RawData/lcNGS_2025/files/P36454/P36454_323/02-FASTQ/20250916_LH00202_0275_B233JYLLT4/P36454_323_S321_L004_R2_001.fastq.gz
23.809	P36454_323.2	P36454P3	ILLUMINA	/cfs/klemming/projects/supr/snic2020-6-170/RawData/lcNGS_2025/files/P36454/P36454_323/02-FASTQ/20250916_LH00202_0275_B233JYLLT4/P36454_323_S321_L002_R1_001.fastq.gz	/cfs/klemming/projects/supr/snic2020-6-170/RawData/lcNGS_2025/files/P36454/P36454_323/02-FASTQ/20250916_LH00202_0275_B233JYLLT4/P36454_323_S321_L002_R2_001.fastq.gz
23.818	P36454_324.4	P36454P3	ILLUMINA	/cfs/klemming/projects/supr/snic2020-6-170/RawData/lcNGS_2025/files/P36454/P36454_324/02-FASTQ/20250916_LH00202_0275_B233JYLLT4/P36454_324_S322_L004_R1_001.fastq.gz	/cfs/klemming/projects/supr/snic2020-6-170/RawData/lcNGS_2025/files/P36454/P36454_324/02-FASTQ/20250916_LH00202_0275_B233JYLLT4/P36454_324_S322_L004_R2_001.fastq.gz
23.818	P36454_324.3	P36454P3	ILLUMINA	/cfs/klemming/projects/supr/snic2020-6-170/RawData/lcNGS_2025/files/P36454/P36454_324/02-FASTQ/20250916_LH00202_0275_B233JYLLT4/P36454_324_S322_L003_R1_001.fastq.gz	/cfs/klemming/projects/supr/snic2020-6-170/RawData/lcNGS_2025/files/P36454/P36454_324/02-FASTQ/20250916_LH00202_0275_B233JYLLT4/P36454_324_S322_L003_R2_001.fastq.gz
23.818	P36454_324.2	P36454P3	ILLUMINA	/cfs/klemming/projects/supr/snic2020-6-170/RawData/lcNGS_2025/files/P36454/P36454_324/02-FASTQ/20250916_LH00202_0275_B233JYLLT4/P36454_324_S322_L002_R1_001.fastq.gz	/cfs/klemming/projects/supr/snic2020-6-170/RawData/lcNGS_2025/files/P36454/P36454_324/02-FASTQ/20250916_LH00202_0275_B233JYLLT4/P36454_324_S322_L002_R2_001.fastq.gz
23.819	P36454_325.3	P36454P3	ILLUMINA	/cfs/klemming/projects/supr/snic2020-6-170/RawData/lcNGS_2025/files/P36454/P36454_325/02-FASTQ/20250916_LH00202_0275_B233JYLLT4/P36454_325_S323_L003_R1_001.fastq.gz	/cfs/klemming/projects/supr/snic2020-6-170/RawData/lcNGS_2025/files/P36454/P36454_325/02-FASTQ/20250916_LH00202_0275_B233JYLLT4/P36454_325_S323_L003_R2_001.fastq.gz
23.819	P36454_325.2	P36454P3	ILLUMINA	/cfs/klemming/projects/supr/snic2020-6-170/RawData/lcNGS_2025/files/P36454/P36454_325/02-FASTQ/20250916_LH00202_0275_B233JYLLT4/P36454_325_S323_L002_R1_001.fastq.gz	/cfs/klemming/projects/supr/snic2020-6-170/RawData/lcNGS_2025/files/P36454/P36454_325/02-FASTQ/20250916_LH00202_0275_B233JYLLT4/P36454_325_S323_L002_R2_001.fastq.gz
23.819	P36454_325.4	P36454P3	ILLUMINA	/cfs/klemming/projects/supr/snic2020-6-170/RawData/lcNGS_2025/files/P36454/P36454_325/02-FASTQ/20250916_LH00202_0275_B233JYLLT4/P36454_325_S323_L004_R1_001.fastq.gz	/cfs/klemming/projects/supr/snic2020-6-170/RawData/lcNGS_2025/files/P36454/P36454_325/02-FASTQ/20250916_LH00202_0275_B233JYLLT4/P36454_325_S323_L004_R2_001.fastq.gz
23.875	P36454_326.2	P36454P3	ILLUMINA	/cfs/klemming/projects/supr/snic2020-6-170/RawData/lcNGS_2025/files/P36454/P36454_326/02-FASTQ/20250916_LH00202_0275_B233JYLLT4/P36454_326_S324_L002_R1_001.fastq.gz	/cfs/klemming/projects/supr/snic2020-6-170/RawData/lcNGS_2025/files/P36454/P36454_326/02-FASTQ/20250916_LH00202_0275_B233JYLLT4/P36454_326_S324_L002_R2_001.fastq.gz
23.875	P36454_326.3	P36454P3	ILLUMINA	/cfs/klemming/projects/supr/snic2020-6-170/RawData/lcNGS_2025/files/P36454/P36454_326/02-FASTQ/20250916_LH00202_0275_B233JYLLT4/P36454_326_S324_L003_R1_001.fastq.gz	/cfs/klemming/projects/supr/snic2020-6-170/RawData/lcNGS_2025/files/P36454/P36454_326/02-FASTQ/20250916_LH00202_0275_B233JYLLT4/P36454_326_S324_L003_R2_001.fastq.gz
23.875	P36454_326.4	P36454P3	ILLUMINA	/cfs/klemming/projects/supr/snic2020-6-170/RawData/lcNGS_2025/files/P36454/P36454_326/02-FASTQ/20250916_LH00202_0275_B233JYLLT4/P36454_326_S324_L004_R1_001.fastq.gz	/cfs/klemming/projects/supr/snic2020-6-170/RawData/lcNGS_2025/files/P36454/P36454_326/02-FASTQ/20250916_LH00202_0275_B233JYLLT4/P36454_326_S324_L004_R2_001.fastq.gz
23.978	P36454_327.2	P36454P3	ILLUMINA	/cfs/klemming/projects/supr/snic2020-6-170/RawData/lcNGS_2025/files/P36454/P36454_327/02-FASTQ/20250916_LH00202_0275_B233JYLLT4/P36454_327_S325_L002_R1_001.fastq.gz	/cfs/klemming/projects/supr/snic2020-6-170/RawData/lcNGS_2025/files/P36454/P36454_327/02-FASTQ/20250916_LH00202_0275_B233JYLLT4/P36454_327_S325_L002_R2_001.fastq.gz
23.978	P36454_327.4	P36454P3	ILLUMINA	/cfs/klemming/projects/supr/snic2020-6-170/RawData/lcNGS_2025/files/P36454/P36454_327/02-FASTQ/20250916_LH00202_0275_B233JYLLT4/P36454_327_S325_L004_R1_001.fastq.gz	/cfs/klemming/projects/supr/snic2020-6-170/RawData/lcNGS_2025/files/P36454/P36454_327/02-FASTQ/20250916_LH00202_0275_B233JYLLT4/P36454_327_S325_L004_R2_001.fastq.gz
23.978	P36454_327.3	P36454P3	ILLUMINA	/cfs/klemming/projects/supr/snic2020-6-170/RawData/lcNGS_2025/files/P36454/P36454_327/02-FASTQ/20250916_LH00202_0275_B233JYLLT4/P36454_327_S325_L003_R1_001.fastq.gz	/cfs/klemming/projects/supr/snic2020-6-170/RawData/lcNGS_2025/files/P36454/P36454_327/02-FASTQ/20250916_LH00202_0275_B233JYLLT4/P36454_327_S325_L003_R2_001.fastq.gz
23.1064	P36454_328.3	P36454P3	ILLUMINA	/cfs/klemming/projects/supr/snic2020-6-170/RawData/lcNGS_2025/files/P36454/P36454_328/02-FASTQ/20250916_LH00202_0275_B233JYLLT4/P36454_328_S326_L003_R1_001.fastq.gz	/cfs/klemming/projects/supr/snic2020-6-170/RawData/lcNGS_2025/files/P36454/P36454_328/02-FASTQ/20250916_LH00202_0275_B233JYLLT4/P36454_328_S326_L003_R2_001.fastq.gz
23.1064	P36454_328.2	P36454P3	ILLUMINA	/cfs/klemming/projects/supr/snic2020-6-170/RawData/lcNGS_2025/files/P36454/P36454_328/02-FASTQ/20250916_LH00202_0275_B233JYLLT4/P36454_328_S326_L002_R1_001.fastq.gz	/cfs/klemming/projects/supr/snic2020-6-170/RawData/lcNGS_2025/files/P36454/P36454_328/02-FASTQ/20250916_LH00202_0275_B233JYLLT4/P36454_328_S326_L002_R2_001.fastq.gz
23.1064	P36454_328.4	P36454P3	ILLUMINA	/cfs/klemming/projects/supr/snic2020-6-170/RawData/lcNGS_2025/files/P36454/P36454_328/02-FASTQ/20250916_LH00202_0275_B233JYLLT4/P36454_328_S326_L004_R1_001.fastq.gz	/cfs/klemming/projects/supr/snic2020-6-170/RawData/lcNGS_2025/files/P36454/P36454_328/02-FASTQ/20250916_LH00202_0275_B233JYLLT4/P36454_328_S326_L004_R2_001.fastq.gz
23.1065	P36454_329.2	P36454P3	ILLUMINA	/cfs/klemming/projects/supr/snic2020-6-170/RawData/lcNGS_2025/files/P36454/P36454_329/02-FASTQ/20250916_LH00202_0275_B233JYLLT4/P36454_329_S327_L002_R1_001.fastq.gz	/cfs/klemming/projects/supr/snic2020-6-170/RawData/lcNGS_2025/files/P36454/P36454_329/02-FASTQ/20250916_LH00202_0275_B233JYLLT4/P36454_329_S327_L002_R2_001.fastq.gz
23.1065	P36454_329.3	P36454P3	ILLUMINA	/cfs/klemming/projects/supr/snic2020-6-170/RawData/lcNGS_2025/files/P36454/P36454_329/02-FASTQ/20250916_LH00202_0275_B233JYLLT4/P36454_329_S327_L003_R1_001.fastq.gz	/cfs/klemming/projects/supr/snic2020-6-170/RawData/lcNGS_2025/files/P36454/P36454_329/02-FASTQ/20250916_LH00202_0275_B233JYLLT4/P36454_329_S327_L003_R2_001.fastq.gz
23.1065	P36454_329.4	P36454P3	ILLUMINA	/cfs/klemming/projects/supr/snic2020-6-170/RawData/lcNGS_2025/files/P36454/P36454_329/02-FASTQ/20250916_LH00202_0275_B233JYLLT4/P36454_329_S327_L004_R1_001.fastq.gz	/cfs/klemming/projects/supr/snic2020-6-170/RawData/lcNGS_2025/files/P36454/P36454_329/02-FASTQ/20250916_LH00202_0275_B233JYLLT4/P36454_329_S327_L004_R2_001.fastq.gz
23.1072	P36454_330.3	P36454P3	ILLUMINA	/cfs/klemming/projects/supr/snic2020-6-170/RawData/lcNGS_2025/files/P36454/P36454_330/02-FASTQ/20250916_LH00202_0275_B233JYLLT4/P36454_330_S328_L003_R1_001.fastq.gz	/cfs/klemming/projects/supr/snic2020-6-170/RawData/lcNGS_2025/files/P36454/P36454_330/02-FASTQ/20250916_LH00202_0275_B233JYLLT4/P36454_330_S328_L003_R2_001.fastq.gz
23.1072	P36454_330.2	P36454P3	ILLUMINA	/cfs/klemming/projects/supr/snic2020-6-170/RawData/lcNGS_2025/files/P36454/P36454_330/02-FASTQ/20250916_LH00202_0275_B233JYLLT4/P36454_330_S328_L002_R1_001.fastq.gz	/cfs/klemming/projects/supr/snic2020-6-170/RawData/lcNGS_2025/files/P36454/P36454_330/02-FASTQ/20250916_LH00202_0275_B233JYLLT4/P36454_330_S328_L002_R2_001.fastq.gz
23.1072	P36454_330.4	P36454P3	ILLUMINA	/cfs/klemming/projects/supr/snic2020-6-170/RawData/lcNGS_2025/files/P36454/P36454_330/02-FASTQ/20250916_LH00202_0275_B233JYLLT4/P36454_330_S328_L004_R1_001.fastq.gz	/cfs/klemming/projects/supr/snic2020-6-170/RawData/lcNGS_2025/files/P36454/P36454_330/02-FASTQ/20250916_LH00202_0275_B233JYLLT4/P36454_330_S328_L004_R2_001.fastq.gz
23.1073	P36454_331.4	P36454P3	ILLUMINA	/cfs/klemming/projects/supr/snic2020-6-170/RawData/lcNGS_2025/files/P36454/P36454_331/02-FASTQ/20250916_LH00202_0275_B233JYLLT4/P36454_331_S329_L004_R1_001.fastq.gz	/cfs/klemming/projects/supr/snic2020-6-170/RawData/lcNGS_2025/files/P36454/P36454_331/02-FASTQ/20250916_LH00202_0275_B233JYLLT4/P36454_331_S329_L004_R2_001.fastq.gz
23.1073	P36454_331.2	P36454P3	ILLUMINA	/cfs/klemming/projects/supr/snic2020-6-170/RawData/lcNGS_2025/files/P36454/P36454_331/02-FASTQ/20250916_LH00202_0275_B233JYLLT4/P36454_331_S329_L002_R1_001.fastq.gz	/cfs/klemming/projects/supr/snic2020-6-170/RawData/lcNGS_2025/files/P36454/P36454_331/02-FASTQ/20250916_LH00202_0275_B233JYLLT4/P36454_331_S329_L002_R2_001.fastq.gz
23.1073	P36454_331.3	P36454P3	ILLUMINA	/cfs/klemming/projects/supr/snic2020-6-170/RawData/lcNGS_2025/files/P36454/P36454_331/02-FASTQ/20250916_LH00202_0275_B233JYLLT4/P36454_331_S329_L003_R1_001.fastq.gz	/cfs/klemming/projects/supr/snic2020-6-170/RawData/lcNGS_2025/files/P36454/P36454_331/02-FASTQ/20250916_LH00202_0275_B233JYLLT4/P36454_331_S329_L003_R2_001.fastq.gz
23.1080	P36454_332.3	P36454P3	ILLUMINA	/cfs/klemming/projects/supr/snic2020-6-170/RawData/lcNGS_2025/files/P36454/P36454_332/02-FASTQ/20250916_LH00202_0275_B233JYLLT4/P36454_332_S330_L003_R1_001.fastq.gz	/cfs/klemming/projects/supr/snic2020-6-170/RawData/lcNGS_2025/files/P36454/P36454_332/02-FASTQ/20250916_LH00202_0275_B233JYLLT4/P36454_332_S330_L003_R2_001.fastq.gz
23.1080	P36454_332.4	P36454P3	ILLUMINA	/cfs/klemming/projects/supr/snic2020-6-170/RawData/lcNGS_2025/files/P36454/P36454_332/02-FASTQ/20250916_LH00202_0275_B233JYLLT4/P36454_332_S330_L004_R1_001.fastq.gz	/cfs/klemming/projects/supr/snic2020-6-170/RawData/lcNGS_2025/files/P36454/P36454_332/02-FASTQ/20250916_LH00202_0275_B233JYLLT4/P36454_332_S330_L004_R2_001.fastq.gz
23.1080	P36454_332.2	P36454P3	ILLUMINA	/cfs/klemming/projects/supr/snic2020-6-170/RawData/lcNGS_2025/files/P36454/P36454_332/02-FASTQ/20250916_LH00202_0275_B233JYLLT4/P36454_332_S330_L002_R1_001.fastq.gz	/cfs/klemming/projects/supr/snic2020-6-170/RawData/lcNGS_2025/files/P36454/P36454_332/02-FASTQ/20250916_LH00202_0275_B233JYLLT4/P36454_332_S330_L002_R2_001.fastq.gz
24.1040	P36454_333.2	P36454P3	ILLUMINA	/cfs/klemming/projects/supr/snic2020-6-170/RawData/lcNGS_2025/files/P36454/P36454_333/02-FASTQ/20250916_LH00202_0275_B233JYLLT4/P36454_333_S331_L002_R1_001.fastq.gz	/cfs/klemming/projects/supr/snic2020-6-170/RawData/lcNGS_2025/files/P36454/P36454_333/02-FASTQ/20250916_LH00202_0275_B233JYLLT4/P36454_333_S331_L002_R2_001.fastq.gz
24.1040	P36454_333.4	P36454P3	ILLUMINA	/cfs/klemming/projects/supr/snic2020-6-170/RawData/lcNGS_2025/files/P36454/P36454_333/02-FASTQ/20250916_LH00202_0275_B233JYLLT4/P36454_333_S331_L004_R1_001.fastq.gz	/cfs/klemming/projects/supr/snic2020-6-170/RawData/lcNGS_2025/files/P36454/P36454_333/02-FASTQ/20250916_LH00202_0275_B233JYLLT4/P36454_333_S331_L004_R2_001.fastq.gz
24.1040	P36454_333.3	P36454P3	ILLUMINA	/cfs/klemming/projects/supr/snic2020-6-170/RawData/lcNGS_2025/files/P36454/P36454_333/02-FASTQ/20250916_LH00202_0275_B233JYLLT4/P36454_333_S331_L003_R1_001.fastq.gz	/cfs/klemming/projects/supr/snic2020-6-170/RawData/lcNGS_2025/files/P36454/P36454_333/02-FASTQ/20250916_LH00202_0275_B233JYLLT4/P36454_333_S331_L003_R2_001.fastq.gz
24.1046	P36454_334.2	P36454P3	ILLUMINA	/cfs/klemming/projects/supr/snic2020-6-170/RawData/lcNGS_2025/files/P36454/P36454_334/02-FASTQ/20250916_LH00202_0275_B233JYLLT4/P36454_334_S332_L002_R1_001.fastq.gz	/cfs/klemming/projects/supr/snic2020-6-170/RawData/lcNGS_2025/files/P36454/P36454_334/02-FASTQ/20250916_LH00202_0275_B233JYLLT4/P36454_334_S332_L002_R2_001.fastq.gz
24.1046	P36454_334.4	P36454P3	ILLUMINA	/cfs/klemming/projects/supr/snic2020-6-170/RawData/lcNGS_2025/files/P36454/P36454_334/02-FASTQ/20250916_LH00202_0275_B233JYLLT4/P36454_334_S332_L004_R1_001.fastq.gz	/cfs/klemming/projects/supr/snic2020-6-170/RawData/lcNGS_2025/files/P36454/P36454_334/02-FASTQ/20250916_LH00202_0275_B233JYLLT4/P36454_334_S332_L004_R2_001.fastq.gz
24.1046	P36454_334.3	P36454P3	ILLUMINA	/cfs/klemming/projects/supr/snic2020-6-170/RawData/lcNGS_2025/files/P36454/P36454_334/02-FASTQ/20250916_LH00202_0275_B233JYLLT4/P36454_334_S332_L003_R1_001.fastq.gz	/cfs/klemming/projects/supr/snic2020-6-170/RawData/lcNGS_2025/files/P36454/P36454_334/02-FASTQ/20250916_LH00202_0275_B233JYLLT4/P36454_334_S332_L003_R2_001.fastq.gz
24.1074	P36454_335.3	P36454P3	ILLUMINA	/cfs/klemming/projects/supr/snic2020-6-170/RawData/lcNGS_2025/files/P36454/P36454_335/02-FASTQ/20250916_LH00202_0275_B233JYLLT4/P36454_335_S333_L003_R1_001.fastq.gz	/cfs/klemming/projects/supr/snic2020-6-170/RawData/lcNGS_2025/files/P36454/P36454_335/02-FASTQ/20250916_LH00202_0275_B233JYLLT4/P36454_335_S333_L003_R2_001.fastq.gz
24.1074	P36454_335.4	P36454P3	ILLUMINA	/cfs/klemming/projects/supr/snic2020-6-170/RawData/lcNGS_2025/files/P36454/P36454_335/02-FASTQ/20250916_LH00202_0275_B233JYLLT4/P36454_335_S333_L004_R1_001.fastq.gz	/cfs/klemming/projects/supr/snic2020-6-170/RawData/lcNGS_2025/files/P36454/P36454_335/02-FASTQ/20250916_LH00202_0275_B233JYLLT4/P36454_335_S333_L004_R2_001.fastq.gz
24.1074	P36454_335.2	P36454P3	ILLUMINA	/cfs/klemming/projects/supr/snic2020-6-170/RawData/lcNGS_2025/files/P36454/P36454_335/02-FASTQ/20250916_LH00202_0275_B233JYLLT4/P36454_335_S333_L002_R1_001.fastq.gz	/cfs/klemming/projects/supr/snic2020-6-170/RawData/lcNGS_2025/files/P36454/P36454_335/02-FASTQ/20250916_LH00202_0275_B233JYLLT4/P36454_335_S333_L002_R2_001.fastq.gz
24.1075	P36454_336.4	P36454P3	ILLUMINA	/cfs/klemming/projects/supr/snic2020-6-170/RawData/lcNGS_2025/files/P36454/P36454_336/02-FASTQ/20250916_LH00202_0275_B233JYLLT4/P36454_336_S334_L004_R1_001.fastq.gz	/cfs/klemming/projects/supr/snic2020-6-170/RawData/lcNGS_2025/files/P36454/P36454_336/02-FASTQ/20250916_LH00202_0275_B233JYLLT4/P36454_336_S334_L004_R2_001.fastq.gz
24.1075	P36454_336.2	P36454P3	ILLUMINA	/cfs/klemming/projects/supr/snic2020-6-170/RawData/lcNGS_2025/files/P36454/P36454_336/02-FASTQ/20250916_LH00202_0275_B233JYLLT4/P36454_336_S334_L002_R1_001.fastq.gz	/cfs/klemming/projects/supr/snic2020-6-170/RawData/lcNGS_2025/files/P36454/P36454_336/02-FASTQ/20250916_LH00202_0275_B233JYLLT4/P36454_336_S334_L002_R2_001.fastq.gz
24.1075	P36454_336.3	P36454P3	ILLUMINA	/cfs/klemming/projects/supr/snic2020-6-170/RawData/lcNGS_2025/files/P36454/P36454_336/02-FASTQ/20250916_LH00202_0275_B233JYLLT4/P36454_336_S334_L003_R1_001.fastq.gz	/cfs/klemming/projects/supr/snic2020-6-170/RawData/lcNGS_2025/files/P36454/P36454_336/02-FASTQ/20250916_LH00202_0275_B233JYLLT4/P36454_336_S334_L003_R2_001.fastq.gz
24.1119	P36454_337.3	P36454P3	ILLUMINA	/cfs/klemming/projects/supr/snic2020-6-170/RawData/lcNGS_2025/files/P36454/P36454_337/02-FASTQ/20250916_LH00202_0275_B233JYLLT4/P36454_337_S335_L003_R1_001.fastq.gz	/cfs/klemming/projects/supr/snic2020-6-170/RawData/lcNGS_2025/files/P36454/P36454_337/02-FASTQ/20250916_LH00202_0275_B233JYLLT4/P36454_337_S335_L003_R2_001.fastq.gz
24.1119	P36454_337.2	P36454P3	ILLUMINA	/cfs/klemming/projects/supr/snic2020-6-170/RawData/lcNGS_2025/files/P36454/P36454_337/02-FASTQ/20250916_LH00202_0275_B233JYLLT4/P36454_337_S335_L002_R1_001.fastq.gz	/cfs/klemming/projects/supr/snic2020-6-170/RawData/lcNGS_2025/files/P36454/P36454_337/02-FASTQ/20250916_LH00202_0275_B233JYLLT4/P36454_337_S335_L002_R2_001.fastq.gz
24.1119	P36454_337.4	P36454P3	ILLUMINA	/cfs/klemming/projects/supr/snic2020-6-170/RawData/lcNGS_2025/files/P36454/P36454_337/02-FASTQ/20250916_LH00202_0275_B233JYLLT4/P36454_337_S335_L004_R1_001.fastq.gz	/cfs/klemming/projects/supr/snic2020-6-170/RawData/lcNGS_2025/files/P36454/P36454_337/02-FASTQ/20250916_LH00202_0275_B233JYLLT4/P36454_337_S335_L004_R2_001.fastq.gz
24.1126	P36454_338.2	P36454P3	ILLUMINA	/cfs/klemming/projects/supr/snic2020-6-170/RawData/lcNGS_2025/files/P36454/P36454_338/02-FASTQ/20250916_LH00202_0275_B233JYLLT4/P36454_338_S336_L002_R1_001.fastq.gz	/cfs/klemming/projects/supr/snic2020-6-170/RawData/lcNGS_2025/files/P36454/P36454_338/02-FASTQ/20250916_LH00202_0275_B233JYLLT4/P36454_338_S336_L002_R2_001.fastq.gz
24.1126	P36454_338.3	P36454P3	ILLUMINA	/cfs/klemming/projects/supr/snic2020-6-170/RawData/lcNGS_2025/files/P36454/P36454_338/02-FASTQ/20250916_LH00202_0275_B233JYLLT4/P36454_338_S336_L003_R1_001.fastq.gz	/cfs/klemming/projects/supr/snic2020-6-170/RawData/lcNGS_2025/files/P36454/P36454_338/02-FASTQ/20250916_LH00202_0275_B233JYLLT4/P36454_338_S336_L003_R2_001.fastq.gz
24.1126	P36454_338.4	P36454P3	ILLUMINA	/cfs/klemming/projects/supr/snic2020-6-170/RawData/lcNGS_2025/files/P36454/P36454_338/02-FASTQ/20250916_LH00202_0275_B233JYLLT4/P36454_338_S336_L004_R1_001.fastq.gz	/cfs/klemming/projects/supr/snic2020-6-170/RawData/lcNGS_2025/files/P36454/P36454_338/02-FASTQ/20250916_LH00202_0275_B233JYLLT4/P36454_338_S336_L004_R2_001.fastq.gz
24.1150	P36454_339.3	P36454P3	ILLUMINA	/cfs/klemming/projects/supr/snic2020-6-170/RawData/lcNGS_2025/files/P36454/P36454_339/02-FASTQ/20250916_LH00202_0275_B233JYLLT4/P36454_339_S337_L003_R1_001.fastq.gz	/cfs/klemming/projects/supr/snic2020-6-170/RawData/lcNGS_2025/files/P36454/P36454_339/02-FASTQ/20250916_LH00202_0275_B233JYLLT4/P36454_339_S337_L003_R2_001.fastq.gz
24.1150	P36454_339.2	P36454P3	ILLUMINA	/cfs/klemming/projects/supr/snic2020-6-170/RawData/lcNGS_2025/files/P36454/P36454_339/02-FASTQ/20250916_LH00202_0275_B233JYLLT4/P36454_339_S337_L002_R1_001.fastq.gz	/cfs/klemming/projects/supr/snic2020-6-170/RawData/lcNGS_2025/files/P36454/P36454_339/02-FASTQ/20250916_LH00202_0275_B233JYLLT4/P36454_339_S337_L002_R2_001.fastq.gz
24.1150	P36454_339.4	P36454P3	ILLUMINA	/cfs/klemming/projects/supr/snic2020-6-170/RawData/lcNGS_2025/files/P36454/P36454_339/02-FASTQ/20250916_LH00202_0275_B233JYLLT4/P36454_339_S337_L004_R1_001.fastq.gz	/cfs/klemming/projects/supr/snic2020-6-170/RawData/lcNGS_2025/files/P36454/P36454_339/02-FASTQ/20250916_LH00202_0275_B233JYLLT4/P36454_339_S337_L004_R2_001.fastq.gz
24.1157	P36454_340.2	P36454P3	ILLUMINA	/cfs/klemming/projects/supr/snic2020-6-170/RawData/lcNGS_2025/files/P36454/P36454_340/02-FASTQ/20250916_LH00202_0275_B233JYLLT4/P36454_340_S338_L002_R1_001.fastq.gz	/cfs/klemming/projects/supr/snic2020-6-170/RawData/lcNGS_2025/files/P36454/P36454_340/02-FASTQ/20250916_LH00202_0275_B233JYLLT4/P36454_340_S338_L002_R2_001.fastq.gz
24.1157	P36454_340.4	P36454P3	ILLUMINA	/cfs/klemming/projects/supr/snic2020-6-170/RawData/lcNGS_2025/files/P36454/P36454_340/02-FASTQ/20250916_LH00202_0275_B233JYLLT4/P36454_340_S338_L004_R1_001.fastq.gz	/cfs/klemming/projects/supr/snic2020-6-170/RawData/lcNGS_2025/files/P36454/P36454_340/02-FASTQ/20250916_LH00202_0275_B233JYLLT4/P36454_340_S338_L004_R2_001.fastq.gz
24.1157	P36454_340.3	P36454P3	ILLUMINA	/cfs/klemming/projects/supr/snic2020-6-170/RawData/lcNGS_2025/files/P36454/P36454_340/02-FASTQ/20250916_LH00202_0275_B233JYLLT4/P36454_340_S338_L003_R1_001.fastq.gz	/cfs/klemming/projects/supr/snic2020-6-170/RawData/lcNGS_2025/files/P36454/P36454_340/02-FASTQ/20250916_LH00202_0275_B233JYLLT4/P36454_340_S338_L003_R2_001.fastq.gz
24.1382	P36454_341.4	P36454P3	ILLUMINA	/cfs/klemming/projects/supr/snic2020-6-170/RawData/lcNGS_2025/files/P36454/P36454_341/02-FASTQ/20250916_LH00202_0275_B233JYLLT4/P36454_341_S339_L004_R1_001.fastq.gz	/cfs/klemming/projects/supr/snic2020-6-170/RawData/lcNGS_2025/files/P36454/P36454_341/02-FASTQ/20250916_LH00202_0275_B233JYLLT4/P36454_341_S339_L004_R2_001.fastq.gz
24.1382	P36454_341.2	P36454P3	ILLUMINA	/cfs/klemming/projects/supr/snic2020-6-170/RawData/lcNGS_2025/files/P36454/P36454_341/02-FASTQ/20250916_LH00202_0275_B233JYLLT4/P36454_341_S339_L002_R1_001.fastq.gz	/cfs/klemming/projects/supr/snic2020-6-170/RawData/lcNGS_2025/files/P36454/P36454_341/02-FASTQ/20250916_LH00202_0275_B233JYLLT4/P36454_341_S339_L002_R2_001.fastq.gz
24.1382	P36454_341.3	P36454P3	ILLUMINA	/cfs/klemming/projects/supr/snic2020-6-170/RawData/lcNGS_2025/files/P36454/P36454_341/02-FASTQ/20250916_LH00202_0275_B233JYLLT4/P36454_341_S339_L003_R1_001.fastq.gz	/cfs/klemming/projects/supr/snic2020-6-170/RawData/lcNGS_2025/files/P36454/P36454_341/02-FASTQ/20250916_LH00202_0275_B233JYLLT4/P36454_341_S339_L003_R2_001.fastq.gz
24.1383	P36454_342.4	P36454P3	ILLUMINA	/cfs/klemming/projects/supr/snic2020-6-170/RawData/lcNGS_2025/files/P36454/P36454_342/02-FASTQ/20250916_LH00202_0275_B233JYLLT4/P36454_342_S340_L004_R1_001.fastq.gz	/cfs/klemming/projects/supr/snic2020-6-170/RawData/lcNGS_2025/files/P36454/P36454_342/02-FASTQ/20250916_LH00202_0275_B233JYLLT4/P36454_342_S340_L004_R2_001.fastq.gz
24.1383	P36454_342.2	P36454P3	ILLUMINA	/cfs/klemming/projects/supr/snic2020-6-170/RawData/lcNGS_2025/files/P36454/P36454_342/02-FASTQ/20250916_LH00202_0275_B233JYLLT4/P36454_342_S340_L002_R1_001.fastq.gz	/cfs/klemming/projects/supr/snic2020-6-170/RawData/lcNGS_2025/files/P36454/P36454_342/02-FASTQ/20250916_LH00202_0275_B233JYLLT4/P36454_342_S340_L002_R2_001.fastq.gz
24.1383	P36454_342.3	P36454P3	ILLUMINA	/cfs/klemming/projects/supr/snic2020-6-170/RawData/lcNGS_2025/files/P36454/P36454_342/02-FASTQ/20250916_LH00202_0275_B233JYLLT4/P36454_342_S340_L003_R1_001.fastq.gz	/cfs/klemming/projects/supr/snic2020-6-170/RawData/lcNGS_2025/files/P36454/P36454_342/02-FASTQ/20250916_LH00202_0275_B233JYLLT4/P36454_342_S340_L003_R2_001.fastq.gz
24.1384	P36454_343.3	P36454P3	ILLUMINA	/cfs/klemming/projects/supr/snic2020-6-170/RawData/lcNGS_2025/files/P36454/P36454_343/02-FASTQ/20250916_LH00202_0275_B233JYLLT4/P36454_343_S341_L003_R1_001.fastq.gz	/cfs/klemming/projects/supr/snic2020-6-170/RawData/lcNGS_2025/files/P36454/P36454_343/02-FASTQ/20250916_LH00202_0275_B233JYLLT4/P36454_343_S341_L003_R2_001.fastq.gz
24.1384	P36454_343.4	P36454P3	ILLUMINA	/cfs/klemming/projects/supr/snic2020-6-170/RawData/lcNGS_2025/files/P36454/P36454_343/02-FASTQ/20250916_LH00202_0275_B233JYLLT4/P36454_343_S341_L004_R1_001.fastq.gz	/cfs/klemming/projects/supr/snic2020-6-170/RawData/lcNGS_2025/files/P36454/P36454_343/02-FASTQ/20250916_LH00202_0275_B233JYLLT4/P36454_343_S341_L004_R2_001.fastq.gz
24.1384	P36454_343.2	P36454P3	ILLUMINA	/cfs/klemming/projects/supr/snic2020-6-170/RawData/lcNGS_2025/files/P36454/P36454_343/02-FASTQ/20250916_LH00202_0275_B233JYLLT4/P36454_343_S341_L002_R1_001.fastq.gz	/cfs/klemming/projects/supr/snic2020-6-170/RawData/lcNGS_2025/files/P36454/P36454_343/02-FASTQ/20250916_LH00202_0275_B233JYLLT4/P36454_343_S341_L002_R2_001.fastq.gz
24.1385	P36454_344.4	P36454P3	ILLUMINA	/cfs/klemming/projects/supr/snic2020-6-170/RawData/lcNGS_2025/files/P36454/P36454_344/02-FASTQ/20250916_LH00202_0275_B233JYLLT4/P36454_344_S342_L004_R1_001.fastq.gz	/cfs/klemming/projects/supr/snic2020-6-170/RawData/lcNGS_2025/files/P36454/P36454_344/02-FASTQ/20250916_LH00202_0275_B233JYLLT4/P36454_344_S342_L004_R2_001.fastq.gz
24.1385	P36454_344.2	P36454P3	ILLUMINA	/cfs/klemming/projects/supr/snic2020-6-170/RawData/lcNGS_2025/files/P36454/P36454_344/02-FASTQ/20250916_LH00202_0275_B233JYLLT4/P36454_344_S342_L002_R1_001.fastq.gz	/cfs/klemming/projects/supr/snic2020-6-170/RawData/lcNGS_2025/files/P36454/P36454_344/02-FASTQ/20250916_LH00202_0275_B233JYLLT4/P36454_344_S342_L002_R2_001.fastq.gz
24.1385	P36454_344.3	P36454P3	ILLUMINA	/cfs/klemming/projects/supr/snic2020-6-170/RawData/lcNGS_2025/files/P36454/P36454_344/02-FASTQ/20250916_LH00202_0275_B233JYLLT4/P36454_344_S342_L003_R1_001.fastq.gz	/cfs/klemming/projects/supr/snic2020-6-170/RawData/lcNGS_2025/files/P36454/P36454_344/02-FASTQ/20250916_LH00202_0275_B233JYLLT4/P36454_344_S342_L003_R2_001.fastq.gz
24.1386	P36454_345.2	P36454P3	ILLUMINA	/cfs/klemming/projects/supr/snic2020-6-170/RawData/lcNGS_2025/files/P36454/P36454_345/02-FASTQ/20250916_LH00202_0275_B233JYLLT4/P36454_345_S343_L002_R1_001.fastq.gz	/cfs/klemming/projects/supr/snic2020-6-170/RawData/lcNGS_2025/files/P36454/P36454_345/02-FASTQ/20250916_LH00202_0275_B233JYLLT4/P36454_345_S343_L002_R2_001.fastq.gz
24.1386	P36454_345.3	P36454P3	ILLUMINA	/cfs/klemming/projects/supr/snic2020-6-170/RawData/lcNGS_2025/files/P36454/P36454_345/02-FASTQ/20250916_LH00202_0275_B233JYLLT4/P36454_345_S343_L003_R1_001.fastq.gz	/cfs/klemming/projects/supr/snic2020-6-170/RawData/lcNGS_2025/files/P36454/P36454_345/02-FASTQ/20250916_LH00202_0275_B233JYLLT4/P36454_345_S343_L003_R2_001.fastq.gz
24.1386	P36454_345.4	P36454P3	ILLUMINA	/cfs/klemming/projects/supr/snic2020-6-170/RawData/lcNGS_2025/files/P36454/P36454_345/02-FASTQ/20250916_LH00202_0275_B233JYLLT4/P36454_345_S343_L004_R1_001.fastq.gz	/cfs/klemming/projects/supr/snic2020-6-170/RawData/lcNGS_2025/files/P36454/P36454_345/02-FASTQ/20250916_LH00202_0275_B233JYLLT4/P36454_345_S343_L004_R2_001.fastq.gz
24.1388	P36454_346.4	P36454P3	ILLUMINA	/cfs/klemming/projects/supr/snic2020-6-170/RawData/lcNGS_2025/files/P36454/P36454_346/02-FASTQ/20250916_LH00202_0275_B233JYLLT4/P36454_346_S344_L004_R1_001.fastq.gz	/cfs/klemming/projects/supr/snic2020-6-170/RawData/lcNGS_2025/files/P36454/P36454_346/02-FASTQ/20250916_LH00202_0275_B233JYLLT4/P36454_346_S344_L004_R2_001.fastq.gz
24.1388	P36454_346.3	P36454P3	ILLUMINA	/cfs/klemming/projects/supr/snic2020-6-170/RawData/lcNGS_2025/files/P36454/P36454_346/02-FASTQ/20250916_LH00202_0275_B233JYLLT4/P36454_346_S344_L003_R1_001.fastq.gz	/cfs/klemming/projects/supr/snic2020-6-170/RawData/lcNGS_2025/files/P36454/P36454_346/02-FASTQ/20250916_LH00202_0275_B233JYLLT4/P36454_346_S344_L003_R2_001.fastq.gz
24.1388	P36454_346.2	P36454P3	ILLUMINA	/cfs/klemming/projects/supr/snic2020-6-170/RawData/lcNGS_2025/files/P36454/P36454_346/02-FASTQ/20250916_LH00202_0275_B233JYLLT4/P36454_346_S344_L002_R1_001.fastq.gz	/cfs/klemming/projects/supr/snic2020-6-170/RawData/lcNGS_2025/files/P36454/P36454_346/02-FASTQ/20250916_LH00202_0275_B233JYLLT4/P36454_346_S344_L002_R2_001.fastq.gz
24.1407	P36454_347.2	P36454P3	ILLUMINA	/cfs/klemming/projects/supr/snic2020-6-170/RawData/lcNGS_2025/files/P36454/P36454_347/02-FASTQ/20250916_LH00202_0275_B233JYLLT4/P36454_347_S345_L002_R1_001.fastq.gz	/cfs/klemming/projects/supr/snic2020-6-170/RawData/lcNGS_2025/files/P36454/P36454_347/02-FASTQ/20250916_LH00202_0275_B233JYLLT4/P36454_347_S345_L002_R2_001.fastq.gz
24.1407	P36454_347.3	P36454P3	ILLUMINA	/cfs/klemming/projects/supr/snic2020-6-170/RawData/lcNGS_2025/files/P36454/P36454_347/02-FASTQ/20250916_LH00202_0275_B233JYLLT4/P36454_347_S345_L003_R1_001.fastq.gz	/cfs/klemming/projects/supr/snic2020-6-170/RawData/lcNGS_2025/files/P36454/P36454_347/02-FASTQ/20250916_LH00202_0275_B233JYLLT4/P36454_347_S345_L003_R2_001.fastq.gz
24.1407	P36454_347.4	P36454P3	ILLUMINA	/cfs/klemming/projects/supr/snic2020-6-170/RawData/lcNGS_2025/files/P36454/P36454_347/02-FASTQ/20250916_LH00202_0275_B233JYLLT4/P36454_347_S345_L004_R1_001.fastq.gz	/cfs/klemming/projects/supr/snic2020-6-170/RawData/lcNGS_2025/files/P36454/P36454_347/02-FASTQ/20250916_LH00202_0275_B233JYLLT4/P36454_347_S345_L004_R2_001.fastq.gz
24.1445	P36454_348.3	P36454P3	ILLUMINA	/cfs/klemming/projects/supr/snic2020-6-170/RawData/lcNGS_2025/files/P36454/P36454_348/02-FASTQ/20250916_LH00202_0275_B233JYLLT4/P36454_348_S346_L003_R1_001.fastq.gz	/cfs/klemming/projects/supr/snic2020-6-170/RawData/lcNGS_2025/files/P36454/P36454_348/02-FASTQ/20250916_LH00202_0275_B233JYLLT4/P36454_348_S346_L003_R2_001.fastq.gz
24.1445	P36454_348.2	P36454P3	ILLUMINA	/cfs/klemming/projects/supr/snic2020-6-170/RawData/lcNGS_2025/files/P36454/P36454_348/02-FASTQ/20250916_LH00202_0275_B233JYLLT4/P36454_348_S346_L002_R1_001.fastq.gz	/cfs/klemming/projects/supr/snic2020-6-170/RawData/lcNGS_2025/files/P36454/P36454_348/02-FASTQ/20250916_LH00202_0275_B233JYLLT4/P36454_348_S346_L002_R2_001.fastq.gz
24.1445	P36454_348.4	P36454P3	ILLUMINA	/cfs/klemming/projects/supr/snic2020-6-170/RawData/lcNGS_2025/files/P36454/P36454_348/02-FASTQ/20250916_LH00202_0275_B233JYLLT4/P36454_348_S346_L004_R1_001.fastq.gz	/cfs/klemming/projects/supr/snic2020-6-170/RawData/lcNGS_2025/files/P36454/P36454_348/02-FASTQ/20250916_LH00202_0275_B233JYLLT4/P36454_348_S346_L004_R2_001.fastq.gz
22.1852	P36454_349.4	P36454P3	ILLUMINA	/cfs/klemming/projects/supr/snic2020-6-170/RawData/lcNGS_2025/files/P36454/P36454_349/02-FASTQ/20250916_LH00202_0275_B233JYLLT4/P36454_349_S347_L004_R1_001.fastq.gz	/cfs/klemming/projects/supr/snic2020-6-170/RawData/lcNGS_2025/files/P36454/P36454_349/02-FASTQ/20250916_LH00202_0275_B233JYLLT4/P36454_349_S347_L004_R2_001.fastq.gz
22.1852	P36454_349.2	P36454P3	ILLUMINA	/cfs/klemming/projects/supr/snic2020-6-170/RawData/lcNGS_2025/files/P36454/P36454_349/02-FASTQ/20250916_LH00202_0275_B233JYLLT4/P36454_349_S347_L002_R1_001.fastq.gz	/cfs/klemming/projects/supr/snic2020-6-170/RawData/lcNGS_2025/files/P36454/P36454_349/02-FASTQ/20250916_LH00202_0275_B233JYLLT4/P36454_349_S347_L002_R2_001.fastq.gz
22.1852	P36454_349.3	P36454P3	ILLUMINA	/cfs/klemming/projects/supr/snic2020-6-170/RawData/lcNGS_2025/files/P36454/P36454_349/02-FASTQ/20250916_LH00202_0275_B233JYLLT4/P36454_349_S347_L003_R1_001.fastq.gz	/cfs/klemming/projects/supr/snic2020-6-170/RawData/lcNGS_2025/files/P36454/P36454_349/02-FASTQ/20250916_LH00202_0275_B233JYLLT4/P36454_349_S347_L003_R2_001.fastq.gz
22.1856	P36454_350.3	P36454P3	ILLUMINA	/cfs/klemming/projects/supr/snic2020-6-170/RawData/lcNGS_2025/files/P36454/P36454_350/02-FASTQ/20250916_LH00202_0275_B233JYLLT4/P36454_350_S348_L003_R1_001.fastq.gz	/cfs/klemming/projects/supr/snic2020-6-170/RawData/lcNGS_2025/files/P36454/P36454_350/02-FASTQ/20250916_LH00202_0275_B233JYLLT4/P36454_350_S348_L003_R2_001.fastq.gz
22.1856	P36454_350.4	P36454P3	ILLUMINA	/cfs/klemming/projects/supr/snic2020-6-170/RawData/lcNGS_2025/files/P36454/P36454_350/02-FASTQ/20250916_LH00202_0275_B233JYLLT4/P36454_350_S348_L004_R1_001.fastq.gz	/cfs/klemming/projects/supr/snic2020-6-170/RawData/lcNGS_2025/files/P36454/P36454_350/02-FASTQ/20250916_LH00202_0275_B233JYLLT4/P36454_350_S348_L004_R2_001.fastq.gz
22.1856	P36454_350.2	P36454P3	ILLUMINA	/cfs/klemming/projects/supr/snic2020-6-170/RawData/lcNGS_2025/files/P36454/P36454_350/02-FASTQ/20250916_LH00202_0275_B233JYLLT4/P36454_350_S348_L002_R1_001.fastq.gz	/cfs/klemming/projects/supr/snic2020-6-170/RawData/lcNGS_2025/files/P36454/P36454_350/02-FASTQ/20250916_LH00202_0275_B233JYLLT4/P36454_350_S348_L002_R2_001.fastq.gz
22.1876	P36454_351.2	P36454P3	ILLUMINA	/cfs/klemming/projects/supr/snic2020-6-170/RawData/lcNGS_2025/files/P36454/P36454_351/02-FASTQ/20250916_LH00202_0275_B233JYLLT4/P36454_351_S349_L002_R1_001.fastq.gz	/cfs/klemming/projects/supr/snic2020-6-170/RawData/lcNGS_2025/files/P36454/P36454_351/02-FASTQ/20250916_LH00202_0275_B233JYLLT4/P36454_351_S349_L002_R2_001.fastq.gz
22.1876	P36454_351.4	P36454P3	ILLUMINA	/cfs/klemming/projects/supr/snic2020-6-170/RawData/lcNGS_2025/files/P36454/P36454_351/02-FASTQ/20250916_LH00202_0275_B233JYLLT4/P36454_351_S349_L004_R1_001.fastq.gz	/cfs/klemming/projects/supr/snic2020-6-170/RawData/lcNGS_2025/files/P36454/P36454_351/02-FASTQ/20250916_LH00202_0275_B233JYLLT4/P36454_351_S349_L004_R2_001.fastq.gz
22.1876	P36454_351.3	P36454P3	ILLUMINA	/cfs/klemming/projects/supr/snic2020-6-170/RawData/lcNGS_2025/files/P36454/P36454_351/02-FASTQ/20250916_LH00202_0275_B233JYLLT4/P36454_351_S349_L003_R1_001.fastq.gz	/cfs/klemming/projects/supr/snic2020-6-170/RawData/lcNGS_2025/files/P36454/P36454_351/02-FASTQ/20250916_LH00202_0275_B233JYLLT4/P36454_351_S349_L003_R2_001.fastq.gz
22.2131	P36454_352.4	P36454P3	ILLUMINA	/cfs/klemming/projects/supr/snic2020-6-170/RawData/lcNGS_2025/files/P36454/P36454_352/02-FASTQ/20250916_LH00202_0275_B233JYLLT4/P36454_352_S350_L004_R1_001.fastq.gz	/cfs/klemming/projects/supr/snic2020-6-170/RawData/lcNGS_2025/files/P36454/P36454_352/02-FASTQ/20250916_LH00202_0275_B233JYLLT4/P36454_352_S350_L004_R2_001.fastq.gz
22.2131	P36454_352.3	P36454P3	ILLUMINA	/cfs/klemming/projects/supr/snic2020-6-170/RawData/lcNGS_2025/files/P36454/P36454_352/02-FASTQ/20250916_LH00202_0275_B233JYLLT4/P36454_352_S350_L003_R1_001.fastq.gz	/cfs/klemming/projects/supr/snic2020-6-170/RawData/lcNGS_2025/files/P36454/P36454_352/02-FASTQ/20250916_LH00202_0275_B233JYLLT4/P36454_352_S350_L003_R2_001.fastq.gz
22.2131	P36454_352.2	P36454P3	ILLUMINA	/cfs/klemming/projects/supr/snic2020-6-170/RawData/lcNGS_2025/files/P36454/P36454_352/02-FASTQ/20250916_LH00202_0275_B233JYLLT4/P36454_352_S350_L002_R1_001.fastq.gz	/cfs/klemming/projects/supr/snic2020-6-170/RawData/lcNGS_2025/files/P36454/P36454_352/02-FASTQ/20250916_LH00202_0275_B233JYLLT4/P36454_352_S350_L002_R2_001.fastq.gz
22.2132	P36454_353.2	P36454P3	ILLUMINA	/cfs/klemming/projects/supr/snic2020-6-170/RawData/lcNGS_2025/files/P36454/P36454_353/02-FASTQ/20250916_LH00202_0275_B233JYLLT4/P36454_353_S351_L002_R1_001.fastq.gz	/cfs/klemming/projects/supr/snic2020-6-170/RawData/lcNGS_2025/files/P36454/P36454_353/02-FASTQ/20250916_LH00202_0275_B233JYLLT4/P36454_353_S351_L002_R2_001.fastq.gz
22.2132	P36454_353.3	P36454P3	ILLUMINA	/cfs/klemming/projects/supr/snic2020-6-170/RawData/lcNGS_2025/files/P36454/P36454_353/02-FASTQ/20250916_LH00202_0275_B233JYLLT4/P36454_353_S351_L003_R1_001.fastq.gz	/cfs/klemming/projects/supr/snic2020-6-170/RawData/lcNGS_2025/files/P36454/P36454_353/02-FASTQ/20250916_LH00202_0275_B233JYLLT4/P36454_353_S351_L003_R2_001.fastq.gz
22.2132	P36454_353.4	P36454P3	ILLUMINA	/cfs/klemming/projects/supr/snic2020-6-170/RawData/lcNGS_2025/files/P36454/P36454_353/02-FASTQ/20250916_LH00202_0275_B233JYLLT4/P36454_353_S351_L004_R1_001.fastq.gz	/cfs/klemming/projects/supr/snic2020-6-170/RawData/lcNGS_2025/files/P36454/P36454_353/02-FASTQ/20250916_LH00202_0275_B233JYLLT4/P36454_353_S351_L004_R2_001.fastq.gz
22.2144	P36454_354.4	P36454P3	ILLUMINA	/cfs/klemming/projects/supr/snic2020-6-170/RawData/lcNGS_2025/files/P36454/P36454_354/02-FASTQ/20250916_LH00202_0275_B233JYLLT4/P36454_354_S352_L004_R1_001.fastq.gz	/cfs/klemming/projects/supr/snic2020-6-170/RawData/lcNGS_2025/files/P36454/P36454_354/02-FASTQ/20250916_LH00202_0275_B233JYLLT4/P36454_354_S352_L004_R2_001.fastq.gz
22.2144	P36454_354.2	P36454P3	ILLUMINA	/cfs/klemming/projects/supr/snic2020-6-170/RawData/lcNGS_2025/files/P36454/P36454_354/02-FASTQ/20250916_LH00202_0275_B233JYLLT4/P36454_354_S352_L002_R1_001.fastq.gz	/cfs/klemming/projects/supr/snic2020-6-170/RawData/lcNGS_2025/files/P36454/P36454_354/02-FASTQ/20250916_LH00202_0275_B233JYLLT4/P36454_354_S352_L002_R2_001.fastq.gz
22.2144	P36454_354.3	P36454P3	ILLUMINA	/cfs/klemming/projects/supr/snic2020-6-170/RawData/lcNGS_2025/files/P36454/P36454_354/02-FASTQ/20250916_LH00202_0275_B233JYLLT4/P36454_354_S352_L003_R1_001.fastq.gz	/cfs/klemming/projects/supr/snic2020-6-170/RawData/lcNGS_2025/files/P36454/P36454_354/02-FASTQ/20250916_LH00202_0275_B233JYLLT4/P36454_354_S352_L003_R2_001.fastq.gz
23.1102	P36454_355.3	P36454P3	ILLUMINA	/cfs/klemming/projects/supr/snic2020-6-170/RawData/lcNGS_2025/files/P36454/P36454_355/02-FASTQ/20250916_LH00202_0275_B233JYLLT4/P36454_355_S353_L003_R1_001.fastq.gz	/cfs/klemming/projects/supr/snic2020-6-170/RawData/lcNGS_2025/files/P36454/P36454_355/02-FASTQ/20250916_LH00202_0275_B233JYLLT4/P36454_355_S353_L003_R2_001.fastq.gz
23.1102	P36454_355.4	P36454P3	ILLUMINA	/cfs/klemming/projects/supr/snic2020-6-170/RawData/lcNGS_2025/files/P36454/P36454_355/02-FASTQ/20250916_LH00202_0275_B233JYLLT4/P36454_355_S353_L004_R1_001.fastq.gz	/cfs/klemming/projects/supr/snic2020-6-170/RawData/lcNGS_2025/files/P36454/P36454_355/02-FASTQ/20250916_LH00202_0275_B233JYLLT4/P36454_355_S353_L004_R2_001.fastq.gz
23.1102	P36454_355.2	P36454P3	ILLUMINA	/cfs/klemming/projects/supr/snic2020-6-170/RawData/lcNGS_2025/files/P36454/P36454_355/02-FASTQ/20250916_LH00202_0275_B233JYLLT4/P36454_355_S353_L002_R1_001.fastq.gz	/cfs/klemming/projects/supr/snic2020-6-170/RawData/lcNGS_2025/files/P36454/P36454_355/02-FASTQ/20250916_LH00202_0275_B233JYLLT4/P36454_355_S353_L002_R2_001.fastq.gz
23.1103	P36454_356.4	P36454P3	ILLUMINA	/cfs/klemming/projects/supr/snic2020-6-170/RawData/lcNGS_2025/files/P36454/P36454_356/02-FASTQ/20250916_LH00202_0275_B233JYLLT4/P36454_356_S354_L004_R1_001.fastq.gz	/cfs/klemming/projects/supr/snic2020-6-170/RawData/lcNGS_2025/files/P36454/P36454_356/02-FASTQ/20250916_LH00202_0275_B233JYLLT4/P36454_356_S354_L004_R2_001.fastq.gz
23.1103	P36454_356.3	P36454P3	ILLUMINA	/cfs/klemming/projects/supr/snic2020-6-170/RawData/lcNGS_2025/files/P36454/P36454_356/02-FASTQ/20250916_LH00202_0275_B233JYLLT4/P36454_356_S354_L003_R1_001.fastq.gz	/cfs/klemming/projects/supr/snic2020-6-170/RawData/lcNGS_2025/files/P36454/P36454_356/02-FASTQ/20250916_LH00202_0275_B233JYLLT4/P36454_356_S354_L003_R2_001.fastq.gz
23.1103	P36454_356.2	P36454P3	ILLUMINA	/cfs/klemming/projects/supr/snic2020-6-170/RawData/lcNGS_2025/files/P36454/P36454_356/02-FASTQ/20250916_LH00202_0275_B233JYLLT4/P36454_356_S354_L002_R1_001.fastq.gz	/cfs/klemming/projects/supr/snic2020-6-170/RawData/lcNGS_2025/files/P36454/P36454_356/02-FASTQ/20250916_LH00202_0275_B233JYLLT4/P36454_356_S354_L002_R2_001.fastq.gz
23.1180	P36454_357.3	P36454P3	ILLUMINA	/cfs/klemming/projects/supr/snic2020-6-170/RawData/lcNGS_2025/files/P36454/P36454_357/02-FASTQ/20250916_LH00202_0275_B233JYLLT4/P36454_357_S355_L003_R1_001.fastq.gz	/cfs/klemming/projects/supr/snic2020-6-170/RawData/lcNGS_2025/files/P36454/P36454_357/02-FASTQ/20250916_LH00202_0275_B233JYLLT4/P36454_357_S355_L003_R2_001.fastq.gz
23.1180	P36454_357.2	P36454P3	ILLUMINA	/cfs/klemming/projects/supr/snic2020-6-170/RawData/lcNGS_2025/files/P36454/P36454_357/02-FASTQ/20250916_LH00202_0275_B233JYLLT4/P36454_357_S355_L002_R1_001.fastq.gz	/cfs/klemming/projects/supr/snic2020-6-170/RawData/lcNGS_2025/files/P36454/P36454_357/02-FASTQ/20250916_LH00202_0275_B233JYLLT4/P36454_357_S355_L002_R2_001.fastq.gz
23.1180	P36454_357.4	P36454P3	ILLUMINA	/cfs/klemming/projects/supr/snic2020-6-170/RawData/lcNGS_2025/files/P36454/P36454_357/02-FASTQ/20250916_LH00202_0275_B233JYLLT4/P36454_357_S355_L004_R1_001.fastq.gz	/cfs/klemming/projects/supr/snic2020-6-170/RawData/lcNGS_2025/files/P36454/P36454_357/02-FASTQ/20250916_LH00202_0275_B233JYLLT4/P36454_357_S355_L004_R2_001.fastq.gz
23.1181	P36454_358.4	P36454P3	ILLUMINA	/cfs/klemming/projects/supr/snic2020-6-170/RawData/lcNGS_2025/files/P36454/P36454_358/02-FASTQ/20250916_LH00202_0275_B233JYLLT4/P36454_358_S356_L004_R1_001.fastq.gz	/cfs/klemming/projects/supr/snic2020-6-170/RawData/lcNGS_2025/files/P36454/P36454_358/02-FASTQ/20250916_LH00202_0275_B233JYLLT4/P36454_358_S356_L004_R2_001.fastq.gz
23.1181	P36454_358.3	P36454P3	ILLUMINA	/cfs/klemming/projects/supr/snic2020-6-170/RawData/lcNGS_2025/files/P36454/P36454_358/02-FASTQ/20250916_LH00202_0275_B233JYLLT4/P36454_358_S356_L003_R1_001.fastq.gz	/cfs/klemming/projects/supr/snic2020-6-170/RawData/lcNGS_2025/files/P36454/P36454_358/02-FASTQ/20250916_LH00202_0275_B233JYLLT4/P36454_358_S356_L003_R2_001.fastq.gz
23.1181	P36454_358.2	P36454P3	ILLUMINA	/cfs/klemming/projects/supr/snic2020-6-170/RawData/lcNGS_2025/files/P36454/P36454_358/02-FASTQ/20250916_LH00202_0275_B233JYLLT4/P36454_358_S356_L002_R1_001.fastq.gz	/cfs/klemming/projects/supr/snic2020-6-170/RawData/lcNGS_2025/files/P36454/P36454_358/02-FASTQ/20250916_LH00202_0275_B233JYLLT4/P36454_358_S356_L002_R2_001.fastq.gz
23.1188	P36454_359.4	P36454P3	ILLUMINA	/cfs/klemming/projects/supr/snic2020-6-170/RawData/lcNGS_2025/files/P36454/P36454_359/02-FASTQ/20250916_LH00202_0275_B233JYLLT4/P36454_359_S357_L004_R1_001.fastq.gz	/cfs/klemming/projects/supr/snic2020-6-170/RawData/lcNGS_2025/files/P36454/P36454_359/02-FASTQ/20250916_LH00202_0275_B233JYLLT4/P36454_359_S357_L004_R2_001.fastq.gz
23.1188	P36454_359.3	P36454P3	ILLUMINA	/cfs/klemming/projects/supr/snic2020-6-170/RawData/lcNGS_2025/files/P36454/P36454_359/02-FASTQ/20250916_LH00202_0275_B233JYLLT4/P36454_359_S357_L003_R1_001.fastq.gz	/cfs/klemming/projects/supr/snic2020-6-170/RawData/lcNGS_2025/files/P36454/P36454_359/02-FASTQ/20250916_LH00202_0275_B233JYLLT4/P36454_359_S357_L003_R2_001.fastq.gz
23.1188	P36454_359.2	P36454P3	ILLUMINA	/cfs/klemming/projects/supr/snic2020-6-170/RawData/lcNGS_2025/files/P36454/P36454_359/02-FASTQ/20250916_LH00202_0275_B233JYLLT4/P36454_359_S357_L002_R1_001.fastq.gz	/cfs/klemming/projects/supr/snic2020-6-170/RawData/lcNGS_2025/files/P36454/P36454_359/02-FASTQ/20250916_LH00202_0275_B233JYLLT4/P36454_359_S357_L002_R2_001.fastq.gz
23.1190	P36454_360.4	P36454P3	ILLUMINA	/cfs/klemming/projects/supr/snic2020-6-170/RawData/lcNGS_2025/files/P36454/P36454_360/02-FASTQ/20250916_LH00202_0275_B233JYLLT4/P36454_360_S358_L004_R1_001.fastq.gz	/cfs/klemming/projects/supr/snic2020-6-170/RawData/lcNGS_2025/files/P36454/P36454_360/02-FASTQ/20250916_LH00202_0275_B233JYLLT4/P36454_360_S358_L004_R2_001.fastq.gz
23.1190	P36454_360.2	P36454P3	ILLUMINA	/cfs/klemming/projects/supr/snic2020-6-170/RawData/lcNGS_2025/files/P36454/P36454_360/02-FASTQ/20250916_LH00202_0275_B233JYLLT4/P36454_360_S358_L002_R1_001.fastq.gz	/cfs/klemming/projects/supr/snic2020-6-170/RawData/lcNGS_2025/files/P36454/P36454_360/02-FASTQ/20250916_LH00202_0275_B233JYLLT4/P36454_360_S358_L002_R2_001.fastq.gz
23.1190	P36454_360.3	P36454P3	ILLUMINA	/cfs/klemming/projects/supr/snic2020-6-170/RawData/lcNGS_2025/files/P36454/P36454_360/02-FASTQ/20250916_LH00202_0275_B233JYLLT4/P36454_360_S358_L003_R1_001.fastq.gz	/cfs/klemming/projects/supr/snic2020-6-170/RawData/lcNGS_2025/files/P36454/P36454_360/02-FASTQ/20250916_LH00202_0275_B233JYLLT4/P36454_360_S358_L003_R2_001.fastq.gz
23.1196	P36454_361.4	P36454P3	ILLUMINA	/cfs/klemming/projects/supr/snic2020-6-170/RawData/lcNGS_2025/files/P36454/P36454_361/02-FASTQ/20250916_LH00202_0275_B233JYLLT4/P36454_361_S359_L004_R1_001.fastq.gz	/cfs/klemming/projects/supr/snic2020-6-170/RawData/lcNGS_2025/files/P36454/P36454_361/02-FASTQ/20250916_LH00202_0275_B233JYLLT4/P36454_361_S359_L004_R2_001.fastq.gz
23.1196	P36454_361.3	P36454P3	ILLUMINA	/cfs/klemming/projects/supr/snic2020-6-170/RawData/lcNGS_2025/files/P36454/P36454_361/02-FASTQ/20250916_LH00202_0275_B233JYLLT4/P36454_361_S359_L003_R1_001.fastq.gz	/cfs/klemming/projects/supr/snic2020-6-170/RawData/lcNGS_2025/files/P36454/P36454_361/02-FASTQ/20250916_LH00202_0275_B233JYLLT4/P36454_361_S359_L003_R2_001.fastq.gz
23.1196	P36454_361.2	P36454P3	ILLUMINA	/cfs/klemming/projects/supr/snic2020-6-170/RawData/lcNGS_2025/files/P36454/P36454_361/02-FASTQ/20250916_LH00202_0275_B233JYLLT4/P36454_361_S359_L002_R1_001.fastq.gz	/cfs/klemming/projects/supr/snic2020-6-170/RawData/lcNGS_2025/files/P36454/P36454_361/02-FASTQ/20250916_LH00202_0275_B233JYLLT4/P36454_361_S359_L002_R2_001.fastq.gz
23.1258	P36454_362.3	P36454P3	ILLUMINA	/cfs/klemming/projects/supr/snic2020-6-170/RawData/lcNGS_2025/files/P36454/P36454_362/02-FASTQ/20250916_LH00202_0275_B233JYLLT4/P36454_362_S360_L003_R1_001.fastq.gz	/cfs/klemming/projects/supr/snic2020-6-170/RawData/lcNGS_2025/files/P36454/P36454_362/02-FASTQ/20250916_LH00202_0275_B233JYLLT4/P36454_362_S360_L003_R2_001.fastq.gz
23.1258	P36454_362.2	P36454P3	ILLUMINA	/cfs/klemming/projects/supr/snic2020-6-170/RawData/lcNGS_2025/files/P36454/P36454_362/02-FASTQ/20250916_LH00202_0275_B233JYLLT4/P36454_362_S360_L002_R1_001.fastq.gz	/cfs/klemming/projects/supr/snic2020-6-170/RawData/lcNGS_2025/files/P36454/P36454_362/02-FASTQ/20250916_LH00202_0275_B233JYLLT4/P36454_362_S360_L002_R2_001.fastq.gz
23.1258	P36454_362.4	P36454P3	ILLUMINA	/cfs/klemming/projects/supr/snic2020-6-170/RawData/lcNGS_2025/files/P36454/P36454_362/02-FASTQ/20250916_LH00202_0275_B233JYLLT4/P36454_362_S360_L004_R1_001.fastq.gz	/cfs/klemming/projects/supr/snic2020-6-170/RawData/lcNGS_2025/files/P36454/P36454_362/02-FASTQ/20250916_LH00202_0275_B233JYLLT4/P36454_362_S360_L004_R2_001.fastq.gz
23.1259	P36454_363.4	P36454P3	ILLUMINA	/cfs/klemming/projects/supr/snic2020-6-170/RawData/lcNGS_2025/files/P36454/P36454_363/02-FASTQ/20250916_LH00202_0275_B233JYLLT4/P36454_363_S361_L004_R1_001.fastq.gz	/cfs/klemming/projects/supr/snic2020-6-170/RawData/lcNGS_2025/files/P36454/P36454_363/02-FASTQ/20250916_LH00202_0275_B233JYLLT4/P36454_363_S361_L004_R2_001.fastq.gz
23.1259	P36454_363.2	P36454P3	ILLUMINA	/cfs/klemming/projects/supr/snic2020-6-170/RawData/lcNGS_2025/files/P36454/P36454_363/02-FASTQ/20250916_LH00202_0275_B233JYLLT4/P36454_363_S361_L002_R1_001.fastq.gz	/cfs/klemming/projects/supr/snic2020-6-170/RawData/lcNGS_2025/files/P36454/P36454_363/02-FASTQ/20250916_LH00202_0275_B233JYLLT4/P36454_363_S361_L002_R2_001.fastq.gz
23.1259	P36454_363.3	P36454P3	ILLUMINA	/cfs/klemming/projects/supr/snic2020-6-170/RawData/lcNGS_2025/files/P36454/P36454_363/02-FASTQ/20250916_LH00202_0275_B233JYLLT4/P36454_363_S361_L003_R1_001.fastq.gz	/cfs/klemming/projects/supr/snic2020-6-170/RawData/lcNGS_2025/files/P36454/P36454_363/02-FASTQ/20250916_LH00202_0275_B233JYLLT4/P36454_363_S361_L003_R2_001.fastq.gz
23.1261	P36454_364.2	P36454P3	ILLUMINA	/cfs/klemming/projects/supr/snic2020-6-170/RawData/lcNGS_2025/files/P36454/P36454_364/02-FASTQ/20250916_LH00202_0275_B233JYLLT4/P36454_364_S362_L002_R1_001.fastq.gz	/cfs/klemming/projects/supr/snic2020-6-170/RawData/lcNGS_2025/files/P36454/P36454_364/02-FASTQ/20250916_LH00202_0275_B233JYLLT4/P36454_364_S362_L002_R2_001.fastq.gz
23.1261	P36454_364.3	P36454P3	ILLUMINA	/cfs/klemming/projects/supr/snic2020-6-170/RawData/lcNGS_2025/files/P36454/P36454_364/02-FASTQ/20250916_LH00202_0275_B233JYLLT4/P36454_364_S362_L003_R1_001.fastq.gz	/cfs/klemming/projects/supr/snic2020-6-170/RawData/lcNGS_2025/files/P36454/P36454_364/02-FASTQ/20250916_LH00202_0275_B233JYLLT4/P36454_364_S362_L003_R2_001.fastq.gz
23.1261	P36454_364.4	P36454P3	ILLUMINA	/cfs/klemming/projects/supr/snic2020-6-170/RawData/lcNGS_2025/files/P36454/P36454_364/02-FASTQ/20250916_LH00202_0275_B233JYLLT4/P36454_364_S362_L004_R1_001.fastq.gz	/cfs/klemming/projects/supr/snic2020-6-170/RawData/lcNGS_2025/files/P36454/P36454_364/02-FASTQ/20250916_LH00202_0275_B233JYLLT4/P36454_364_S362_L004_R2_001.fastq.gz
23.1264	P36454_365.4	P36454P3	ILLUMINA	/cfs/klemming/projects/supr/snic2020-6-170/RawData/lcNGS_2025/files/P36454/P36454_365/02-FASTQ/20250916_LH00202_0275_B233JYLLT4/P36454_365_S363_L004_R1_001.fastq.gz	/cfs/klemming/projects/supr/snic2020-6-170/RawData/lcNGS_2025/files/P36454/P36454_365/02-FASTQ/20250916_LH00202_0275_B233JYLLT4/P36454_365_S363_L004_R2_001.fastq.gz
23.1264	P36454_365.3	P36454P3	ILLUMINA	/cfs/klemming/projects/supr/snic2020-6-170/RawData/lcNGS_2025/files/P36454/P36454_365/02-FASTQ/20250916_LH00202_0275_B233JYLLT4/P36454_365_S363_L003_R1_001.fastq.gz	/cfs/klemming/projects/supr/snic2020-6-170/RawData/lcNGS_2025/files/P36454/P36454_365/02-FASTQ/20250916_LH00202_0275_B233JYLLT4/P36454_365_S363_L003_R2_001.fastq.gz
23.1264	P36454_365.2	P36454P3	ILLUMINA	/cfs/klemming/projects/supr/snic2020-6-170/RawData/lcNGS_2025/files/P36454/P36454_365/02-FASTQ/20250916_LH00202_0275_B233JYLLT4/P36454_365_S363_L002_R1_001.fastq.gz	/cfs/klemming/projects/supr/snic2020-6-170/RawData/lcNGS_2025/files/P36454/P36454_365/02-FASTQ/20250916_LH00202_0275_B233JYLLT4/P36454_365_S363_L002_R2_001.fastq.gz
23.1271	P36454_366.2	P36454P3	ILLUMINA	/cfs/klemming/projects/supr/snic2020-6-170/RawData/lcNGS_2025/files/P36454/P36454_366/02-FASTQ/20250916_LH00202_0275_B233JYLLT4/P36454_366_S364_L002_R1_001.fastq.gz	/cfs/klemming/projects/supr/snic2020-6-170/RawData/lcNGS_2025/files/P36454/P36454_366/02-FASTQ/20250916_LH00202_0275_B233JYLLT4/P36454_366_S364_L002_R2_001.fastq.gz
23.1271	P36454_366.4	P36454P3	ILLUMINA	/cfs/klemming/projects/supr/snic2020-6-170/RawData/lcNGS_2025/files/P36454/P36454_366/02-FASTQ/20250916_LH00202_0275_B233JYLLT4/P36454_366_S364_L004_R1_001.fastq.gz	/cfs/klemming/projects/supr/snic2020-6-170/RawData/lcNGS_2025/files/P36454/P36454_366/02-FASTQ/20250916_LH00202_0275_B233JYLLT4/P36454_366_S364_L004_R2_001.fastq.gz
23.1271	P36454_366.3	P36454P3	ILLUMINA	/cfs/klemming/projects/supr/snic2020-6-170/RawData/lcNGS_2025/files/P36454/P36454_366/02-FASTQ/20250916_LH00202_0275_B233JYLLT4/P36454_366_S364_L003_R1_001.fastq.gz	/cfs/klemming/projects/supr/snic2020-6-170/RawData/lcNGS_2025/files/P36454/P36454_366/02-FASTQ/20250916_LH00202_0275_B233JYLLT4/P36454_366_S364_L003_R2_001.fastq.gz
23.1275	P36454_367.2	P36454P3	ILLUMINA	/cfs/klemming/projects/supr/snic2020-6-170/RawData/lcNGS_2025/files/P36454/P36454_367/02-FASTQ/20250916_LH00202_0275_B233JYLLT4/P36454_367_S365_L002_R1_001.fastq.gz	/cfs/klemming/projects/supr/snic2020-6-170/RawData/lcNGS_2025/files/P36454/P36454_367/02-FASTQ/20250916_LH00202_0275_B233JYLLT4/P36454_367_S365_L002_R2_001.fastq.gz
23.1275	P36454_367.3	P36454P3	ILLUMINA	/cfs/klemming/projects/supr/snic2020-6-170/RawData/lcNGS_2025/files/P36454/P36454_367/02-FASTQ/20250916_LH00202_0275_B233JYLLT4/P36454_367_S365_L003_R1_001.fastq.gz	/cfs/klemming/projects/supr/snic2020-6-170/RawData/lcNGS_2025/files/P36454/P36454_367/02-FASTQ/20250916_LH00202_0275_B233JYLLT4/P36454_367_S365_L003_R2_001.fastq.gz
23.1275	P36454_367.4	P36454P3	ILLUMINA	/cfs/klemming/projects/supr/snic2020-6-170/RawData/lcNGS_2025/files/P36454/P36454_367/02-FASTQ/20250916_LH00202_0275_B233JYLLT4/P36454_367_S365_L004_R1_001.fastq.gz	/cfs/klemming/projects/supr/snic2020-6-170/RawData/lcNGS_2025/files/P36454/P36454_367/02-FASTQ/20250916_LH00202_0275_B233JYLLT4/P36454_367_S365_L004_R2_001.fastq.gz
23.1318	P36454_368.2	P36454P3	ILLUMINA	/cfs/klemming/projects/supr/snic2020-6-170/RawData/lcNGS_2025/files/P36454/P36454_368/02-FASTQ/20250916_LH00202_0275_B233JYLLT4/P36454_368_S366_L002_R1_001.fastq.gz	/cfs/klemming/projects/supr/snic2020-6-170/RawData/lcNGS_2025/files/P36454/P36454_368/02-FASTQ/20250916_LH00202_0275_B233JYLLT4/P36454_368_S366_L002_R2_001.fastq.gz
23.1318	P36454_368.4	P36454P3	ILLUMINA	/cfs/klemming/projects/supr/snic2020-6-170/RawData/lcNGS_2025/files/P36454/P36454_368/02-FASTQ/20250916_LH00202_0275_B233JYLLT4/P36454_368_S366_L004_R1_001.fastq.gz	/cfs/klemming/projects/supr/snic2020-6-170/RawData/lcNGS_2025/files/P36454/P36454_368/02-FASTQ/20250916_LH00202_0275_B233JYLLT4/P36454_368_S366_L004_R2_001.fastq.gz
23.1318	P36454_368.3	P36454P3	ILLUMINA	/cfs/klemming/projects/supr/snic2020-6-170/RawData/lcNGS_2025/files/P36454/P36454_368/02-FASTQ/20250916_LH00202_0275_B233JYLLT4/P36454_368_S366_L003_R1_001.fastq.gz	/cfs/klemming/projects/supr/snic2020-6-170/RawData/lcNGS_2025/files/P36454/P36454_368/02-FASTQ/20250916_LH00202_0275_B233JYLLT4/P36454_368_S366_L003_R2_001.fastq.gz
24.1446	P36454_369.3	P36454P3	ILLUMINA	/cfs/klemming/projects/supr/snic2020-6-170/RawData/lcNGS_2025/files/P36454/P36454_369/02-FASTQ/20250916_LH00202_0275_B233JYLLT4/P36454_369_S367_L003_R1_001.fastq.gz	/cfs/klemming/projects/supr/snic2020-6-170/RawData/lcNGS_2025/files/P36454/P36454_369/02-FASTQ/20250916_LH00202_0275_B233JYLLT4/P36454_369_S367_L003_R2_001.fastq.gz
24.1446	P36454_369.4	P36454P3	ILLUMINA	/cfs/klemming/projects/supr/snic2020-6-170/RawData/lcNGS_2025/files/P36454/P36454_369/02-FASTQ/20250916_LH00202_0275_B233JYLLT4/P36454_369_S367_L004_R1_001.fastq.gz	/cfs/klemming/projects/supr/snic2020-6-170/RawData/lcNGS_2025/files/P36454/P36454_369/02-FASTQ/20250916_LH00202_0275_B233JYLLT4/P36454_369_S367_L004_R2_001.fastq.gz
24.1446	P36454_369.2	P36454P3	ILLUMINA	/cfs/klemming/projects/supr/snic2020-6-170/RawData/lcNGS_2025/files/P36454/P36454_369/02-FASTQ/20250916_LH00202_0275_B233JYLLT4/P36454_369_S367_L002_R1_001.fastq.gz	/cfs/klemming/projects/supr/snic2020-6-170/RawData/lcNGS_2025/files/P36454/P36454_369/02-FASTQ/20250916_LH00202_0275_B233JYLLT4/P36454_369_S367_L002_R2_001.fastq.gz
24.1457	P36454_370.3	P36454P3	ILLUMINA	/cfs/klemming/projects/supr/snic2020-6-170/RawData/lcNGS_2025/files/P36454/P36454_370/02-FASTQ/20250916_LH00202_0275_B233JYLLT4/P36454_370_S368_L003_R1_001.fastq.gz	/cfs/klemming/projects/supr/snic2020-6-170/RawData/lcNGS_2025/files/P36454/P36454_370/02-FASTQ/20250916_LH00202_0275_B233JYLLT4/P36454_370_S368_L003_R2_001.fastq.gz
24.1457	P36454_370.2	P36454P3	ILLUMINA	/cfs/klemming/projects/supr/snic2020-6-170/RawData/lcNGS_2025/files/P36454/P36454_370/02-FASTQ/20250916_LH00202_0275_B233JYLLT4/P36454_370_S368_L002_R1_001.fastq.gz	/cfs/klemming/projects/supr/snic2020-6-170/RawData/lcNGS_2025/files/P36454/P36454_370/02-FASTQ/20250916_LH00202_0275_B233JYLLT4/P36454_370_S368_L002_R2_001.fastq.gz
24.1457	P36454_370.4	P36454P3	ILLUMINA	/cfs/klemming/projects/supr/snic2020-6-170/RawData/lcNGS_2025/files/P36454/P36454_370/02-FASTQ/20250916_LH00202_0275_B233JYLLT4/P36454_370_S368_L004_R1_001.fastq.gz	/cfs/klemming/projects/supr/snic2020-6-170/RawData/lcNGS_2025/files/P36454/P36454_370/02-FASTQ/20250916_LH00202_0275_B233JYLLT4/P36454_370_S368_L004_R2_001.fastq.gz
24.1458	P36454_371.2	P36454P3	ILLUMINA	/cfs/klemming/projects/supr/snic2020-6-170/RawData/lcNGS_2025/files/P36454/P36454_371/02-FASTQ/20250916_LH00202_0275_B233JYLLT4/P36454_371_S369_L002_R1_001.fastq.gz	/cfs/klemming/projects/supr/snic2020-6-170/RawData/lcNGS_2025/files/P36454/P36454_371/02-FASTQ/20250916_LH00202_0275_B233JYLLT4/P36454_371_S369_L002_R2_001.fastq.gz
24.1458	P36454_371.3	P36454P3	ILLUMINA	/cfs/klemming/projects/supr/snic2020-6-170/RawData/lcNGS_2025/files/P36454/P36454_371/02-FASTQ/20250916_LH00202_0275_B233JYLLT4/P36454_371_S369_L003_R1_001.fastq.gz	/cfs/klemming/projects/supr/snic2020-6-170/RawData/lcNGS_2025/files/P36454/P36454_371/02-FASTQ/20250916_LH00202_0275_B233JYLLT4/P36454_371_S369_L003_R2_001.fastq.gz
24.1458	P36454_371.4	P36454P3	ILLUMINA	/cfs/klemming/projects/supr/snic2020-6-170/RawData/lcNGS_2025/files/P36454/P36454_371/02-FASTQ/20250916_LH00202_0275_B233JYLLT4/P36454_371_S369_L004_R1_001.fastq.gz	/cfs/klemming/projects/supr/snic2020-6-170/RawData/lcNGS_2025/files/P36454/P36454_371/02-FASTQ/20250916_LH00202_0275_B233JYLLT4/P36454_371_S369_L004_R2_001.fastq.gz
24.1475	P36454_372.2	P36454P3	ILLUMINA	/cfs/klemming/projects/supr/snic2020-6-170/RawData/lcNGS_2025/files/P36454/P36454_372/02-FASTQ/20250916_LH00202_0275_B233JYLLT4/P36454_372_S370_L002_R1_001.fastq.gz	/cfs/klemming/projects/supr/snic2020-6-170/RawData/lcNGS_2025/files/P36454/P36454_372/02-FASTQ/20250916_LH00202_0275_B233JYLLT4/P36454_372_S370_L002_R2_001.fastq.gz
24.1475	P36454_372.3	P36454P3	ILLUMINA	/cfs/klemming/projects/supr/snic2020-6-170/RawData/lcNGS_2025/files/P36454/P36454_372/02-FASTQ/20250916_LH00202_0275_B233JYLLT4/P36454_372_S370_L003_R1_001.fastq.gz	/cfs/klemming/projects/supr/snic2020-6-170/RawData/lcNGS_2025/files/P36454/P36454_372/02-FASTQ/20250916_LH00202_0275_B233JYLLT4/P36454_372_S370_L003_R2_001.fastq.gz
24.1475	P36454_372.4	P36454P3	ILLUMINA	/cfs/klemming/projects/supr/snic2020-6-170/RawData/lcNGS_2025/files/P36454/P36454_372/02-FASTQ/20250916_LH00202_0275_B233JYLLT4/P36454_372_S370_L004_R1_001.fastq.gz	/cfs/klemming/projects/supr/snic2020-6-170/RawData/lcNGS_2025/files/P36454/P36454_372/02-FASTQ/20250916_LH00202_0275_B233JYLLT4/P36454_372_S370_L004_R2_001.fastq.gz
24.1476	P36454_373.4	P36454P3	ILLUMINA	/cfs/klemming/projects/supr/snic2020-6-170/RawData/lcNGS_2025/files/P36454/P36454_373/02-FASTQ/20250916_LH00202_0275_B233JYLLT4/P36454_373_S371_L004_R1_001.fastq.gz	/cfs/klemming/projects/supr/snic2020-6-170/RawData/lcNGS_2025/files/P36454/P36454_373/02-FASTQ/20250916_LH00202_0275_B233JYLLT4/P36454_373_S371_L004_R2_001.fastq.gz
24.1476	P36454_373.2	P36454P3	ILLUMINA	/cfs/klemming/projects/supr/snic2020-6-170/RawData/lcNGS_2025/files/P36454/P36454_373/02-FASTQ/20250916_LH00202_0275_B233JYLLT4/P36454_373_S371_L002_R1_001.fastq.gz	/cfs/klemming/projects/supr/snic2020-6-170/RawData/lcNGS_2025/files/P36454/P36454_373/02-FASTQ/20250916_LH00202_0275_B233JYLLT4/P36454_373_S371_L002_R2_001.fastq.gz
24.1476	P36454_373.3	P36454P3	ILLUMINA	/cfs/klemming/projects/supr/snic2020-6-170/RawData/lcNGS_2025/files/P36454/P36454_373/02-FASTQ/20250916_LH00202_0275_B233JYLLT4/P36454_373_S371_L003_R1_001.fastq.gz	/cfs/klemming/projects/supr/snic2020-6-170/RawData/lcNGS_2025/files/P36454/P36454_373/02-FASTQ/20250916_LH00202_0275_B233JYLLT4/P36454_373_S371_L003_R2_001.fastq.gz
24.1493	P36454_374.4	P36454P3	ILLUMINA	/cfs/klemming/projects/supr/snic2020-6-170/RawData/lcNGS_2025/files/P36454/P36454_374/02-FASTQ/20250916_LH00202_0275_B233JYLLT4/P36454_374_S372_L004_R1_001.fastq.gz	/cfs/klemming/projects/supr/snic2020-6-170/RawData/lcNGS_2025/files/P36454/P36454_374/02-FASTQ/20250916_LH00202_0275_B233JYLLT4/P36454_374_S372_L004_R2_001.fastq.gz
24.1493	P36454_374.2	P36454P3	ILLUMINA	/cfs/klemming/projects/supr/snic2020-6-170/RawData/lcNGS_2025/files/P36454/P36454_374/02-FASTQ/20250916_LH00202_0275_B233JYLLT4/P36454_374_S372_L002_R1_001.fastq.gz	/cfs/klemming/projects/supr/snic2020-6-170/RawData/lcNGS_2025/files/P36454/P36454_374/02-FASTQ/20250916_LH00202_0275_B233JYLLT4/P36454_374_S372_L002_R2_001.fastq.gz
24.1493	P36454_374.3	P36454P3	ILLUMINA	/cfs/klemming/projects/supr/snic2020-6-170/RawData/lcNGS_2025/files/P36454/P36454_374/02-FASTQ/20250916_LH00202_0275_B233JYLLT4/P36454_374_S372_L003_R1_001.fastq.gz	/cfs/klemming/projects/supr/snic2020-6-170/RawData/lcNGS_2025/files/P36454/P36454_374/02-FASTQ/20250916_LH00202_0275_B233JYLLT4/P36454_374_S372_L003_R2_001.fastq.gz
24.1719	P36454_375.4	P36454P3	ILLUMINA	/cfs/klemming/projects/supr/snic2020-6-170/RawData/lcNGS_2025/files/P36454/P36454_375/02-FASTQ/20250916_LH00202_0275_B233JYLLT4/P36454_375_S373_L004_R1_001.fastq.gz	/cfs/klemming/projects/supr/snic2020-6-170/RawData/lcNGS_2025/files/P36454/P36454_375/02-FASTQ/20250916_LH00202_0275_B233JYLLT4/P36454_375_S373_L004_R2_001.fastq.gz
24.1719	P36454_375.2	P36454P3	ILLUMINA	/cfs/klemming/projects/supr/snic2020-6-170/RawData/lcNGS_2025/files/P36454/P36454_375/02-FASTQ/20250916_LH00202_0275_B233JYLLT4/P36454_375_S373_L002_R1_001.fastq.gz	/cfs/klemming/projects/supr/snic2020-6-170/RawData/lcNGS_2025/files/P36454/P36454_375/02-FASTQ/20250916_LH00202_0275_B233JYLLT4/P36454_375_S373_L002_R2_001.fastq.gz
24.1719	P36454_375.3	P36454P3	ILLUMINA	/cfs/klemming/projects/supr/snic2020-6-170/RawData/lcNGS_2025/files/P36454/P36454_375/02-FASTQ/20250916_LH00202_0275_B233JYLLT4/P36454_375_S373_L003_R1_001.fastq.gz	/cfs/klemming/projects/supr/snic2020-6-170/RawData/lcNGS_2025/files/P36454/P36454_375/02-FASTQ/20250916_LH00202_0275_B233JYLLT4/P36454_375_S373_L003_R2_001.fastq.gz
24.1720	P36454_376.2	P36454P3	ILLUMINA	/cfs/klemming/projects/supr/snic2020-6-170/RawData/lcNGS_2025/files/P36454/P36454_376/02-FASTQ/20250916_LH00202_0275_B233JYLLT4/P36454_376_S374_L002_R1_001.fastq.gz	/cfs/klemming/projects/supr/snic2020-6-170/RawData/lcNGS_2025/files/P36454/P36454_376/02-FASTQ/20250916_LH00202_0275_B233JYLLT4/P36454_376_S374_L002_R2_001.fastq.gz
24.1720	P36454_376.3	P36454P3	ILLUMINA	/cfs/klemming/projects/supr/snic2020-6-170/RawData/lcNGS_2025/files/P36454/P36454_376/02-FASTQ/20250916_LH00202_0275_B233JYLLT4/P36454_376_S374_L003_R1_001.fastq.gz	/cfs/klemming/projects/supr/snic2020-6-170/RawData/lcNGS_2025/files/P36454/P36454_376/02-FASTQ/20250916_LH00202_0275_B233JYLLT4/P36454_376_S374_L003_R2_001.fastq.gz
24.1720	P36454_376.4	P36454P3	ILLUMINA	/cfs/klemming/projects/supr/snic2020-6-170/RawData/lcNGS_2025/files/P36454/P36454_376/02-FASTQ/20250916_LH00202_0275_B233JYLLT4/P36454_376_S374_L004_R1_001.fastq.gz	/cfs/klemming/projects/supr/snic2020-6-170/RawData/lcNGS_2025/files/P36454/P36454_376/02-FASTQ/20250916_LH00202_0275_B233JYLLT4/P36454_376_S374_L004_R2_001.fastq.gz
24.1726	P36454_377.4	P36454P3	ILLUMINA	/cfs/klemming/projects/supr/snic2020-6-170/RawData/lcNGS_2025/files/P36454/P36454_377/02-FASTQ/20250916_LH00202_0275_B233JYLLT4/P36454_377_S375_L004_R1_001.fastq.gz	/cfs/klemming/projects/supr/snic2020-6-170/RawData/lcNGS_2025/files/P36454/P36454_377/02-FASTQ/20250916_LH00202_0275_B233JYLLT4/P36454_377_S375_L004_R2_001.fastq.gz
24.1726	P36454_377.2	P36454P3	ILLUMINA	/cfs/klemming/projects/supr/snic2020-6-170/RawData/lcNGS_2025/files/P36454/P36454_377/02-FASTQ/20250916_LH00202_0275_B233JYLLT4/P36454_377_S375_L002_R1_001.fastq.gz	/cfs/klemming/projects/supr/snic2020-6-170/RawData/lcNGS_2025/files/P36454/P36454_377/02-FASTQ/20250916_LH00202_0275_B233JYLLT4/P36454_377_S375_L002_R2_001.fastq.gz
24.1726	P36454_377.3	P36454P3	ILLUMINA	/cfs/klemming/projects/supr/snic2020-6-170/RawData/lcNGS_2025/files/P36454/P36454_377/02-FASTQ/20250916_LH00202_0275_B233JYLLT4/P36454_377_S375_L003_R1_001.fastq.gz	/cfs/klemming/projects/supr/snic2020-6-170/RawData/lcNGS_2025/files/P36454/P36454_377/02-FASTQ/20250916_LH00202_0275_B233JYLLT4/P36454_377_S375_L003_R2_001.fastq.gz
24.1734	P36454_378.2	P36454P3	ILLUMINA	/cfs/klemming/projects/supr/snic2020-6-170/RawData/lcNGS_2025/files/P36454/P36454_378/02-FASTQ/20250916_LH00202_0275_B233JYLLT4/P36454_378_S376_L002_R1_001.fastq.gz	/cfs/klemming/projects/supr/snic2020-6-170/RawData/lcNGS_2025/files/P36454/P36454_378/02-FASTQ/20250916_LH00202_0275_B233JYLLT4/P36454_378_S376_L002_R2_001.fastq.gz
24.1734	P36454_378.4	P36454P3	ILLUMINA	/cfs/klemming/projects/supr/snic2020-6-170/RawData/lcNGS_2025/files/P36454/P36454_378/02-FASTQ/20250916_LH00202_0275_B233JYLLT4/P36454_378_S376_L004_R1_001.fastq.gz	/cfs/klemming/projects/supr/snic2020-6-170/RawData/lcNGS_2025/files/P36454/P36454_378/02-FASTQ/20250916_LH00202_0275_B233JYLLT4/P36454_378_S376_L004_R2_001.fastq.gz
24.1734	P36454_378.3	P36454P3	ILLUMINA	/cfs/klemming/projects/supr/snic2020-6-170/RawData/lcNGS_2025/files/P36454/P36454_378/02-FASTQ/20250916_LH00202_0275_B233JYLLT4/P36454_378_S376_L003_R1_001.fastq.gz	/cfs/klemming/projects/supr/snic2020-6-170/RawData/lcNGS_2025/files/P36454/P36454_378/02-FASTQ/20250916_LH00202_0275_B233JYLLT4/P36454_378_S376_L003_R2_001.fastq.gz
24.1799	P36454_379.3	P36454P3	ILLUMINA	/cfs/klemming/projects/supr/snic2020-6-170/RawData/lcNGS_2025/files/P36454/P36454_379/02-FASTQ/20250916_LH00202_0275_B233JYLLT4/P36454_379_S377_L003_R1_001.fastq.gz	/cfs/klemming/projects/supr/snic2020-6-170/RawData/lcNGS_2025/files/P36454/P36454_379/02-FASTQ/20250916_LH00202_0275_B233JYLLT4/P36454_379_S377_L003_R2_001.fastq.gz
24.1799	P36454_379.4	P36454P3	ILLUMINA	/cfs/klemming/projects/supr/snic2020-6-170/RawData/lcNGS_2025/files/P36454/P36454_379/02-FASTQ/20250916_LH00202_0275_B233JYLLT4/P36454_379_S377_L004_R1_001.fastq.gz	/cfs/klemming/projects/supr/snic2020-6-170/RawData/lcNGS_2025/files/P36454/P36454_379/02-FASTQ/20250916_LH00202_0275_B233JYLLT4/P36454_379_S377_L004_R2_001.fastq.gz
24.1799	P36454_379.2	P36454P3	ILLUMINA	/cfs/klemming/projects/supr/snic2020-6-170/RawData/lcNGS_2025/files/P36454/P36454_379/02-FASTQ/20250916_LH00202_0275_B233JYLLT4/P36454_379_S377_L002_R1_001.fastq.gz	/cfs/klemming/projects/supr/snic2020-6-170/RawData/lcNGS_2025/files/P36454/P36454_379/02-FASTQ/20250916_LH00202_0275_B233JYLLT4/P36454_379_S377_L002_R2_001.fastq.gz
24.1800	P36454_380.2	P36454P3	ILLUMINA	/cfs/klemming/projects/supr/snic2020-6-170/RawData/lcNGS_2025/files/P36454/P36454_380/02-FASTQ/20250916_LH00202_0275_B233JYLLT4/P36454_380_S378_L002_R1_001.fastq.gz	/cfs/klemming/projects/supr/snic2020-6-170/RawData/lcNGS_2025/files/P36454/P36454_380/02-FASTQ/20250916_LH00202_0275_B233JYLLT4/P36454_380_S378_L002_R2_001.fastq.gz
24.1800	P36454_380.4	P36454P3	ILLUMINA	/cfs/klemming/projects/supr/snic2020-6-170/RawData/lcNGS_2025/files/P36454/P36454_380/02-FASTQ/20250916_LH00202_0275_B233JYLLT4/P36454_380_S378_L004_R1_001.fastq.gz	/cfs/klemming/projects/supr/snic2020-6-170/RawData/lcNGS_2025/files/P36454/P36454_380/02-FASTQ/20250916_LH00202_0275_B233JYLLT4/P36454_380_S378_L004_R2_001.fastq.gz
24.1800	P36454_380.3	P36454P3	ILLUMINA	/cfs/klemming/projects/supr/snic2020-6-170/RawData/lcNGS_2025/files/P36454/P36454_380/02-FASTQ/20250916_LH00202_0275_B233JYLLT4/P36454_380_S378_L003_R1_001.fastq.gz	/cfs/klemming/projects/supr/snic2020-6-170/RawData/lcNGS_2025/files/P36454/P36454_380/02-FASTQ/20250916_LH00202_0275_B233JYLLT4/P36454_380_S378_L003_R2_001.fastq.gz
24.1804	P36454_381.4	P36454P3	ILLUMINA	/cfs/klemming/projects/supr/snic2020-6-170/RawData/lcNGS_2025/files/P36454/P36454_381/02-FASTQ/20250916_LH00202_0275_B233JYLLT4/P36454_381_S379_L004_R1_001.fastq.gz	/cfs/klemming/projects/supr/snic2020-6-170/RawData/lcNGS_2025/files/P36454/P36454_381/02-FASTQ/20250916_LH00202_0275_B233JYLLT4/P36454_381_S379_L004_R2_001.fastq.gz
24.1804	P36454_381.2	P36454P3	ILLUMINA	/cfs/klemming/projects/supr/snic2020-6-170/RawData/lcNGS_2025/files/P36454/P36454_381/02-FASTQ/20250916_LH00202_0275_B233JYLLT4/P36454_381_S379_L002_R1_001.fastq.gz	/cfs/klemming/projects/supr/snic2020-6-170/RawData/lcNGS_2025/files/P36454/P36454_381/02-FASTQ/20250916_LH00202_0275_B233JYLLT4/P36454_381_S379_L002_R2_001.fastq.gz
24.1804	P36454_381.3	P36454P3	ILLUMINA	/cfs/klemming/projects/supr/snic2020-6-170/RawData/lcNGS_2025/files/P36454/P36454_381/02-FASTQ/20250916_LH00202_0275_B233JYLLT4/P36454_381_S379_L003_R1_001.fastq.gz	/cfs/klemming/projects/supr/snic2020-6-170/RawData/lcNGS_2025/files/P36454/P36454_381/02-FASTQ/20250916_LH00202_0275_B233JYLLT4/P36454_381_S379_L003_R2_001.fastq.gz
24.1821	P36454_382.2	P36454P3	ILLUMINA	/cfs/klemming/projects/supr/snic2020-6-170/RawData/lcNGS_2025/files/P36454/P36454_382/02-FASTQ/20250916_LH00202_0275_B233JYLLT4/P36454_382_S380_L002_R1_001.fastq.gz	/cfs/klemming/projects/supr/snic2020-6-170/RawData/lcNGS_2025/files/P36454/P36454_382/02-FASTQ/20250916_LH00202_0275_B233JYLLT4/P36454_382_S380_L002_R2_001.fastq.gz
24.1821	P36454_382.4	P36454P3	ILLUMINA	/cfs/klemming/projects/supr/snic2020-6-170/RawData/lcNGS_2025/files/P36454/P36454_382/02-FASTQ/20250916_LH00202_0275_B233JYLLT4/P36454_382_S380_L004_R1_001.fastq.gz	/cfs/klemming/projects/supr/snic2020-6-170/RawData/lcNGS_2025/files/P36454/P36454_382/02-FASTQ/20250916_LH00202_0275_B233JYLLT4/P36454_382_S380_L004_R2_001.fastq.gz
24.1821	P36454_382.3	P36454P3	ILLUMINA	/cfs/klemming/projects/supr/snic2020-6-170/RawData/lcNGS_2025/files/P36454/P36454_382/02-FASTQ/20250916_LH00202_0275_B233JYLLT4/P36454_382_S380_L003_R1_001.fastq.gz	/cfs/klemming/projects/supr/snic2020-6-170/RawData/lcNGS_2025/files/P36454/P36454_382/02-FASTQ/20250916_LH00202_0275_B233JYLLT4/P36454_382_S380_L003_R2_001.fastq.gz
24.1894	P36454_383.4	P36454P3	ILLUMINA	/cfs/klemming/projects/supr/snic2020-6-170/RawData/lcNGS_2025/files/P36454/P36454_383/02-FASTQ/20250916_LH00202_0275_B233JYLLT4/P36454_383_S381_L004_R1_001.fastq.gz	/cfs/klemming/projects/supr/snic2020-6-170/RawData/lcNGS_2025/files/P36454/P36454_383/02-FASTQ/20250916_LH00202_0275_B233JYLLT4/P36454_383_S381_L004_R2_001.fastq.gz
24.1894	P36454_383.3	P36454P3	ILLUMINA	/cfs/klemming/projects/supr/snic2020-6-170/RawData/lcNGS_2025/files/P36454/P36454_383/02-FASTQ/20250916_LH00202_0275_B233JYLLT4/P36454_383_S381_L003_R1_001.fastq.gz	/cfs/klemming/projects/supr/snic2020-6-170/RawData/lcNGS_2025/files/P36454/P36454_383/02-FASTQ/20250916_LH00202_0275_B233JYLLT4/P36454_383_S381_L003_R2_001.fastq.gz
24.1894	P36454_383.2	P36454P3	ILLUMINA	/cfs/klemming/projects/supr/snic2020-6-170/RawData/lcNGS_2025/files/P36454/P36454_383/02-FASTQ/20250916_LH00202_0275_B233JYLLT4/P36454_383_S381_L002_R1_001.fastq.gz	/cfs/klemming/projects/supr/snic2020-6-170/RawData/lcNGS_2025/files/P36454/P36454_383/02-FASTQ/20250916_LH00202_0275_B233JYLLT4/P36454_383_S381_L002_R2_001.fastq.gz
24.1899	P36454_384.4	P36454P3	ILLUMINA	/cfs/klemming/projects/supr/snic2020-6-170/RawData/lcNGS_2025/files/P36454/P36454_384/02-FASTQ/20250916_LH00202_0275_B233JYLLT4/P36454_384_S382_L004_R1_001.fastq.gz	/cfs/klemming/projects/supr/snic2020-6-170/RawData/lcNGS_2025/files/P36454/P36454_384/02-FASTQ/20250916_LH00202_0275_B233JYLLT4/P36454_384_S382_L004_R2_001.fastq.gz
24.1899	P36454_384.2	P36454P3	ILLUMINA	/cfs/klemming/projects/supr/snic2020-6-170/RawData/lcNGS_2025/files/P36454/P36454_384/02-FASTQ/20250916_LH00202_0275_B233JYLLT4/P36454_384_S382_L002_R1_001.fastq.gz	/cfs/klemming/projects/supr/snic2020-6-170/RawData/lcNGS_2025/files/P36454/P36454_384/02-FASTQ/20250916_LH00202_0275_B233JYLLT4/P36454_384_S382_L002_R2_001.fastq.gz
24.1899	P36454_384.3	P36454P3	ILLUMINA	/cfs/klemming/projects/supr/snic2020-6-170/RawData/lcNGS_2025/files/P36454/P36454_384/02-FASTQ/20250916_LH00202_0275_B233JYLLT4/P36454_384_S382_L003_R1_001.fastq.gz	/cfs/klemming/projects/supr/snic2020-6-170/RawData/lcNGS_2025/files/P36454/P36454_384/02-FASTQ/20250916_LH00202_0275_B233JYLLT4/P36454_384_S382_L003_R2_001.fastq.gz
24.2109	P36454_385.3	P36454P3	ILLUMINA	/cfs/klemming/projects/supr/snic2020-6-170/RawData/lcNGS_2025/files/P36454/P36454_385/02-FASTQ/20250916_LH00202_0275_B233JYLLT4/P36454_385_S383_L003_R1_001.fastq.gz	/cfs/klemming/projects/supr/snic2020-6-170/RawData/lcNGS_2025/files/P36454/P36454_385/02-FASTQ/20250916_LH00202_0275_B233JYLLT4/P36454_385_S383_L003_R2_001.fastq.gz
24.2109	P36454_385.4	P36454P3	ILLUMINA	/cfs/klemming/projects/supr/snic2020-6-170/RawData/lcNGS_2025/files/P36454/P36454_385/02-FASTQ/20250916_LH00202_0275_B233JYLLT4/P36454_385_S383_L004_R1_001.fastq.gz	/cfs/klemming/projects/supr/snic2020-6-170/RawData/lcNGS_2025/files/P36454/P36454_385/02-FASTQ/20250916_LH00202_0275_B233JYLLT4/P36454_385_S383_L004_R2_001.fastq.gz
24.2109	P36454_385.2	P36454P3	ILLUMINA	/cfs/klemming/projects/supr/snic2020-6-170/RawData/lcNGS_2025/files/P36454/P36454_385/02-FASTQ/20250916_LH00202_0275_B233JYLLT4/P36454_385_S383_L002_R1_001.fastq.gz	/cfs/klemming/projects/supr/snic2020-6-170/RawData/lcNGS_2025/files/P36454/P36454_385/02-FASTQ/20250916_LH00202_0275_B233JYLLT4/P36454_385_S383_L002_R2_001.fastq.gz
24.2163	P36454_386.4	P36454P3	ILLUMINA	/cfs/klemming/projects/supr/snic2020-6-170/RawData/lcNGS_2025/files/P36454/P36454_386/02-FASTQ/20250916_LH00202_0275_B233JYLLT4/P36454_386_S384_L004_R1_001.fastq.gz	/cfs/klemming/projects/supr/snic2020-6-170/RawData/lcNGS_2025/files/P36454/P36454_386/02-FASTQ/20250916_LH00202_0275_B233JYLLT4/P36454_386_S384_L004_R2_001.fastq.gz
24.2163	P36454_386.3	P36454P3	ILLUMINA	/cfs/klemming/projects/supr/snic2020-6-170/RawData/lcNGS_2025/files/P36454/P36454_386/02-FASTQ/20250916_LH00202_0275_B233JYLLT4/P36454_386_S384_L003_R1_001.fastq.gz	/cfs/klemming/projects/supr/snic2020-6-170/RawData/lcNGS_2025/files/P36454/P36454_386/02-FASTQ/20250916_LH00202_0275_B233JYLLT4/P36454_386_S384_L003_R2_001.fastq.gz
24.2163	P36454_386.2	P36454P3	ILLUMINA	/cfs/klemming/projects/supr/snic2020-6-170/RawData/lcNGS_2025/files/P36454/P36454_386/02-FASTQ/20250916_LH00202_0275_B233JYLLT4/P36454_386_S384_L002_R1_001.fastq.gz	/cfs/klemming/projects/supr/snic2020-6-170/RawData/lcNGS_2025/files/P36454/P36454_386/02-FASTQ/20250916_LH00202_0275_B233JYLLT4/P36454_386_S384_L002_R2_001.fastq.gz
22.652	P36454_387.2	P36454P3	ILLUMINA	/cfs/klemming/projects/supr/snic2020-6-170/RawData/lcNGS_2025/files/P36454/P36454_387/02-FASTQ/20250916_LH00202_0275_B233JYLLT4/P36454_387_S385_L002_R1_001.fastq.gz	/cfs/klemming/projects/supr/snic2020-6-170/RawData/lcNGS_2025/files/P36454/P36454_387/02-FASTQ/20250916_LH00202_0275_B233JYLLT4/P36454_387_S385_L002_R2_001.fastq.gz
22.652	P36454_387.3	P36454P3	ILLUMINA	/cfs/klemming/projects/supr/snic2020-6-170/RawData/lcNGS_2025/files/P36454/P36454_387/02-FASTQ/20250916_LH00202_0275_B233JYLLT4/P36454_387_S385_L003_R1_001.fastq.gz	/cfs/klemming/projects/supr/snic2020-6-170/RawData/lcNGS_2025/files/P36454/P36454_387/02-FASTQ/20250916_LH00202_0275_B233JYLLT4/P36454_387_S385_L003_R2_001.fastq.gz
22.652	P36454_387.4	P36454P3	ILLUMINA	/cfs/klemming/projects/supr/snic2020-6-170/RawData/lcNGS_2025/files/P36454/P36454_387/02-FASTQ/20250916_LH00202_0275_B233JYLLT4/P36454_387_S385_L004_R1_001.fastq.gz	/cfs/klemming/projects/supr/snic2020-6-170/RawData/lcNGS_2025/files/P36454/P36454_387/02-FASTQ/20250916_LH00202_0275_B233JYLLT4/P36454_387_S385_L004_R2_001.fastq.gz
22.1789	P36454_388.2	P36454P3	ILLUMINA	/cfs/klemming/projects/supr/snic2020-6-170/RawData/lcNGS_2025/files/P36454/P36454_388/02-FASTQ/20250916_LH00202_0275_B233JYLLT4/P36454_388_S386_L002_R1_001.fastq.gz	/cfs/klemming/projects/supr/snic2020-6-170/RawData/lcNGS_2025/files/P36454/P36454_388/02-FASTQ/20250916_LH00202_0275_B233JYLLT4/P36454_388_S386_L002_R2_001.fastq.gz
22.1789	P36454_388.4	P36454P3	ILLUMINA	/cfs/klemming/projects/supr/snic2020-6-170/RawData/lcNGS_2025/files/P36454/P36454_388/02-FASTQ/20250916_LH00202_0275_B233JYLLT4/P36454_388_S386_L004_R1_001.fastq.gz	/cfs/klemming/projects/supr/snic2020-6-170/RawData/lcNGS_2025/files/P36454/P36454_388/02-FASTQ/20250916_LH00202_0275_B233JYLLT4/P36454_388_S386_L004_R2_001.fastq.gz
22.1789	P36454_388.3	P36454P3	ILLUMINA	/cfs/klemming/projects/supr/snic2020-6-170/RawData/lcNGS_2025/files/P36454/P36454_388/02-FASTQ/20250916_LH00202_0275_B233JYLLT4/P36454_388_S386_L003_R1_001.fastq.gz	/cfs/klemming/projects/supr/snic2020-6-170/RawData/lcNGS_2025/files/P36454/P36454_388/02-FASTQ/20250916_LH00202_0275_B233JYLLT4/P36454_388_S386_L003_R2_001.fastq.gz
23.1270	P36454_389.2	P36454P3	ILLUMINA	/cfs/klemming/projects/supr/snic2020-6-170/RawData/lcNGS_2025/files/P36454/P36454_389/02-FASTQ/20250916_LH00202_0275_B233JYLLT4/P36454_389_S387_L002_R1_001.fastq.gz	/cfs/klemming/projects/supr/snic2020-6-170/RawData/lcNGS_2025/files/P36454/P36454_389/02-FASTQ/20250916_LH00202_0275_B233JYLLT4/P36454_389_S387_L002_R2_001.fastq.gz
23.1270	P36454_389.3	P36454P3	ILLUMINA	/cfs/klemming/projects/supr/snic2020-6-170/RawData/lcNGS_2025/files/P36454/P36454_389/02-FASTQ/20250916_LH00202_0275_B233JYLLT4/P36454_389_S387_L003_R1_001.fastq.gz	/cfs/klemming/projects/supr/snic2020-6-170/RawData/lcNGS_2025/files/P36454/P36454_389/02-FASTQ/20250916_LH00202_0275_B233JYLLT4/P36454_389_S387_L003_R2_001.fastq.gz
23.1270	P36454_389.4	P36454P3	ILLUMINA	/cfs/klemming/projects/supr/snic2020-6-170/RawData/lcNGS_2025/files/P36454/P36454_389/02-FASTQ/20250916_LH00202_0275_B233JYLLT4/P36454_389_S387_L004_R1_001.fastq.gz	/cfs/klemming/projects/supr/snic2020-6-170/RawData/lcNGS_2025/files/P36454/P36454_389/02-FASTQ/20250916_LH00202_0275_B233JYLLT4/P36454_389_S387_L004_R2_001.fastq.gz
23.1193	P36454_390.2	P36454P3	ILLUMINA	/cfs/klemming/projects/supr/snic2020-6-170/RawData/lcNGS_2025/files/P36454/P36454_390/02-FASTQ/20250916_LH00202_0275_B233JYLLT4/P36454_390_S388_L002_R1_001.fastq.gz	/cfs/klemming/projects/supr/snic2020-6-170/RawData/lcNGS_2025/files/P36454/P36454_390/02-FASTQ/20250916_LH00202_0275_B233JYLLT4/P36454_390_S388_L002_R2_001.fastq.gz
23.1193	P36454_390.3	P36454P3	ILLUMINA	/cfs/klemming/projects/supr/snic2020-6-170/RawData/lcNGS_2025/files/P36454/P36454_390/02-FASTQ/20250916_LH00202_0275_B233JYLLT4/P36454_390_S388_L003_R1_001.fastq.gz	/cfs/klemming/projects/supr/snic2020-6-170/RawData/lcNGS_2025/files/P36454/P36454_390/02-FASTQ/20250916_LH00202_0275_B233JYLLT4/P36454_390_S388_L003_R2_001.fastq.gz
23.1193	P36454_390.4	P36454P3	ILLUMINA	/cfs/klemming/projects/supr/snic2020-6-170/RawData/lcNGS_2025/files/P36454/P36454_390/02-FASTQ/20250916_LH00202_0275_B233JYLLT4/P36454_390_S388_L004_R1_001.fastq.gz	/cfs/klemming/projects/supr/snic2020-6-170/RawData/lcNGS_2025/files/P36454/P36454_390/02-FASTQ/20250916_LH00202_0275_B233JYLLT4/P36454_390_S388_L004_R2_001.fastq.gz
L23.581	P36454_391.3	P36454P3	ILLUMINA	/cfs/klemming/projects/supr/snic2020-6-170/RawData/lcNGS_2025/files/P36454/P36454_391/02-FASTQ/20250916_LH00202_0275_B233JYLLT4/P36454_391_S389_L003_R1_001.fastq.gz	/cfs/klemming/projects/supr/snic2020-6-170/RawData/lcNGS_2025/files/P36454/P36454_391/02-FASTQ/20250916_LH00202_0275_B233JYLLT4/P36454_391_S389_L003_R2_001.fastq.gz
L23.581	P36454_391.2	P36454P3	ILLUMINA	/cfs/klemming/projects/supr/snic2020-6-170/RawData/lcNGS_2025/files/P36454/P36454_391/02-FASTQ/20250916_LH00202_0275_B233JYLLT4/P36454_391_S389_L002_R1_001.fastq.gz	/cfs/klemming/projects/supr/snic2020-6-170/RawData/lcNGS_2025/files/P36454/P36454_391/02-FASTQ/20250916_LH00202_0275_B233JYLLT4/P36454_391_S389_L002_R2_001.fastq.gz
L23.581	P36454_391.4	P36454P3	ILLUMINA	/cfs/klemming/projects/supr/snic2020-6-170/RawData/lcNGS_2025/files/P36454/P36454_391/02-FASTQ/20250916_LH00202_0275_B233JYLLT4/P36454_391_S389_L004_R1_001.fastq.gz	/cfs/klemming/projects/supr/snic2020-6-170/RawData/lcNGS_2025/files/P36454/P36454_391/02-FASTQ/20250916_LH00202_0275_B233JYLLT4/P36454_391_S389_L004_R2_001.fastq.gz
L23.630	P36454_392.3	P36454P3	ILLUMINA	/cfs/klemming/projects/supr/snic2020-6-170/RawData/lcNGS_2025/files/P36454/P36454_392/02-FASTQ/20250916_LH00202_0275_B233JYLLT4/P36454_392_S390_L003_R1_001.fastq.gz	/cfs/klemming/projects/supr/snic2020-6-170/RawData/lcNGS_2025/files/P36454/P36454_392/02-FASTQ/20250916_LH00202_0275_B233JYLLT4/P36454_392_S390_L003_R2_001.fastq.gz
L23.630	P36454_392.2	P36454P3	ILLUMINA	/cfs/klemming/projects/supr/snic2020-6-170/RawData/lcNGS_2025/files/P36454/P36454_392/02-FASTQ/20250916_LH00202_0275_B233JYLLT4/P36454_392_S390_L002_R1_001.fastq.gz	/cfs/klemming/projects/supr/snic2020-6-170/RawData/lcNGS_2025/files/P36454/P36454_392/02-FASTQ/20250916_LH00202_0275_B233JYLLT4/P36454_392_S390_L002_R2_001.fastq.gz
L23.630	P36454_392.4	P36454P3	ILLUMINA	/cfs/klemming/projects/supr/snic2020-6-170/RawData/lcNGS_2025/files/P36454/P36454_392/02-FASTQ/20250916_LH00202_0275_B233JYLLT4/P36454_392_S390_L004_R1_001.fastq.gz	/cfs/klemming/projects/supr/snic2020-6-170/RawData/lcNGS_2025/files/P36454/P36454_392/02-FASTQ/20250916_LH00202_0275_B233JYLLT4/P36454_392_S390_L004_R2_001.fastq.gz
22.975	P36454_393.2	P36454P3	ILLUMINA	/cfs/klemming/projects/supr/snic2020-6-170/RawData/lcNGS_2025/files/P36454/P36454_393/02-FASTQ/20250916_LH00202_0275_B233JYLLT4/P36454_393_S391_L002_R1_001.fastq.gz	/cfs/klemming/projects/supr/snic2020-6-170/RawData/lcNGS_2025/files/P36454/P36454_393/02-FASTQ/20250916_LH00202_0275_B233JYLLT4/P36454_393_S391_L002_R2_001.fastq.gz
22.975	P36454_393.4	P36454P3	ILLUMINA	/cfs/klemming/projects/supr/snic2020-6-170/RawData/lcNGS_2025/files/P36454/P36454_393/02-FASTQ/20250916_LH00202_0275_B233JYLLT4/P36454_393_S391_L004_R1_001.fastq.gz	/cfs/klemming/projects/supr/snic2020-6-170/RawData/lcNGS_2025/files/P36454/P36454_393/02-FASTQ/20250916_LH00202_0275_B233JYLLT4/P36454_393_S391_L004_R2_001.fastq.gz
22.975	P36454_393.3	P36454P3	ILLUMINA	/cfs/klemming/projects/supr/snic2020-6-170/RawData/lcNGS_2025/files/P36454/P36454_393/02-FASTQ/20250916_LH00202_0275_B233JYLLT4/P36454_393_S391_L003_R1_001.fastq.gz	/cfs/klemming/projects/supr/snic2020-6-170/RawData/lcNGS_2025/files/P36454/P36454_393/02-FASTQ/20250916_LH00202_0275_B233JYLLT4/P36454_393_S391_L003_R2_001.fastq.gz
22.1234	P36454_394.2	P36454P3	ILLUMINA	/cfs/klemming/projects/supr/snic2020-6-170/RawData/lcNGS_2025/files/P36454/P36454_394/02-FASTQ/20250916_LH00202_0275_B233JYLLT4/P36454_394_S392_L002_R1_001.fastq.gz	/cfs/klemming/projects/supr/snic2020-6-170/RawData/lcNGS_2025/files/P36454/P36454_394/02-FASTQ/20250916_LH00202_0275_B233JYLLT4/P36454_394_S392_L002_R2_001.fastq.gz
22.1234	P36454_394.3	P36454P3	ILLUMINA	/cfs/klemming/projects/supr/snic2020-6-170/RawData/lcNGS_2025/files/P36454/P36454_394/02-FASTQ/20250916_LH00202_0275_B233JYLLT4/P36454_394_S392_L003_R1_001.fastq.gz	/cfs/klemming/projects/supr/snic2020-6-170/RawData/lcNGS_2025/files/P36454/P36454_394/02-FASTQ/20250916_LH00202_0275_B233JYLLT4/P36454_394_S392_L003_R2_001.fastq.gz
22.1234	P36454_394.4	P36454P3	ILLUMINA	/cfs/klemming/projects/supr/snic2020-6-170/RawData/lcNGS_2025/files/P36454/P36454_394/02-FASTQ/20250916_LH00202_0275_B233JYLLT4/P36454_394_S392_L004_R1_001.fastq.gz	/cfs/klemming/projects/supr/snic2020-6-170/RawData/lcNGS_2025/files/P36454/P36454_394/02-FASTQ/20250916_LH00202_0275_B233JYLLT4/P36454_394_S392_L004_R2_001.fastq.gz
